5.5770,-0.0241,0.1489,6.2739,-0.1564,0.2468,7.1381,-0.3061,0.3577,6.4255,-0.2094,0.2531,6.2758,-0.1600,0.2505,6.3263,-0.2212,0.2628,6.2285,-0.2354,0.2665,8.6071,-0.4953,0.3182,8.1642,-0.4432,0.3328,9.6925,-0.6205,0.2899,10.7063,-0.7130,0.2367,6.2847,-0.1601,0.2530,6.3436,-0.1778,0.2508,6.4548,-0.2134,0.2520,6.6217,-0.2345,0.2456,6.3429,-0.2197,0.2626,6.2173,-0.2371,0.2670,6.2051,-0.2385,0.2668,6.3177,-0.2222,0.2629,7.2669,-0.3213,0.3546,7.4050,-0.3434,0.3511,7.4224,-0.3439,0.3487,7.9065,-0.4087,0.3412,8.1267,-0.4489,0.3341,8.6129,-0.4951,0.3209,9.0578,-0.5475,0.3005,9.6948,-0.6164,0.2786,9.6991,-0.6200,0.2938,9.6451,-0.6332,0.2927,10.4455,-0.6931,0.2359,10.6866,-0.7148,0.2274,10.7125,-0.7124,0.2408,10.7130,-0.7124,0.2398,6.2654,-0.1629,0.2502,7.3719,-0.3385,0.3514,8.1642,-0.4432,0.3328
0.0446,4.6585,-0.0415,0.0873,5.0601,-0.1510,0.1168,5.2737,-0.2066,0.0539,5.5141,-0.2742,0.0817,5.1381,-0.1715,0.0174,5.9516,-0.3932,-0.0228,6.4681,-0.4777,0.1268,5.4600,-0.2893,0.1211,5.4393,-0.2760,0.1359,5.5544,-0.3417,0.1579,5.5087,-0.3385,0.0818,5.1259,-0.1731,0.0739,5.2339,-0.2021,0.0540,5.5220,-0.2750,0.0562,5.5373,-0.2743,0.0218,5.8924,-0.3798,-0.0273,6.5273,-0.4877,-0.0316,6.5848,-0.4957,0.0145,5.9903,-0.3996,0.1168,5.3016,-0.2134,0.1155,5.3545,-0.2248,0.1174,5.3367,-0.2196,0.1201,5.3914,-0.2592,0.1140,5.5444,-0.3015,0.1270,5.4524,-0.2910,0.1326,5.4872,-0.3016,0.1403,5.5183,-0.3241,0.1361,5.5451,-0.3443,0.1236,5.7047,-0.3687,0.1531,5.5394,-0.3294,0.1573,5.5328,-0.3335,0.1581,5.4997,-0.3410,0.1581,5.5007,-0.3401,0.0770,5.2175,-0.1859,0.1167,5.3324,-0.2197,0.1211,5.4393,-0.2760
-0.0927,0.0720,8.6885,-0.2937,0.1113,9.8736,-0.4958,0.1454,10.8832,-0.3646,0.0729,10.4027,-0.3125,0.0968,10.0828,-0.4043,0.0459,10.8503,-0.4101,0.0440,11.0182,-0.8206,-0.0122,12.3279,-0.7317,0.0273,11.9811,-1.0695,-0.1289,13.5088,-1.2470,-0.1780,13.8691,-0.3238,0.0869,10.2036,-0.3327,0.0889,10.1644,-0.3659,0.0731,10.3952,-0.3729,0.0740,10.3511,-0.4050,0.0448,10.8401,-0.4109,0.0435,11.0395,-0.4093,0.0460,11.0292,-0.4040,0.0466,10.8546,-0.5130,0.1360,10.9790,-0.5306,0.1288,11.0476,-0.5269,0.1327,10.9889,-0.6784,0.0512,11.7606,-0.7295,0.0305,12.0008,-0.8284,-0.0201,12.4200,-0.9045,-0.0450,12.6140,-1.0435,-0.1038,13.1748,-1.0802,-0.1392,13.6358,-1.0653,-0.1258,13.5284,-1.1598,-0.1325,13.3981,-1.2134,-0.1536,13.6030,-1.2583,-0.1881,13.9977,-1.2581,-0.1864,13.9578,-0.3124,0.0984,10.0906,-0.5243,0.1324,11.0014,-0.7317,0.0273,11.9812
5.7177,-0.0814,0.2945,7.7203,-0.5061,0.4307,8.7075,-0.6795,0.5740,7.8969,-0.5856,0.4510,7.7220,-0.5145,0.4399,7.7846,-0.6209,0.4766,7.6768,-0.6635,0.4878,10.3875,-0.8901,0.5445,9.8807,-0.8339,0.5586,11.6278,-1.0284,0.5255,12.7894,-1.1233,0.4620,7.7310,-0.5142,0.4452,7.8005,-0.5379,0.4422,7.9312,-0.5902,0.4492,8.1265,-0.6129,0.4392,7.8029,-0.6164,0.4755,7.6645,-0.6684,0.4892,7.6512,-0.6729,0.4891,7.7752,-0.6240,0.4770,8.8570,-0.6970,0.5714,9.0168,-0.7230,0.5675,9.0372,-0.7225,0.5633,9.5854,-0.7948,0.5661,9.8391,-0.8452,0.5617,10.3934,-0.8896,0.5494,10.9040,-0.9467,0.5256,11.6323,-1.0215,0.5059,11.6343,-1.0276,0.5324,11.5752,-1.0501,0.5303,12.4943,-1.1033,0.4542,12.7696,-1.1261,0.4463,12.7954,-1.1224,0.4689,12.7961,-1.1224,0.4672,7.7112,-0.5216,0.4403,8.9783,-0.7166,0.5671,9.8807,-0.8339,0.5586
0.1423,4.7117,-0.1836,0.0756,6.2694,-0.6847,0.1290,6.5028,-0.7832,0.0351,6.7932,-0.8364,0.0688,6.3622,-0.7154,-0.0133,7.3021,-0.9805,-0.0657,7.9066,-1.0761,0.1718,6.7086,-0.9310,0.1556,6.6879,-0.9024,0.2065,6.8132,-1.0364,0.2545,6.7514,-1.0481,0.0696,6.3490,-0.7225,0.0599,6.4706,-0.7506,0.0355,6.8019,-0.8368,0.0399,6.8165,-0.8340,-0.0072,7.2337,-0.9661,-0.0715,7.9758,-1.0874,-0.0773,8.0427,-1.0953,-0.0171,7.3472,-0.9874,0.1308,6.5343,-0.7946,0.1313,6.5938,-0.8093,0.1338,6.5723,-0.8014,0.1492,6.6346,-0.8756,0.1450,6.8090,-0.9299,0.1724,6.7005,-0.9369,0.1880,6.7364,-0.9560,0.2111,6.7686,-1.0035,0.2073,6.8033,-1.0448,0.1896,6.9881,-1.0651,0.2413,6.7858,-1.0184,0.2520,6.7771,-1.0315,0.2554,6.7419,-1.0564,0.2554,6.7429,-1.0536,0.0622,6.4547,-0.7306,0.1323,6.5682,-0.8020,0.1556,6.6879,-0.9024
-0.1648,0.1416,8.9822,-0.6866,0.0156,11.6311,-0.9441,0.0568,12.7683,-0.7671,-0.0265,12.2217,-0.7063,-0.0016,11.8682,-0.8039,-0.0569,12.7175,-0.8055,-0.0590,12.8991,-1.3534,-0.1218,14.4180,-1.2394,-0.0772,14.0204,-1.6658,-0.2551,15.7688,-1.9002,-0.3094,16.1867,-0.7185,-0.0135,12.0065,-0.7304,-0.0098,11.9573,-0.7697,-0.0260,12.2134,-0.7848,-0.0238,12.1650,-0.8054,-0.0585,12.7075,-0.8059,-0.0594,12.9222,-0.8036,-0.0565,12.9095,-0.8032,-0.0560,12.7216,-0.9679,0.0465,12.8785,-0.9924,0.0390,12.9570,-0.9894,0.0437,12.8906,-1.1715,-0.0505,13.7687,-1.2352,-0.0729,14.0397,-1.3619,-0.1312,14.5232,-1.4625,-0.1584,14.7467,-1.6385,-0.2253,15.3886,-1.6774,-0.2673,15.9139,-1.6590,-0.2512,15.7873,-1.7956,-0.2560,15.6490,-1.8635,-0.2802,15.8839,-1.9124,-0.3213,16.3337,-1.9123,-0.3193,16.2877,-0.7058,0.0004,11.8754,-0.9844,0.0431,12.9044,-1.2394,-0.0772,14.0205
5.8841,-0.1092,0.4254,7.9535,-0.5523,0.5884,10.8083,-1.1208,0.7712,8.1363,-0.6376,0.6143,7.9553,-0.5616,0.6000,8.0202,-0.6765,0.6446,7.9087,-0.7231,0.6574,12.7690,-1.3570,0.7462,12.1772,-1.2957,0.7618,14.2152,-1.5108,0.7323,15.5738,-1.6089,0.6527,7.9647,-0.5614,0.6067,8.0365,-0.5865,0.6030,8.1718,-0.6424,0.6125,8.3736,-0.6660,0.6018,8.0392,-0.6716,0.6434,7.8960,-0.7284,0.6590,7.8822,-0.7334,0.6588,8.0104,-0.6799,0.6450,10.9853,-1.1411,0.7685,11.1739,-1.1719,0.7636,11.1984,-1.1701,0.7573,11.8318,-1.2512,0.7695,12.1300,-1.3139,0.7673,12.7749,-1.3562,0.7534,13.3730,-1.4190,0.7239,14.2227,-1.5009,0.7035,14.2216,-1.5097,0.7423,14.1558,-1.5433,0.7399,15.2330,-1.5891,0.6384,15.5539,-1.6131,0.6301,15.5796,-1.6076,0.6627,15.5806,-1.6076,0.6603,7.9441,-0.5693,0.6003,11.1281,-1.1637,0.7625,12.1772,-1.2957,0.7618
0.2505,4.6931,-0.3065,0.2033,6.2556,-0.8374,0.1032,8.0529,-1.4622,0.1655,6.7821,-0.9976,0.1967,6.3487,-0.8711,0.1169,7.2931,-1.1487,0.0640,7.8993,-1.2473,0.1847,8.2799,-1.6848,0.1559,8.2598,-1.6386,0.2496,8.3953,-1.8512,0.3286,8.3123,-1.8796,0.1976,6.3356,-0.8799,0.1888,6.4579,-0.9078,0.1663,6.7908,-0.9980,0.1729,6.8057,-0.9950,0.1231,7.2245,-1.1341,0.0581,7.9688,-1.2590,0.0523,8.0358,-1.2668,0.1130,7.3384,-1.1557,0.1071,8.0885,-1.4788,0.1095,8.1557,-1.4972,0.1127,8.1297,-1.4861,0.1434,8.2005,-1.6002,0.1410,8.4005,-1.6681,0.1859,8.2711,-1.6955,0.2132,8.3074,-1.7242,0.2546,8.3403,-1.8003,0.2513,8.3847,-1.8663,0.2269,8.6005,-1.8815,0.3053,8.3514,-1.8260,0.3236,8.3399,-1.8494,0.3303,8.3022,-1.8947,0.3303,8.3032,-1.8897,0.1901,6.4415,-0.8866,0.1104,8.1258,-1.4874,0.1559,8.2598,-1.6386
-0.2488,0.1776,9.2841,-0.8111,0.0547,12.0224,-1.5266,-0.1351,15.1840,-0.8968,0.0133,12.6337,-0.8315,0.0373,12.2677,-0.9341,-0.0163,13.1467,-0.9348,-0.0162,13.3348,-2.0419,-0.3409,17.0899,-1.8963,-0.2899,16.6286,-2.4339,-0.4954,18.6533,-2.7407,-0.5551,19.1440,-0.8442,0.0250,12.4107,-0.8574,0.0293,12.3599,-0.9000,0.0139,12.6251,-0.9179,0.0163,12.5751,-0.9358,-0.0183,13.1364,-0.9351,-0.0164,13.3587,-0.9326,-0.0131,13.3455,-0.9333,-0.0153,13.1510,-1.5590,-0.1469,15.3123,-1.5922,-0.1548,15.4031,-1.5901,-0.1489,15.3273,-1.8100,-0.2594,16.3379,-1.8894,-0.2849,16.6468,-2.0511,-0.3521,17.2116,-2.1828,-0.3821,17.4719,-2.4054,-0.4591,18.2154,-2.4465,-0.5100,18.8212,-2.4236,-0.4917,18.6699,-2.6145,-0.4918,18.5228,-2.7003,-0.5198,18.7955,-2.7540,-0.5695,19.3142,-2.7540,-0.5672,19.2602,-0.8309,0.0398,12.2751,-1.5819,-0.1500,15.3425,-1.8963,-0.2899,16.6287
5.8163,-0.1840,0.3438,7.8426,-0.6288,0.4923,8.8426,-0.8065,0.6393,11.1735,-0.8585,-0.3608,7.8445,-0.6386,0.5021,11.0302,-0.9245,-0.3160,10.9010,-1.0044,-0.2883,10.5455,-1.0215,0.6126,10.0319,-0.9645,0.6261,11.8026,-1.1624,0.5962,12.9794,-1.2571,0.5326,7.8537,-0.6383,0.5078,9.2109,-0.7207,0.1464,11.2181,-0.8640,-0.3636,11.4708,-0.8893,-0.3807,11.0521,-0.9153,-0.3201,10.8862,-1.0135,-0.2851,10.8708,-1.0225,-0.2827,11.0190,-0.9305,-0.3140,8.9942,-0.8246,0.6369,9.1563,-0.8515,0.6331,9.1769,-0.8506,0.6287,9.7326,-0.9245,0.6332,9.9901,-0.9775,0.6292,10.5514,-1.0210,0.6179,11.0689,-1.0788,0.5942,11.8070,-1.1547,0.5754,11.8091,-1.1616,0.6035,11.7497,-1.1866,0.6010,12.6804,-1.2371,0.5236,12.9594,-1.2600,0.5161,12.9855,-1.2561,0.5400,12.9863,-1.2561,0.5381,7.8338,-0.6470,0.5024,9.1172,-0.8447,0.6325,10.0319,-0.9645,0.6261
0.1721,4.8577,-0.2816,0.1079,6.4607,-0.8152,0.1646,6.7014,-0.9248,-0.9706,10.1435,-1.3089,0.1009,6.5565,-0.8485,-1.0421,10.8239,-1.4999,-1.1201,11.6461,-1.6175,0.2110,6.9158,-1.0899,0.1936,6.8938,-1.0572,0.2483,7.0253,-1.2091,0.2993,6.9625,-1.2247,0.1018,6.5430,-0.8569,-0.3298,7.9380,-1.0206,-0.9724,10.1538,-1.3084,-0.9783,10.1657,-1.2995,-1.0323,10.7331,-1.4827,-1.1288,11.7400,-1.6315,-1.1377,11.8304,-1.6400,-1.0480,10.8850,-1.5079,0.1667,6.7340,-0.9374,0.1674,6.7954,-0.9532,0.1700,6.7732,-0.9446,0.1866,6.8386,-1.0276,0.1827,7.0185,-1.0855,0.2116,6.9075,-1.0967,0.2283,6.9449,-1.1183,0.2531,6.9791,-1.1723,0.2492,7.0152,-1.2188,0.2309,7.2055,-1.2385,0.2853,6.9973,-1.1901,0.2966,6.9887,-1.2054,0.3002,6.9528,-1.2345,0.3002,6.9538,-1.2312,0.0942,6.6518,-0.8642,0.1684,6.7690,-0.9453,0.1936,6.8938,-1.0572
-0.2100,0.1897,9.0751,-0.7435,0.0591,11.7600,-1.0089,0.1009,12.9137,-0.9637,-1.0768,15.8307,-0.7637,0.0419,12.0006,-0.9852,-1.1541,16.4044,-0.9708,-1.2083,16.6046,-1.4319,-0.0805,14.5874,-1.3140,-0.0351,14.1841,-1.7544,-0.2157,15.9575,-1.9972,-0.2712,16.3814,-0.7761,0.0299,12.1407,-0.8458,-0.4091,13.5081,-0.9678,-1.0760,15.8207,-0.9923,-1.0694,15.7641,-0.9893,-1.1515,16.3957,-0.9693,-1.2147,16.6303,-0.9650,-1.2163,16.6124,-0.9831,-1.1567,16.4076,-1.0339,0.0903,13.0254,-1.0595,0.0827,13.1052,-1.0564,0.0874,13.0378,-1.2437,-0.0079,13.9286,-1.3098,-0.0308,14.2040,-1.4405,-0.0900,14.6940,-1.5448,-0.1177,14.9208,-1.7266,-0.1856,15.5719,-1.7663,-0.2280,16.1046,-1.7476,-0.2115,15.9767,-1.8897,-0.2171,15.8362,-1.9597,-0.2417,16.0744,-2.0096,-0.2832,16.5304,-2.0094,-0.2812,16.4837,-0.7632,0.0441,12.0081,-1.0511,0.0869,13.0518,-1.3140,-0.0351,14.1842
5.7218,-0.0984,0.3059,7.7252,-0.5252,0.4436,8.7130,-0.6991,0.5872,7.9021,-0.6058,0.4640,10.0120,-0.5449,-0.0320,7.7900,-0.6421,0.4896,7.6823,-0.6859,0.5008,10.3943,-0.9102,0.5583,9.8872,-0.8539,0.5723,11.6355,-1.0488,0.5399,12.7979,-1.1436,0.4765,10.0204,-0.5436,-0.0290,7.8055,-0.5575,0.4551,7.9365,-0.6104,0.4622,8.1319,-0.6331,0.4521,7.8083,-0.6374,0.4885,7.6700,-0.6910,0.5022,7.6567,-0.6956,0.5021,7.7806,-0.6453,0.4900,8.8626,-0.7167,0.5847,9.0225,-0.7428,0.5808,9.0429,-0.7423,0.5766,9.5916,-0.8148,0.5797,9.8456,-0.8655,0.5754,10.4002,-0.9098,0.5633,10.9111,-0.9669,0.5396,11.6400,-1.0419,0.5201,11.6420,-1.0481,0.5468,11.5830,-1.0709,0.5447,12.5026,-1.1237,0.4686,12.7781,-1.1465,0.4608,12.8039,-1.1427,0.4836,12.8046,-1.1427,0.4818,10.0009,-0.5542,-0.0301,8.9839,-0.7364,0.5804,9.8872,-0.8539,0.5723
0.1444,4.7523,-0.2116,0.0788,6.3204,-0.7214,0.1330,6.5554,-0.8227,0.0380,6.8480,-0.8750,-0.4637,8.6397,-0.8575,-0.0108,7.3606,-1.0208,-0.0636,7.9696,-1.1172,0.1765,6.7631,-0.9749,0.1600,6.7421,-0.9452,0.2118,6.8687,-1.0838,0.2605,6.8065,-1.0965,-0.4618,8.6247,-0.8676,0.0630,6.5231,-0.7883,0.0384,6.8568,-0.8754,0.0429,6.8715,-0.8726,-0.0047,7.2918,-1.0063,-0.0695,8.0393,-1.1286,-0.0753,8.1067,-1.1365,-0.0147,7.4061,-1.0277,0.1348,6.5871,-0.8344,0.1353,6.6470,-0.8493,0.1379,6.6254,-0.8412,0.1536,6.6884,-0.9177,0.1494,6.8640,-0.9728,0.1771,6.7549,-0.9810,0.1930,6.7910,-1.0007,0.2165,6.8237,-1.0498,0.2126,6.8587,-1.0925,0.1947,7.0449,-1.1126,0.2471,6.8410,-1.0655,0.2579,6.8323,-1.0791,0.2614,6.7970,-1.1052,0.2614,6.7980,-1.1022,-0.4736,8.7539,-0.8735,0.1363,6.6212,-0.8419,0.1600,6.7421,-0.9452
-0.1677,0.1496,9.0327,-0.6926,0.0219,11.6988,-0.9520,0.0634,12.8435,-0.7738,-0.0205,12.2935,-0.7337,-0.5535,14.4711,-0.8110,-0.0510,12.7927,-0.8127,-0.0531,12.9757,-1.3645,-0.1165,14.5038,-1.2497,-0.0715,14.1037,-1.6793,-0.2506,15.8633,-1.9156,-0.3053,16.2838,-0.7464,-0.5679,14.6313,-0.7367,-0.0036,12.0271,-0.7765,-0.0200,12.2851,-0.7916,-0.0179,12.2363,-0.8125,-0.0527,12.7826,-0.8130,-0.0535,12.9990,-0.8107,-0.0505,12.9863,-0.8103,-0.0502,12.7969,-0.9761,0.0529,12.9544,-1.0008,0.0454,13.0334,-0.9977,0.0501,12.9665,-1.1812,-0.0446,13.8503,-1.2455,-0.0673,14.1232,-1.3731,-0.1259,14.6097,-1.4744,-0.1533,14.8346,-1.6518,-0.2206,15.4806,-1.6911,-0.2629,16.0093,-1.6726,-0.2467,15.8820,-1.8102,-0.2516,15.7426,-1.8786,-0.2759,15.9791,-1.9279,-0.3173,16.4318,-1.9278,-0.3153,16.3854,-0.7319,-0.5552,14.4761,-0.9926,0.0495,12.9804,-1.2497,-0.0715,14.1038
5.8589,-0.2795,0.3762,7.8876,-0.7396,0.5346,8.8897,-0.9194,0.6832,11.2228,-1.0047,-0.2985,7.8897,-0.7507,0.5449,16.0106,-1.2980,-1.6242,13.7489,-1.3270,-0.9880,10.5970,-1.1359,0.6587,10.0822,-1.0790,0.6717,11.8572,-1.2777,0.6442,13.0367,-1.3709,0.5808,7.8988,-0.7503,0.5508,9.2576,-0.8458,0.1970,11.2675,-1.0103,-0.3013,11.5208,-1.0354,-0.3186,13.9209,-1.1994,-1.0373,13.7320,-1.3401,-0.9830,13.7148,-1.3532,-0.9785,15.9968,-1.3081,-1.6197,9.0418,-0.9378,0.6810,9.2044,-0.9652,0.6773,9.2250,-0.9640,0.6728,9.7820,-1.0386,0.6785,10.0405,-1.0933,0.6748,10.6029,-1.1354,0.6642,11.1217,-1.1933,0.6406,11.8616,-1.2693,0.6227,11.8638,-1.2769,0.6518,11.8046,-1.3040,0.6489,12.7371,-1.3513,0.5710,13.0167,-1.3740,0.5638,13.0427,-1.3699,0.5885,13.0435,-1.3699,0.5865,7.8791,-0.7602,0.5452,9.1651,-0.9581,0.6766,10.0822,-1.0790,0.6717
0.1778,5.0166,-0.3514,0.1154,6.6653,-0.9132,0.1748,6.9128,-1.0311,-0.9861,10.4553,-1.4425,0.1083,6.7640,-0.9486,-2.6898,16.2233,-2.1865,-2.1023,15.1080,-2.0991,0.2237,7.1344,-1.2089,0.2055,7.1116,-1.1733,0.2632,7.2478,-1.3383,0.3166,7.1832,-1.3567,0.1091,6.7502,-0.9579,-0.3316,8.1856,-1.1336,-0.9880,10.4658,-1.4419,-0.9938,10.4780,-1.4326,-1.9871,13.9735,-1.9421,-2.1137,15.2249,-2.1156,-2.1255,15.3369,-2.1246,-2.6989,16.3086,-2.1962,0.1770,6.9464,-1.0446,0.1778,7.0096,-1.0612,0.1805,6.9867,-1.0521,0.1981,7.0546,-1.1417,0.1942,7.2399,-1.2024,0.2244,7.1259,-1.2165,0.2420,7.1645,-1.2399,0.2681,7.1999,-1.2986,0.2641,7.2374,-1.3490,0.2452,7.4333,-1.3685,0.3018,7.2188,-1.3183,0.3137,7.2100,-1.3353,0.3175,7.1733,-1.3674,0.3175,7.1744,-1.3638,0.1013,6.8621,-0.9646,0.1788,6.9824,-1.0529,0.2055,7.1116,-1.1733
-0.2123,0.2325,9.0884,-0.7463,0.0950,11.7922,-1.0142,0.1369,12.9547,-0.9478,-1.0667,15.8859,-0.7667,0.0779,12.0345,-1.1499,-2.9254,21.9817,-1.0409,-2.2729,19.8477,-1.4420,-0.0459,14.6396,-1.3228,-0.0001,14.2338,-1.7681,-0.1818,16.0185,-2.0132,-0.2380,16.4447,-0.7794,0.0659,12.1755,-0.8411,-0.3836,13.5503,-0.9519,-1.0659,15.8758,-0.9763,-1.0595,15.8186,-1.0760,-2.1633,19.6231,-1.0378,-2.2849,19.8759,-1.0318,-2.2908,19.8534,-1.1457,-2.9336,21.9834,-1.0394,0.1262,13.0671,-1.0653,0.1185,13.1474,-1.0622,0.1231,13.0795,-1.2517,0.0273,13.9766,-1.3187,0.0042,14.2543,-1.4507,-0.0553,14.7469,-1.5561,-0.0834,14.9751,-1.7398,-0.1518,15.6304,-1.7801,-0.1941,16.1665,-1.7613,-0.1775,16.0384,-1.9045,-0.1839,15.8960,-1.9753,-0.2086,16.1358,-2.0258,-0.2501,16.5947,-2.0256,-0.2481,16.5478,-0.7663,0.0801,12.0423,-1.0568,0.1226,13.0936,-1.3228,-0.0001,14.2339
5.9123,-0.3551,0.3852,7.9453,-0.8282,0.5506,8.9503,-1.0094,0.6998,11.2889,-1.1245,-0.2665,7.9475,-0.8402,0.5610,13.9693,-1.3629,-0.9834,19.0546,-1.5529,-2.0188,10.6629,-1.2266,0.6753,10.1466,-1.1699,0.6884,11.9269,-1.3687,0.6609,13.1098,-1.4606,0.5971,7.9567,-0.8397,0.5671,9.3187,-0.9469,0.2196,11.3338,-1.1300,-0.2694,11.5878,-1.1550,-0.2868,13.9941,-1.3486,-0.9903,19.0341,-1.5699,-2.0118,19.0141,-1.5871,-2.0043,13.9568,-1.3722,-0.9800,9.1029,-1.0280,0.6976,9.2662,-1.0558,0.6938,9.2869,-1.0544,0.6892,9.8454,-1.1292,0.6952,10.1050,-1.1852,0.6915,10.6688,-1.2261,0.6809,11.1892,-1.2839,0.6571,11.9313,-1.3597,0.6391,11.9335,-1.3678,0.6687,11.8745,-1.3967,0.6657,12.8095,-1.4413,0.5871,13.0899,-1.4638,0.5799,13.1158,-1.4595,0.6049,13.1166,-1.4595,0.6028,7.9371,-0.8506,0.5613,9.2267,-1.0485,0.6932,10.1466,-1.1699,0.6884
0.1835,5.1786,-0.3779,0.1202,6.8787,-0.9605,0.1816,7.1339,-1.0834,-1.0138,10.7875,-1.5117,0.1128,6.9806,-0.9973,-2.0579,14.5310,-2.0519,-3.4347,21.2052,-2.4783,0.2324,7.3627,-1.2688,0.2135,7.3391,-1.2316,0.2733,7.4798,-1.4038,0.3286,7.4133,-1.4233,0.1137,6.9664,-1.0070,-0.3400,8.4467,-1.1901,-1.0157,10.7984,-1.5110,-1.0217,10.8109,-1.5014,-2.0442,14.4160,-2.0318,-3.4507,21.3606,-2.4974,-3.4675,21.5093,-2.5070,-2.0659,14.6092,-2.0612,0.1839,7.1686,-1.0975,0.1848,7.2338,-1.1147,0.1876,7.2102,-1.1052,0.2058,7.2803,-1.1986,0.2018,7.4715,-1.2615,0.2331,7.3540,-1.2767,0.2513,7.3938,-1.3011,0.2784,7.4304,-1.3624,0.2743,7.4692,-1.4151,0.2547,7.6712,-1.4350,0.3133,7.4499,-1.3831,0.3256,7.4408,-1.4009,0.3296,7.4031,-1.4346,0.3296,7.4042,-1.4308,0.1056,7.0818,-1.0138,0.1858,7.2057,-1.1060,0.2135,7.3391,-1.2316
-0.2134,0.2570,9.0580,-0.7451,0.1134,11.7641,-1.0137,0.1548,12.9279,-0.9309,-1.0663,15.8570,-0.7658,0.0963,12.0067,-1.0385,-2.1864,19.6020,-1.0037,-3.6955,25.6691,-1.4432,-0.0284,14.6138,-1.3236,0.0175,14.2079,-1.7706,-0.1644,15.9931,-2.0163,-0.2209,16.4191,-0.7784,0.0844,12.1476,-0.8336,-0.3724,13.5219,-0.9351,-1.0655,15.8469,-0.9592,-1.0593,15.7894,-1.0449,-2.1794,19.5940,-0.9985,-3.7152,25.7007,-0.9904,-3.7270,25.6700,-1.0353,-2.1925,19.6046,-1.0390,0.1441,13.0404,-1.0651,0.1362,13.1207,-1.0619,0.1408,13.0528,-1.2522,0.0450,13.9505,-1.3195,0.0216,14.2288,-1.4520,-0.0378,14.7211,-1.5577,-0.0661,14.9493,-1.7421,-0.1345,15.6048,-1.7826,-0.1767,16.1411,-1.7638,-0.1603,16.0135,-1.9073,-0.1669,15.8703,-1.9782,-0.1916,16.1100,-2.0290,-0.2329,16.5690,-2.0288,-0.2308,16.5222,-0.7654,0.0984,12.0147,-1.0565,0.1403,13.0669,-1.3236,0.0175,14.2080
6.1618,-0.1692,0.5655,8.3493,-0.6392,0.7428,11.3667,-1.2393,0.9415,8.5438,-0.7335,0.7709,8.3516,-0.6499,0.7557,8.4220,-0.7782,0.8026,8.3042,-0.8315,0.8156,17.9699,-1.6272,-0.3587,15.9991,-1.5237,0.0338,19.8442,-1.7952,-0.4638,21.6175,-1.8995,-0.6148,8.3618,-0.6497,0.7635,8.4378,-0.6771,0.7588,8.5813,-0.7387,0.7690,8.7945,-0.7639,0.7580,8.4420,-0.7726,0.8016,8.2908,-0.8376,0.8173,8.2762,-0.8432,0.8168,8.4116,-0.7821,0.8031,11.5541,-1.2613,0.9393,11.7538,-1.2946,0.9347,11.7796,-1.2925,0.9279,14.8163,-1.4505,0.2717,15.9416,-1.5499,0.0450,17.9755,-1.6248,-0.3546,18.7568,-1.6966,-0.4144,19.8599,-1.7852,-0.4846,19.8499,-1.7918,-0.4584,19.7686,-1.8419,-0.4463,21.1818,-1.8854,-0.6026,21.5982,-1.9098,-0.6305,21.6225,-1.8959,-0.6097,21.6242,-1.8961,-0.6095,8.3397,-0.6586,0.7559,11.7054,-1.2857,0.9333,15.9991,-1.5237,0.0339
0.3697,4.7187,-0.5850,0.3337,6.2935,-1.1716,0.2475,8.1036,-1.8594,0.2973,6.8276,-1.3461,0.3272,6.3881,-1.2109,0.2487,7.3447,-1.5083,0.1958,7.9568,-1.6111,-1.0318,12.1694,-2.5602,-0.6627,11.0656,-2.3836,-0.9888,12.2990,-2.8123,-0.9290,12.1591,-2.8518,0.3281,6.3751,-1.2229,0.3198,6.4991,-1.2498,0.2983,6.8365,-1.3464,0.3062,6.8520,-1.3428,0.2549,7.2754,-1.4934,0.1899,8.0269,-1.6233,0.1841,8.0946,-1.6308,0.2448,7.3904,-1.5154,0.2521,8.1403,-1.8792,0.2552,8.2089,-1.9001,0.2586,8.1826,-1.8874,-0.4287,10.3170,-2.2613,-0.6835,11.2397,-2.4176,-1.0287,12.1588,-2.5790,-1.0148,12.1927,-2.6164,-0.9858,12.2206,-2.7310,-0.9847,12.2862,-2.8383,-1.0224,12.5762,-2.8480,-0.9563,12.2132,-2.7611,-0.9409,12.1929,-2.7980,-0.9247,12.1470,-2.8778,-0.9250,12.1479,-2.8697,0.3208,6.4817,-1.2266,0.2558,8.1785,-1.8889,-0.6627,11.0656,-2.3837
-0.4880,0.2170,9.9366,-1.1309,0.1014,12.8419,-1.9536,-0.0800,16.1948,-1.2263,0.0584,13.4920,-1.1525,0.0832,13.1028,-1.2634,0.0280,14.0366,-1.2623,0.0299,14.2360,-2.8762,-1.6681,23.0615,-2.6054,-1.2284,21.1670,-3.4190,-1.8656,25.0684,-3.8661,-1.9198,25.7065,-1.1660,0.0699,13.2549,-1.1819,0.0748,13.2008,-1.2306,0.0591,13.4829,-1.2547,0.0617,13.4304,-1.2655,0.0258,14.0257,-1.2623,0.0299,14.2614,-1.2595,0.0336,14.2474,-1.2624,0.0292,14.0411,-1.9920,-0.0925,16.3318,-2.0314,-0.1007,16.4289,-2.0298,-0.0946,16.3483,-2.4466,-0.9516,19.9918,-2.5922,-1.2291,21.1829,-2.8870,-1.6831,23.2187,-3.0775,-1.7158,23.5534,-3.3889,-1.8102,24.5075,-3.4340,-1.8851,25.2851,-3.3981,-1.8778,25.0792,-3.6969,-1.8391,24.9098,-3.8174,-1.8722,25.2612,-3.8819,-1.9390,25.9262,-3.8821,-1.9359,25.8551,-1.1518,0.0860,13.1106,-2.0194,-0.0957,16.3644,-2.6054,-1.2284,21.1671
6.0838,-0.1604,0.5306,8.2375,-0.6239,0.7048,11.2081,-1.2161,0.9001,8.4288,-0.7161,0.7323,8.2396,-0.6342,0.7174,8.3086,-0.7596,0.7637,8.1927,-0.8116,0.7767,16.4893,-1.5663,-0.0316,15.7707,-1.5009,0.0084,18.2412,-1.7303,-0.1101,19.8959,-1.8325,-0.2406,8.2496,-0.6341,0.7249,8.3244,-0.6609,0.7204,8.4657,-0.7212,0.7304,8.6756,-0.7459,0.7196,8.3284,-0.7542,0.7627,8.1795,-0.8176,0.7783,8.1652,-0.8231,0.7779,8.2984,-0.7634,0.7642,11.3926,-1.2377,0.8978,11.5891,-1.2702,0.8931,11.6145,-1.2682,0.8864,14.6057,-1.4275,0.2421,15.7142,-1.5267,0.0195,16.4950,-1.5643,-0.0266,17.2239,-1.6335,-0.0776,18.2546,-1.7202,-0.1334,18.2471,-1.7275,-0.1033,18.1703,-1.7732,-0.0955,19.4874,-1.8168,-0.2362,19.8765,-1.8411,-0.2584,19.9011,-1.8295,-0.2340,19.9026,-1.8297,-0.2346,8.2280,-0.6428,0.7176,11.5415,-1.2615,0.8918,15.7707,-1.5009,0.0084
0.3369,4.7261,-0.5171,0.2983,6.3011,-1.0913,0.2089,8.1118,-1.7653,0.2614,6.8344,-1.2625,0.2918,6.3956,-1.1293,0.2126,7.3512,-1.4222,0.1596,7.9632,-1.5241,-0.6817,11.0899,-2.3366,-0.7039,11.0741,-2.2738,-0.6319,11.2160,-2.5662,-0.5660,11.0920,-2.6032,0.2926,6.3826,-1.1405,0.2842,6.5063,-1.1676,0.2623,6.8433,-1.2628,0.2699,6.8587,-1.2593,0.2189,7.2819,-1.4074,0.1536,8.0333,-1.5362,0.1478,8.1010,-1.5438,0.2088,7.3969,-1.4293,0.2133,8.1484,-1.7843,0.2162,8.2167,-1.8046,0.2196,8.1904,-1.7922,-0.4693,10.3253,-2.1551,-0.7248,11.2482,-2.3077,-0.6792,11.0799,-2.3532,-0.6612,11.1146,-2.3885,-0.6283,11.1440,-2.4931,-0.6284,11.2038,-2.5894,-0.6625,11.4732,-2.6004,-0.5923,11.1419,-2.5223,-0.5760,11.1241,-2.5557,-0.5625,11.0804,-2.6263,-0.5627,11.0814,-2.6190,0.2853,6.4892,-1.1449,0.2169,8.1864,-1.7937,-0.7039,11.0741,-2.2738
-0.4204,0.2101,9.7615,-1.0409,0.0918,12.6237,-1.8337,-0.0929,15.9271,-1.1338,0.0493,13.2639,-1.0622,0.0738,12.8805,-1.1710,0.0190,13.8005,-1.1705,0.0205,13.9971,-2.6361,-1.2904,21.3784,-2.4472,-1.2324,20.8222,-3.1365,-1.4759,23.2614,-3.5439,-1.5317,23.8582,-1.0755,0.0608,13.0303,-1.0907,0.0655,12.9771,-1.1377,0.0499,13.2549,-1.1601,0.0524,13.2030,-1.1730,0.0169,13.7897,-1.1706,0.0204,14.0221,-1.1679,0.0241,14.0083,-1.1701,0.0202,13.8049,-1.8704,-0.1052,16.0619,-1.9081,-0.1134,16.1573,-1.9064,-0.1073,16.0780,-2.2981,-0.9576,19.6653,-2.4343,-1.2333,20.8380,-2.6464,-1.3044,21.5257,-2.8203,-1.3363,21.8396,-3.1067,-1.4259,22.7348,-3.1508,-1.4940,23.4645,-3.1186,-1.4836,23.2740,-3.3867,-1.4559,23.1105,-3.4975,-1.4876,23.4398,-3.5591,-1.5495,24.0640,-3.5592,-1.5466,23.9977,-1.0615,0.0766,12.8883,-1.8966,-0.1084,16.0938,-2.4472,-1.2324,20.8223
6.3408,-0.2024,0.6548,8.6075,-0.6888,0.8389,11.7338,-1.3081,1.0450,8.8099,-0.7887,0.8680,8.6101,-0.7002,0.8526,8.6841,-0.8367,0.9003,8.5621,-0.8939,0.9132,18.5679,-1.6948,-0.3090,16.5282,-1.5920,0.0994,27.4086,-1.9659,-2.1539,26.1841,-2.0739,-1.6524,8.6209,-0.7001,0.8609,8.6996,-0.7290,0.8556,8.8486,-0.7941,0.8661,9.0694,-0.8205,0.8550,8.7049,-0.8308,0.8994,8.5482,-0.9004,0.9148,8.5330,-0.9065,0.9142,8.6733,-0.8409,0.9007,11.9281,-1.3312,1.0432,12.1353,-1.3661,1.0386,12.1620,-1.3639,1.0315,15.3042,-1.5188,0.3472,16.4685,-1.6194,0.1106,18.5740,-1.6923,-0.3048,20.6654,-1.8012,-0.7317,24.1185,-1.9549,-1.4596,27.4129,-1.9597,-2.1557,27.3131,-2.0273,-2.1240,25.6765,-2.0644,-1.6185,26.1652,-2.0891,-1.6620,26.1885,-2.0685,-1.6516,26.1907,-2.0690,-1.6493,8.5978,-0.7096,0.8527,12.0851,-1.3567,1.0371,16.5282,-1.5920,0.0995
0.4497,4.7379,-0.7829,0.4221,6.3200,-1.4087,0.3462,8.1375,-2.1409,0.3865,6.8590,-1.5930,0.4156,6.4155,-1.4519,0.3379,7.3801,-1.7629,0.2850,7.9960,-1.8684,-0.9232,12.2243,-2.9154,-0.5569,11.1150,-2.7187,-2.7503,18.2242,-3.6594,-1.9362,15.1792,-3.5829,0.4165,6.4027,-1.4662,0.4085,6.5276,-1.4922,0.3877,6.8680,-1.5932,0.3964,6.8839,-1.5892,0.3441,7.3103,-1.7478,0.2791,8.0665,-1.8811,0.2733,8.1345,-1.8883,0.3341,7.4260,-1.7700,0.3513,8.1749,-2.1630,0.3549,8.2445,-2.1857,0.3584,8.2179,-2.1718,-0.3248,10.3626,-2.5839,-0.5777,11.2901,-2.7529,-0.9202,12.2139,-2.9363,-1.3008,13.3386,-3.0968,-1.9795,15.2677,-3.4314,-2.7428,18.2080,-3.6968,-2.8005,18.6080,-3.7015,-1.9667,15.2452,-3.4641,-1.9536,15.2179,-3.5112,-1.9300,15.1654,-3.6173,-1.9305,15.1664,-3.6069,0.4093,6.5097,-1.4677,0.3554,8.2137,-2.1734,-0.5569,11.1150,-2.7187
-0.6536,0.2413,10.4362,-1.3556,0.1305,13.4705,-2.2567,-0.0457,16.9717,-1.4580,0.0862,14.1504,-1.3781,0.1115,13.7435,-1.4951,0.0549,14.7194,-1.4927,0.0580,14.9275,-3.3145,-1.6804,24.1538,-3.0037,-1.2279,22.1719,-4.2298,-3.6695,33.7505,-4.7206,-3.0072,30.9173,-1.3922,0.0976,13.9027,-1.4101,0.1028,13.8459,-1.4631,0.0869,14.1410,-1.4916,0.0897,14.0865,-1.4975,0.0525,14.7081,-1.4926,0.0581,14.9540,-1.4895,0.0621,14.9393,-1.4939,0.0563,14.7241,-2.2994,-0.0587,17.1153,-2.3434,-0.0672,17.2172,-2.3421,-0.0608,17.1331,-2.8208,-0.9431,20.9427,-2.9894,-1.2281,22.1882,-3.3257,-1.6961,24.3181,-3.6263,-2.1162,26.0478,-4.1337,-2.8870,29.5048,-4.2472,-3.6955,34.0311,-4.1962,-3.7033,33.7517,-4.5181,-2.9126,29.9820,-4.6655,-2.9499,30.3955,-4.7383,-3.0302,31.1761,-4.7387,-3.0265,31.0913,-1.3773,0.1147,13.7516,-2.3301,-0.0620,17.1497,-3.0037,-1.2279,22.1720
6.5016,-0.1990,0.7069,8.8382,-0.6963,0.8950,12.0608,-1.3293,1.1048,9.0468,-0.7991,0.9248,8.8409,-0.7080,0.9092,8.9171,-0.8481,0.9577,8.7911,-0.9063,0.9706,19.1013,-1.7101,-0.3018,17.0000,-1.6092,0.1222,24.7970,-1.9740,-1.4827,32.9049,-2.2260,-3.3984,8.8521,-0.7080,0.9178,8.9332,-0.7377,0.9121,9.0867,-0.8047,0.9229,9.3140,-0.8320,0.9116,8.9386,-0.8421,0.9568,8.7768,-0.9129,0.9722,8.7611,-0.9191,0.9716,8.9060,-0.8524,0.9580,12.2611,-1.3532,1.1030,12.4747,-1.3893,1.0985,12.5022,-1.3870,1.0912,15.7390,-1.5369,0.3796,16.9381,-1.6370,0.1336,19.1077,-1.7076,-0.2976,21.2621,-1.8149,-0.7404,24.8193,-1.9643,-1.4961,24.8027,-1.9687,-1.4816,24.7059,-2.0319,-1.4571,29.0863,-2.1419,-2.4159,31.2643,-2.2070,-2.9357,32.9080,-2.2179,-3.4047,32.9110,-2.2186,-3.3986,8.8281,-0.7176,0.9091,12.4229,-1.3796,1.0969,17.0000,-1.6092,0.1222
0.5092,4.6755,-0.8732,0.4840,6.2455,-1.5107,0.4109,8.0485,-2.2552,0.4496,6.7814,-1.6986,0.4777,6.3403,-1.5555,0.4018,7.2989,-1.8710,0.3498,7.9099,-1.9773,-0.8511,12.1023,-3.0448,-0.4868,11.0021,-2.8441,-1.9034,15.2164,-3.6777,-3.7116,19.8500,-4.2171,0.4784,6.3277,-1.5708,0.4709,6.4520,-1.5962,0.4508,6.7904,-1.6988,0.4600,6.8065,-1.6947,0.4079,7.2297,-1.8560,0.3440,7.9799,-1.9900,0.3383,8.0473,-1.9971,0.3981,7.3445,-1.8781,0.4163,8.0860,-2.2783,0.4201,8.1555,-2.3017,0.4235,8.1292,-2.2873,-0.2560,10.2557,-2.7069,-0.5071,11.1760,-2.8782,-0.8482,12.0920,-3.0664,-1.2267,13.2075,-3.2298,-1.9019,15.1202,-3.5708,-1.8975,15.2020,-3.7131,-1.9447,15.5476,-3.7176,-2.7105,17.2440,-3.8179,-3.2175,18.5539,-4.0007,-3.7020,19.8334,-4.2611,-3.7029,19.8344,-4.2482,0.4715,6.4338,-1.5712,0.4205,8.1249,-2.2890,-0.4868,11.0021,-2.8442
-0.7843,0.2430,10.6987,-1.5265,0.1397,13.7912,-2.4819,-0.0264,17.3590,-1.6328,0.0951,14.4843,-1.5493,0.1204,14.0697,-1.6690,0.0635,15.0637,-1.6653,0.0673,15.2752,-3.6478,-1.6664,24.6917,-3.3049,-1.2126,22.6677,-4.5858,-2.9476,30.8270,-5.6142,-4.6819,37.9000,-1.5636,0.1062,14.2323,-1.5828,0.1117,14.1739,-1.6385,0.0959,14.4747,-1.6703,0.0988,14.4195,-1.6716,0.0610,15.0522,-1.6651,0.0674,15.3022,-1.6618,0.0716,15.2870,-1.6677,0.0650,15.0683,-2.5276,-0.0396,17.5059,-2.5746,-0.0481,17.6101,-2.5737,-0.0417,17.5243,-3.1027,-0.9271,21.4126,-3.2899,-1.2123,22.6838,-3.6591,-1.6826,24.8591,-3.9926,-2.1033,26.6263,-4.5547,-2.8760,30.1567,-4.6026,-2.9716,31.0873,-4.5554,-2.9714,30.8323,-5.1648,-3.6488,33.4139,-5.4443,-4.1529,35.5860,-5.6342,-4.7101,38.2098,-5.6348,-4.7056,38.1070,-1.5484,0.1237,14.0778,-2.5606,-0.0428,17.5411,-3.3049,-1.2126,22.6678
5.7135,-0.0984,0.3124,7.7158,-0.5246,0.4501,8.7032,-0.6985,0.5939,7.8926,-0.6052,0.4705,10.0013,-0.5432,-0.0260,7.7806,-0.6415,0.4961,7.6729,-0.6853,0.5072,10.3837,-0.9098,0.5654,9.8768,-0.8535,0.5792,11.6244,-1.0486,0.5474,12.7862,-1.1435,0.4843,11.3795,-0.5472,-0.3165,7.7960,-0.5568,0.4617,7.9270,-0.6098,0.4687,8.1222,-0.6325,0.4587,7.7989,-0.6368,0.4950,7.6607,-0.6903,0.5086,7.6474,-0.6950,0.5085,7.7712,-0.6447,0.4965,8.8526,-0.7162,0.5914,9.0125,-0.7423,0.5875,9.0329,-0.7417,0.5833,9.5814,-0.8143,0.5866,9.8352,-0.8651,0.5823,10.3896,-0.9094,0.5704,10.9003,-0.9666,0.5468,11.6288,-1.0416,0.5275,11.6309,-1.0478,0.5544,11.5719,-1.0707,0.5521,12.4910,-1.1234,0.4762,12.7664,-1.1463,0.4685,12.7922,-1.1425,0.4914,12.7930,-1.1425,0.4896,9.9903,-0.5525,-0.0241,8.9739,-0.7358,0.5871,9.8768,-0.8535,0.5792
0.1446,4.7599,-0.2277,0.0799,6.3284,-0.7408,0.1343,6.5635,-0.8434,0.0390,6.8565,-0.8950,-0.4618,8.6486,-0.8802,-0.0099,7.3695,-1.0413,-0.0627,7.9789,-1.1378,0.1782,6.7715,-0.9976,0.1616,6.7505,-0.9675,0.2137,6.8774,-1.1083,0.2626,6.8152,-1.1215,-0.7790,9.9610,-0.9536,0.0641,6.5313,-0.8081,0.0394,6.8652,-0.8954,0.0440,6.8799,-0.8925,-0.0037,7.3006,-1.0268,-0.0686,8.0486,-1.1492,-0.0744,8.1161,-1.1571,-0.0137,7.4150,-1.0482,0.1362,6.5953,-0.8553,0.1367,6.6552,-0.8703,0.1393,6.6335,-0.8621,0.1551,6.6967,-0.9396,0.1509,6.8725,-0.9951,0.1788,6.7634,-1.0039,0.1947,6.7996,-1.0239,0.2183,6.8323,-1.0738,0.2145,6.8675,-1.1172,0.1966,7.0537,-1.1370,0.2491,6.8497,-1.0898,0.2600,6.8410,-1.1038,0.2635,6.8057,-1.1304,0.2635,6.8067,-1.1274,-0.4717,8.7628,-0.8962,0.1377,6.6294,-0.8628,0.1616,6.7505,-0.9675
-0.1684,0.1503,9.0715,-0.6956,0.0220,11.7491,-0.9561,0.0636,12.8986,-0.7771,-0.0206,12.3463,-0.7369,-0.5559,14.5332,-0.8145,-0.0512,12.8477,-0.8162,-0.0533,13.0315,-1.3704,-0.1170,14.5661,-1.2550,-0.0718,14.1643,-1.6866,-0.2517,15.9314,-1.9238,-0.3066,16.3537,-0.7628,-0.9037,16.2167,-0.7399,-0.0036,12.0788,-0.7798,-0.0201,12.3378,-0.7950,-0.0179,12.2889,-0.8159,-0.0529,12.8375,-0.8165,-0.0537,13.0549,-0.8142,-0.0507,13.0420,-0.8138,-0.0504,12.8519,-0.9803,0.0531,13.0100,-1.0051,0.0456,13.0893,-1.0020,0.0503,13.0222,-1.1862,-0.0448,13.9098,-1.2508,-0.0676,14.1838,-1.3789,-0.1265,14.6725,-1.4808,-0.1540,14.8983,-1.6589,-0.2216,15.5471,-1.6983,-0.2640,16.0781,-1.6798,-0.2478,15.9502,-1.8180,-0.2527,15.8103,-1.8866,-0.2771,16.0477,-1.9362,-0.3187,16.5024,-1.9360,-0.3166,16.4558,-0.7350,-0.5576,14.5383,-0.9969,0.0497,13.0362,-1.2550,-0.0718,14.1644
5.7512,-0.1233,0.3208,7.7626,-0.5557,0.4622,8.7547,-0.7309,0.6072,9.2275,-0.6950,0.1243,7.7644,-0.5647,0.4717,9.1026,-0.7427,0.1577,8.9860,-0.8005,0.1756,10.4434,-0.9435,0.5793,9.9340,-0.8869,0.5931,11.6901,-1.0830,0.5619,12.8574,-1.1779,0.4986,7.7735,-0.5644,0.4772,9.1207,-0.6382,0.1135,9.2660,-0.6999,0.1221,9.4846,-0.7237,0.1092,9.1224,-0.7363,0.1554,8.9727,-0.8071,0.1778,8.9585,-0.8134,0.1787,9.0924,-0.7470,0.1588,8.9049,-0.7487,0.6047,9.0656,-0.7751,0.6009,9.0861,-0.7744,0.5966,9.6372,-0.8474,0.6004,9.8923,-0.8989,0.5962,10.4493,-0.9430,0.5844,10.9625,-1.0004,0.5608,11.6945,-1.0758,0.5417,11.6966,-1.0822,0.5690,11.6374,-1.1057,0.5667,12.5609,-1.1578,0.4902,12.8376,-1.1807,0.4825,12.8635,-1.1769,0.5058,12.8643,-1.1769,0.5039,7.7536,-0.5723,0.4720,9.0268,-0.7685,0.6004,9.9340,-0.8869,0.5931
0.1547,4.7771,-0.2365,0.0897,6.3538,-0.7536,0.1447,6.5902,-0.8578,-0.3749,8.1707,-1.0469,0.0828,6.4478,-0.7856,-0.4329,8.7500,-1.2106,-0.4958,9.4440,-1.3152,0.1892,6.7998,-1.0143,0.1724,6.7785,-0.9836,0.2251,6.9066,-1.1267,0.2746,6.8444,-1.1405,0.0837,6.4346,-0.7934,-0.3417,7.8067,-0.9517,-0.3755,8.1800,-1.0469,-0.3752,8.1935,-1.0416,-0.4252,8.6725,-1.1951,-0.5028,9.5233,-1.3277,-0.5098,9.5999,-1.3358,-0.4375,8.8017,-1.2179,0.1466,6.6222,-0.8698,0.1472,6.6825,-0.8850,0.1498,6.6607,-0.8767,0.1658,6.7244,-0.9554,0.1617,6.9011,-1.0114,0.1898,6.7916,-1.0207,0.2059,6.8281,-1.0410,0.2299,6.8612,-1.0918,0.2260,6.8966,-1.1358,0.2080,7.0837,-1.1557,0.2610,6.8789,-1.1082,0.2720,6.8702,-1.1225,0.2755,6.8348,-1.1495,0.2755,6.8358,-1.1465,0.0762,6.5415,-0.8010,0.1482,6.6565,-0.8774,0.1724,6.7785,-0.9836
-0.1837,0.1618,9.0423,-0.7116,0.0337,11.7126,-0.9730,0.0752,12.8593,-0.8512,-0.4561,13.7343,-0.7315,0.0164,11.9517,-0.8818,-0.5056,14.2632,-0.8769,-0.5290,14.4528,-1.3889,-0.1050,14.5229,-1.2731,-0.0600,14.1220,-1.7062,-0.2394,15.8849,-1.9447,-0.2943,16.3063,-0.7439,0.0044,12.0910,-0.8146,-0.4295,13.4524,-0.8545,-0.4554,13.7253,-0.8734,-0.4514,13.6734,-0.8844,-0.5055,14.2537,-0.8764,-0.5319,14.4771,-0.8734,-0.5308,14.4622,-0.8805,-0.5062,14.2670,-0.9973,0.0647,12.9704,-1.0224,0.0572,13.0496,-1.0193,0.0619,12.9826,-1.2040,-0.0330,13.8681,-1.2688,-0.0557,14.1416,-1.3975,-0.1145,14.6290,-1.4998,-0.1419,14.8543,-1.6786,-0.2094,15.5016,-1.7180,-0.2517,16.0312,-1.6994,-0.2354,15.9038,-1.8386,-0.2405,15.7642,-1.9075,-0.2649,16.0011,-1.9570,-0.3063,16.4545,-1.9568,-0.3043,16.4081,-0.7310,0.0185,11.9590,-1.0141,0.0613,12.9965,-1.2731,-0.0600,14.1221
5.8261,-0.1852,0.3443,7.8557,-0.6308,0.4932,8.8574,-0.8088,0.6403,11.1920,-0.8612,-0.3611,7.8576,-0.6406,0.5030,11.0485,-0.9273,-0.3162,10.9191,-1.0075,-0.2885,10.5630,-1.0241,0.6136,10.0486,-0.9671,0.6272,11.8221,-1.1653,0.5972,13.0008,-1.2600,0.5335,7.8668,-0.6403,0.5087,9.2262,-0.7230,0.1468,11.6967,-0.8697,-0.4607,11.9575,-0.8953,-0.4787,11.0704,-0.9181,-0.3204,10.9042,-1.0166,-0.2852,10.8888,-1.0256,-0.2829,11.0373,-0.9334,-0.3142,9.0092,-0.8269,0.6380,9.1715,-0.8538,0.6342,9.1922,-0.8529,0.6298,9.7487,-0.9270,0.6343,10.0067,-0.9800,0.6303,10.5689,-1.0236,0.6189,11.0872,-1.0815,0.5952,11.8265,-1.1576,0.5764,11.8286,-1.1645,0.6046,11.7691,-1.1895,0.6020,12.7014,-1.2401,0.5245,12.9808,-1.2630,0.5170,13.0069,-1.2591,0.5410,13.0077,-1.2591,0.5391,7.8469,-0.6491,0.5033,9.1323,-0.8470,0.6336,10.0486,-0.9671,0.6272
0.1742,4.8561,-0.2817,0.1099,6.4593,-0.8153,0.1666,6.7001,-0.9249,-0.9693,10.1422,-1.3082,0.1029,6.5550,-0.8486,-1.0408,10.8226,-1.4992,-1.1188,11.6448,-1.6168,0.2129,6.9146,-1.0901,0.1955,6.8926,-1.0574,0.2502,7.0242,-1.2094,0.3013,6.9614,-1.2251,0.1037,6.5416,-0.8570,-0.3281,7.9366,-1.0204,-1.0785,10.6018,-1.3290,-1.0856,10.6132,-1.3195,-1.0310,10.7318,-1.4821,-1.1275,11.7388,-1.6309,-1.1363,11.8292,-1.6394,-1.0466,10.8838,-1.5072,0.1687,6.7327,-0.9376,0.1694,6.7941,-0.9534,0.1720,6.7719,-0.9447,0.1886,6.8373,-1.0278,0.1847,7.0173,-1.0857,0.2135,6.9063,-1.0970,0.2302,6.9437,-1.1186,0.2550,6.9779,-1.1726,0.2511,7.0140,-1.2191,0.2328,7.2043,-1.2388,0.2872,6.9963,-1.1904,0.2986,6.9876,-1.2058,0.3021,6.9517,-1.2348,0.3021,6.9528,-1.2315,0.0962,6.6503,-0.8643,0.1704,6.7676,-0.9454,0.1955,6.8926,-1.0574
-0.2142,0.1901,9.0782,-0.7486,0.0598,11.7635,-1.0144,0.1016,12.9173,-0.9701,-1.0756,15.8345,-0.7687,0.0426,12.0041,-0.9916,-1.1528,16.4083,-0.9771,-1.2069,16.6084,-1.4380,-0.0799,14.5914,-1.3199,-0.0345,14.1880,-1.7609,-0.2151,15.9618,-2.0041,-0.2706,16.3858,-0.7811,0.0306,12.1442,-0.8514,-0.4082,13.5117,-0.9784,-1.1869,16.3285,-1.0036,-1.1799,16.2710,-0.9957,-1.1502,16.3996,-0.9756,-1.2133,16.6342,-0.9714,-1.2149,16.6162,-0.9895,-1.1554,16.4115,-1.0393,0.0910,13.0291,-1.0650,0.0834,13.1088,-1.0620,0.0881,13.0415,-1.2495,-0.0073,13.9325,-1.3156,-0.0301,14.2079,-1.4466,-0.0893,14.6981,-1.5511,-0.1171,14.9249,-1.7331,-0.1850,15.5762,-1.7728,-0.2274,16.1089,-1.7541,-0.2109,15.9810,-1.8966,-0.2166,15.8405,-1.9667,-0.2411,16.0788,-2.0165,-0.2827,16.5349,-2.0164,-0.2806,16.4882,-0.7682,0.0448,12.0115,-1.0566,0.0876,13.0554,-1.3199,-0.0345,14.1881
5.8759,-0.1867,0.3472,7.9228,-0.6362,0.4973,8.9330,-0.8157,0.6458,11.2876,-0.8685,-0.3642,7.9247,-0.6461,0.5073,11.1428,-0.9352,-0.3190,11.0124,-1.0161,-0.2910,10.6532,-1.0328,0.6188,10.1344,-0.9753,0.6325,11.9231,-1.1752,0.6023,13.1119,-1.2708,0.5380,7.9340,-0.6458,0.5130,9.3050,-0.7292,0.1480,11.7967,-0.8772,-0.4646,15.0999,-0.9199,-1.1163,11.1650,-0.9259,-0.3232,10.9974,-1.0253,-0.2877,10.9818,-1.0344,-0.2854,11.1316,-0.9413,-0.3169,9.0861,-0.8339,0.6434,9.2499,-0.8611,0.6396,9.2707,-0.8602,0.6351,9.8320,-0.9349,0.6397,10.0921,-0.9884,0.6356,10.6592,-1.0323,0.6242,11.1819,-1.0908,0.6002,11.9275,-1.1674,0.5813,11.9297,-1.1744,0.6097,11.8697,-1.1997,0.6071,12.8099,-1.2507,0.5290,13.0917,-1.2738,0.5214,13.1180,-1.2698,0.5455,13.1188,-1.2698,0.5436,7.9139,-0.6546,0.5076,9.2103,-0.8542,0.6390,10.1344,-0.9753,0.6325
0.1854,4.8394,-0.2819,0.1201,6.4409,-0.8143,0.1767,6.6817,-0.9241,-0.9610,10.1183,-1.3020,0.1132,6.5365,-0.8476,-1.0321,10.7979,-1.4931,-1.1097,11.6190,-1.6108,0.2228,6.8966,-1.0896,0.2055,6.8744,-1.0568,0.2600,7.0064,-1.2090,0.3108,6.9441,-1.2249,0.1140,6.5230,-0.8559,-0.3187,7.9160,-1.0172,-1.0705,10.5774,-1.3223,-1.7875,13.5062,-1.4415,-1.0224,10.7072,-1.4759,-1.1184,11.7128,-1.6249,-1.1272,11.8031,-1.6334,-1.0379,10.8590,-1.5011,0.1788,6.7143,-0.9367,0.1795,6.7757,-0.9525,0.1822,6.7536,-0.9439,0.1986,6.8191,-1.0271,0.1947,6.9990,-1.0851,0.2234,6.8883,-1.0964,0.2401,6.9259,-1.1181,0.2648,6.9602,-1.1722,0.2608,6.9963,-1.2188,0.2427,7.1863,-1.2385,0.2969,6.9788,-1.1902,0.3082,6.9703,-1.2056,0.3117,6.9344,-1.2346,0.3117,6.9354,-1.2314,0.1065,6.6316,-0.8633,0.1805,6.7493,-0.9446,0.2055,6.8744,-1.0568
-0.2371,0.1905,9.0993,-0.7760,0.0619,11.7868,-1.0439,0.1038,12.9417,-1.0060,-1.0698,15.8609,-0.7961,0.0447,12.0276,-1.0273,-1.1468,16.4349,-1.0127,-1.2005,16.6350,-1.4710,-0.0780,14.6182,-1.3519,-0.0325,14.2142,-1.7965,-0.2135,15.9907,-2.0421,-0.2691,16.4157,-0.8086,0.0327,12.1679,-0.8823,-0.4046,13.5364,-1.0155,-1.1808,16.3552,-1.0705,-1.9031,19.5743,-1.0314,-1.1442,16.4262,-1.0111,-1.2069,16.6607,-1.0069,-1.2084,16.6427,-1.0252,-1.1493,16.4380,-1.0693,0.0933,13.0536,-1.0953,0.0856,13.1335,-1.0923,0.0903,13.0661,-1.2808,-0.0053,13.9583,-1.3475,-0.0281,14.2341,-1.4796,-0.0875,14.7250,-1.5851,-0.1153,14.9523,-1.7687,-0.1834,15.6046,-1.8083,-0.2258,16.1380,-1.7895,-0.2092,16.0098,-1.9340,-0.2150,15.8696,-2.0046,-0.2396,16.1083,-2.0545,-0.2812,16.5649,-2.0543,-0.2792,16.5182,-0.7956,0.0469,12.0351,-1.0868,0.0898,13.0801,-1.3519,-0.0325,14.2143
5.8499,-0.2679,0.3758,7.8777,-0.7258,0.5331,8.8793,-0.9053,0.6816,11.2112,-0.9856,-0.3024,7.8798,-0.7367,0.5434,13.8829,-1.1887,-1.0367,13.7357,-1.3015,-0.9943,10.5858,-1.1217,0.6572,10.0712,-1.0648,0.6702,11.8453,-1.2635,0.6427,13.0242,-1.3569,0.5795,7.8889,-0.7363,0.5493,9.2470,-0.8298,0.1945,11.2559,-0.9912,-0.3053,11.5090,-1.0164,-0.3225,13.9079,-1.1753,-1.0436,13.7187,-1.3145,-0.9894,13.7016,-1.3274,-0.9848,13.8703,-1.1973,-1.0332,9.0313,-0.9237,0.6795,9.1938,-0.9510,0.6758,9.2145,-0.9499,0.6712,9.7712,-1.0244,0.6770,10.0295,-1.0789,0.6733,10.5917,-1.1213,0.6626,11.1102,-1.1791,0.6391,11.8497,-1.2552,0.6212,11.8519,-1.2627,0.6503,11.7927,-1.2896,0.6475,12.7247,-1.3372,0.5697,13.0042,-1.3600,0.5625,13.0303,-1.3560,0.5872,13.0310,-1.3559,0.5852,7.8692,-0.7461,0.5437,9.1546,-0.9440,0.6751,10.0712,-1.0648,0.6702
0.1772,5.0009,-0.3503,0.1151,6.6445,-0.9103,0.1743,6.8912,-1.0278,-0.9831,10.4227,-1.4379,0.1079,6.7429,-0.9456,-1.9941,14.0410,-1.9556,-2.0957,15.0609,-2.0925,0.2230,7.1121,-1.2051,0.2048,7.0894,-1.1696,0.2623,7.2252,-1.3341,0.3156,7.1608,-1.3524,0.1088,6.7292,-0.9549,-0.3306,8.1601,-1.1301,-0.9849,10.4332,-1.4373,-0.9907,10.4453,-1.4281,-1.9809,13.9299,-1.9360,-2.1071,15.1774,-2.1090,-2.1189,15.2891,-2.1179,-2.0019,14.1166,-1.9646,0.1765,6.9247,-1.0414,0.1773,6.9878,-1.0579,0.1800,6.9650,-1.0487,0.1975,7.0326,-1.1381,0.1936,7.2173,-1.1986,0.2237,7.1037,-1.2127,0.2412,7.1421,-1.2360,0.2672,7.1775,-1.2945,0.2633,7.2149,-1.3448,0.2444,7.4101,-1.3642,0.3009,7.1963,-1.3142,0.3127,7.1875,-1.3311,0.3165,7.1510,-1.3631,0.3165,7.1520,-1.3595,0.1010,6.8407,-0.9616,0.1782,6.9606,-1.0495,0.2048,7.0894,-1.1697
-0.2124,0.2274,9.0997,-0.7470,0.0906,11.8050,-1.0150,0.1324,12.9680,-0.9510,-1.0698,15.9017,-0.7674,0.0734,12.0475,-1.0751,-2.1717,19.6492,-1.0463,-2.2745,19.8659,-1.4428,-0.0504,14.6540,-1.3236,-0.0046,14.2479,-1.7689,-0.1865,16.0338,-2.0141,-0.2427,16.4603,-0.7801,0.0614,12.1885,-0.8428,-0.3875,13.5644,-0.9552,-1.0690,15.8916,-0.9796,-1.0626,15.8344,-1.0815,-2.1651,19.6416,-1.0432,-2.2864,19.8941,-1.0372,-2.2923,19.8715,-1.0718,-2.1775,19.6516,-1.0402,0.1218,13.0806,-1.0661,0.1140,13.1609,-1.0630,0.1187,13.0930,-1.2525,0.0228,13.9905,-1.3194,-0.0003,14.2684,-1.4515,-0.0599,14.7614,-1.5569,-0.0880,14.9897,-1.7407,-0.1564,15.6455,-1.7809,-0.1988,16.1819,-1.7621,-0.1822,16.0537,-1.9054,-0.1884,15.9113,-1.9762,-0.2132,16.1512,-2.0267,-0.2547,16.6104,-2.0265,-0.2527,16.5634,-0.7670,0.0756,12.0553,-1.0576,0.1182,13.1071,-1.3236,-0.0046,14.2480
5.9182,-0.3639,0.3863,7.9517,-0.8384,0.5525,8.9570,-1.0198,0.7018,11.2963,-1.1383,-0.2627,7.9540,-0.8506,0.5630,13.9774,-1.3802,-0.9779,19.0639,-1.5757,-2.0113,10.6703,-1.2371,0.6773,10.1537,-1.1804,0.6904,11.9347,-1.3792,0.6630,13.1179,-1.4709,0.5991,7.9631,-0.8501,0.5691,9.3255,-0.9586,0.2223,11.3412,-1.1439,-0.2656,11.5953,-1.1688,-0.2831,14.0022,-1.3658,-0.9848,19.7254,-1.5975,-2.1459,19.0234,-1.6102,-1.9969,13.9649,-1.3895,-0.9745,9.1098,-1.0384,0.6997,9.2731,-1.0663,0.6959,9.2938,-1.0648,0.6913,9.8525,-1.1397,0.6973,10.1122,-1.1958,0.6936,10.6762,-1.2366,0.6829,11.1967,-1.2943,0.6592,11.9390,-1.3702,0.6412,11.9412,-1.3783,0.6708,11.8823,-1.4074,0.6678,12.8176,-1.4517,0.5891,13.0980,-1.4742,0.5819,13.1240,-1.4699,0.6069,13.1247,-1.4699,0.6049,7.9435,-0.8610,0.5633,9.2336,-1.0589,0.6952,10.1537,-1.1804,0.6904
0.1841,5.1965,-0.3812,0.1207,6.9023,-0.9661,0.1824,7.1584,-1.0895,-1.0168,10.8243,-1.5197,0.1133,7.0046,-1.0030,-2.0642,14.5803,-2.0624,-3.4452,21.2768,-2.4910,0.2334,7.3880,-1.2758,0.2144,7.3643,-1.2384,0.2745,7.5055,-1.4115,0.3300,7.4388,-1.4311,0.1142,6.9904,-1.0128,-0.3409,8.4757,-1.1968,-1.0187,10.8352,-1.5191,-1.0247,10.8477,-1.5094,-2.0504,14.4650,-2.0422,-3.6215,22.1473,-2.5467,-3.4782,21.5819,-2.5199,-2.0722,14.6588,-2.0717,0.1847,7.1932,-1.1037,0.1856,7.2587,-1.1210,0.1884,7.2350,-1.1114,0.2067,7.3053,-1.2053,0.2027,7.4972,-1.2684,0.2341,7.3792,-1.2838,0.2523,7.4192,-1.3082,0.2795,7.4560,-1.3699,0.2754,7.4949,-1.4228,0.2558,7.6976,-1.4427,0.3146,7.4755,-1.3907,0.3270,7.4664,-1.4086,0.3310,7.4286,-1.4425,0.3310,7.4296,-1.4387,0.1060,7.1061,-1.0196,0.1866,7.2304,-1.1122,0.2144,7.3643,-1.2384
-0.2135,0.2600,9.0549,-0.7450,0.1156,11.7615,-1.0137,0.1569,12.9255,-0.9290,-1.0662,15.8545,-0.7657,0.0985,12.0041,-1.0350,-2.1882,19.5997,-0.9980,-3.7007,25.6677,-1.4434,-0.0262,14.6116,-1.3238,0.0197,14.2056,-1.7709,-0.1623,15.9910,-2.0168,-0.2188,16.4170,-0.7784,0.0866,12.1450,-0.8328,-0.3710,13.5193,-0.9332,-1.0654,15.8444,-0.9573,-1.0592,15.7869,-1.0414,-2.1811,19.5916,-0.9936,-3.9008,26.4602,-0.9846,-3.7324,25.6686,-1.0317,-2.1943,19.6023,-1.0391,0.1462,13.0379,-1.0651,0.1383,13.1183,-1.0619,0.1429,13.0504,-1.2524,0.0472,13.9482,-1.3197,0.0237,14.2266,-1.4522,-0.0356,14.7189,-1.5579,-0.0640,14.9471,-1.7425,-0.1324,15.6027,-1.7830,-0.1746,16.1390,-1.7642,-0.1582,16.0114,-1.9077,-0.1648,15.8681,-1.9787,-0.1895,16.1079,-2.0294,-0.2308,16.5670,-2.0293,-0.2288,16.5201,-0.7653,0.1006,12.0122,-1.0565,0.1425,13.0645,-1.3238,0.0197,14.2057
5.9255,-0.3719,0.3858,7.9597,-0.8479,0.5527,8.9654,-1.0295,0.7020,11.3058,-1.1516,-0.2608,7.9620,-0.8602,0.5631,13.9881,-1.3972,-0.9743,19.0763,-1.5983,-2.0057,10.6794,-1.2468,0.6774,10.1626,-1.1901,0.6905,11.9443,-1.3889,0.6630,13.1280,-1.4805,0.5990,7.9711,-0.8597,0.5692,9.3341,-0.9696,0.2231,11.3506,-1.1572,-0.2637,11.6049,-1.1821,-0.2812,14.0129,-1.3827,-0.9812,19.0559,-1.6156,-1.9987,23.3556,-1.6661,-2.8875,13.9756,-1.4066,-0.9709,9.1183,-1.0481,0.6998,9.2817,-1.0760,0.6960,9.3024,-1.0745,0.6914,9.8612,-1.1494,0.6974,10.1211,-1.2057,0.6937,10.6853,-1.2462,0.6830,11.2060,-1.3040,0.6592,11.9487,-1.3798,0.6411,11.9509,-1.3880,0.6707,11.8919,-1.4172,0.6678,12.8276,-1.4612,0.5890,13.1081,-1.4837,0.5817,13.1340,-1.4794,0.6068,13.1348,-1.4794,0.6047,7.9516,-0.8707,0.5634,9.2421,-1.0686,0.6954,10.1626,-1.1901,0.6905
0.1846,5.2113,-0.3804,0.1209,6.9222,-0.9666,0.1828,7.1791,-1.0902,-1.0202,10.8558,-1.5213,0.1135,7.0248,-1.0036,-2.0709,14.6229,-2.0650,-3.4564,21.3394,-2.4940,0.2339,7.4093,-1.2769,0.2148,7.3856,-1.2394,0.2750,7.5272,-1.4128,0.3307,7.4602,-1.4324,0.1144,7.0105,-1.0134,-0.3422,8.5002,-1.1977,-1.0221,10.8668,-1.5207,-1.0281,10.8793,-1.5110,-2.0572,14.5073,-2.0447,-3.4726,21.4958,-2.5133,-4.5098,26.1962,-2.7540,-2.0790,14.7017,-2.0743,0.1851,7.2140,-1.1045,0.1860,7.2796,-1.1218,0.1888,7.2559,-1.1122,0.2071,7.3264,-1.2062,0.2031,7.5188,-1.2695,0.2346,7.4005,-1.2849,0.2529,7.4406,-1.3093,0.2801,7.4774,-1.3711,0.2760,7.5165,-1.4241,0.2563,7.7198,-1.4441,0.3153,7.4970,-1.3919,0.3277,7.4879,-1.4099,0.3317,7.4500,-1.4437,0.3317,7.4510,-1.4399,0.1062,7.1266,-1.0203,0.1870,7.2513,-1.1130,0.2148,7.3856,-1.2394
-0.2134,0.2623,9.0432,-0.7442,0.1174,11.7474,-1.0127,0.1587,12.9105,-0.9264,-1.0651,15.8364,-0.7649,0.1004,11.9898,-1.0308,-2.1878,19.5781,-0.9918,-3.7020,25.6409,-1.4422,-0.0243,14.5950,-1.3226,0.0215,14.1894,-1.7695,-0.1603,15.9732,-2.0152,-0.2167,16.3988,-0.7776,0.0885,12.1306,-0.8312,-0.3694,13.5035,-0.9305,-1.0643,15.8263,-0.9546,-1.0582,15.7689,-1.0372,-2.1807,19.5700,-0.9866,-3.7219,25.6725,-0.9785,-4.8834,30.4546,-1.0275,-2.1940,19.5807,-1.0380,0.1480,13.0228,-1.0641,0.1401,13.1031,-1.0609,0.1447,13.0352,-1.2512,0.0490,13.9322,-1.3186,0.0256,14.2104,-1.4510,-0.0337,14.7022,-1.5566,-0.0620,14.9303,-1.7411,-0.1305,15.5853,-1.7816,-0.1725,16.1211,-1.7628,-0.1562,15.9937,-1.9062,-0.1628,15.8504,-1.9771,-0.1875,16.0900,-2.0279,-0.2287,16.5486,-2.0277,-0.2267,16.5018,-0.7645,0.1025,11.9979,-1.0555,0.1443,13.0494,-1.3226,0.0215,14.1895
5.8638,-0.2856,0.3764,7.8929,-0.7467,0.5354,8.8953,-0.9266,0.6840,11.2290,-1.0145,-0.2965,7.8950,-0.7579,0.5456,16.0180,-1.3118,-1.6201,13.7559,-1.3400,-0.9847,10.6031,-1.1432,0.6594,10.0881,-1.0863,0.6724,11.8636,-1.2850,0.6449,13.0434,-1.3781,0.5815,7.9042,-0.7574,0.5516,9.2633,-0.8539,0.1983,11.2737,-1.0200,-0.2993,11.5271,-1.0452,-0.3166,13.9278,-1.2116,-1.0340,13.7390,-1.3532,-0.9798,13.7219,-1.3663,-0.9753,17.6021,-1.3321,-1.9513,9.0474,-0.9450,0.6818,9.2101,-0.9724,0.6781,9.2308,-0.9712,0.6735,9.7879,-1.0458,0.6793,10.0465,-1.1006,0.6756,10.6090,-1.1426,0.6649,11.1279,-1.2005,0.6413,11.8680,-1.2765,0.6234,11.8702,-1.2841,0.6525,11.8110,-1.3114,0.6496,12.7438,-1.3585,0.5717,13.0234,-1.3812,0.5644,13.0495,-1.3771,0.5892,13.0502,-1.3771,0.5872,7.8844,-0.7674,0.5459,9.1708,-0.9653,0.6774,10.0881,-1.0863,0.6724
0.1781,5.0277,-0.3522,0.1157,6.6801,-0.9152,0.1752,6.9282,-1.0334,-0.9883,10.4785,-1.4457,0.1085,6.7791,-0.9507,-2.6958,16.2594,-2.1914,-2.1070,15.1416,-2.1038,0.2242,7.1502,-1.2116,0.2059,7.1274,-1.1760,0.2638,7.2639,-1.3413,0.3173,7.1992,-1.3597,0.1094,6.7653,-0.9600,-0.3324,8.2038,-1.1362,-0.9902,10.4891,-1.4451,-0.9960,10.5013,-1.4358,-1.9915,14.0045,-1.9465,-2.1184,15.2587,-2.1204,-2.1302,15.3710,-2.1293,-3.0802,17.9608,-2.2806,0.1774,6.9618,-1.0470,0.1782,7.0252,-1.0636,0.1809,7.0023,-1.0544,0.1986,7.0703,-1.1442,0.1946,7.2560,-1.2051,0.2249,7.1417,-1.2192,0.2425,7.1804,-1.2426,0.2687,7.2159,-1.3015,0.2647,7.2535,-1.3520,0.2457,7.4498,-1.3715,0.3025,7.2348,-1.3212,0.3144,7.2260,-1.3383,0.3182,7.1893,-1.3705,0.3182,7.1903,-1.3668,0.1015,6.8774,-0.9668,0.1792,6.9979,-1.0552,0.2059,7.1274,-1.1760
-0.2124,0.2346,9.0829,-0.7459,0.0969,11.7860,-1.0138,0.1386,12.9482,-0.9462,-1.0658,15.8783,-0.7664,0.0798,12.0283,-1.1462,-2.9258,21.9718,-1.0382,-2.2730,19.8389,-1.4416,-0.0441,14.6326,-1.3224,0.0017,14.2269,-1.7677,-0.1800,16.0111,-2.0127,-0.2362,16.4372,-0.7790,0.0678,12.1691,-0.8402,-0.3821,13.5435,-0.9503,-1.0650,15.8682,-0.9746,-1.0586,15.8110,-1.0732,-2.1632,19.6142,-1.0350,-2.2850,19.8671,-1.0291,-2.2909,19.8446,-1.1475,-3.3409,23.7499,-1.0390,0.1280,13.0606,-1.0649,0.1202,13.1408,-1.0618,0.1249,13.0730,-1.2513,0.0291,13.9698,-1.3183,0.0060,14.2475,-1.4503,-0.0535,14.7399,-1.5557,-0.0816,14.9680,-1.7394,-0.1500,15.6231,-1.7797,-0.1923,16.1591,-1.7609,-0.1757,16.0311,-1.9041,-0.1821,15.8886,-1.9748,-0.2068,16.1283,-2.0253,-0.2483,16.5870,-2.0252,-0.2462,16.5402,-0.7660,0.0820,12.0361,-1.0564,0.1244,13.0871,-1.3224,0.0017,14.2270
5.9166,-0.1149,0.4345,7.9981,-0.5611,0.5989,10.8695,-1.1332,0.7834,8.1820,-0.6471,0.6251,7.9999,-0.5704,0.6106,8.0653,-0.6866,0.6555,7.9531,-0.7338,0.6684,12.8420,-1.3710,0.7586,12.2466,-1.3093,0.7743,14.2970,-1.5260,0.7450,15.6637,-1.6247,0.6651,8.0093,-0.5702,0.6175,8.0816,-0.5956,0.6137,8.2177,-0.6520,0.6232,8.4207,-0.6757,0.6125,8.0844,-0.6816,0.6543,7.9404,-0.7392,0.6700,7.9265,-0.7443,0.6698,8.0555,-0.6900,0.6560,12.4791,-1.1604,0.4801,12.6847,-1.1921,0.4723,12.7120,-1.1903,0.4660,11.8992,-1.2645,0.7819,12.1992,-1.3277,0.7797,12.8480,-1.3703,0.7660,13.4496,-1.4335,0.7363,14.3045,-1.5159,0.7160,14.3034,-1.5248,0.7551,14.2372,-1.5587,0.7526,15.3209,-1.6047,0.6506,15.6437,-1.6289,0.6423,15.6695,-1.6233,0.6752,15.6706,-1.6233,0.6727,7.9886,-0.5783,0.6110,12.6347,-1.1837,0.4721,12.2466,-1.3093,0.7743
0.2595,4.6967,-0.3232,0.2126,6.2612,-0.8575,0.1128,8.0607,-1.4863,0.1749,6.7886,-1.0187,0.2060,6.3545,-0.8916,0.1262,7.3004,-1.1706,0.0733,7.9074,-1.2695,0.1945,8.2888,-1.7116,0.1657,8.2686,-1.6648,0.2596,8.4049,-1.8803,0.3387,8.3222,-1.9095,0.2069,6.3414,-0.9006,0.1982,6.4639,-0.9285,0.1756,6.7974,-1.0191,0.1824,6.8123,-1.0160,0.1324,7.2317,-1.1560,0.0674,7.9769,-1.2813,0.0616,8.0441,-1.2890,0.1224,7.3457,-1.1776,-0.2167,9.4244,-1.5638,-0.2173,9.4969,-1.5825,-0.2140,9.4674,-1.5703,0.1531,8.2090,-1.6259,0.1507,8.4094,-1.6944,0.1957,8.2801,-1.7225,0.2230,8.3166,-1.7516,0.2645,8.3498,-1.8288,0.2612,8.3943,-1.8956,0.2368,8.6104,-1.9107,0.3154,8.3612,-1.8551,0.3337,8.3498,-1.8789,0.3404,8.3121,-1.9249,0.3404,8.3130,-1.9197,0.1995,6.4474,-0.9071,-0.2154,9.4638,-1.5721,0.1657,8.2686,-1.6648
-0.2663,0.1807,9.3333,-0.8341,0.0583,12.0840,-1.5570,-0.1311,15.2598,-0.9206,0.0166,12.6982,-0.8546,0.0408,12.3304,-0.9578,-0.0131,13.2136,-0.9585,-0.0128,13.4024,-2.0771,-0.3380,17.1750,-1.9301,-0.2867,16.7114,-2.4727,-0.4933,18.7461,-2.7827,-0.5534,19.2395,-0.8674,0.0284,12.4741,-0.8808,0.0327,12.4231,-0.9238,0.0172,12.6895,-0.9421,0.0196,12.6394,-0.9595,-0.0150,13.2031,-0.9587,-0.0130,13.4265,-0.9562,-0.0097,13.4133,-0.9570,-0.0120,13.2178,-1.6061,-0.4745,16.9342,-1.6414,-0.4838,17.0317,-1.6397,-0.4765,16.9504,-1.8429,-0.2561,16.4193,-1.9231,-0.2816,16.7297,-2.0863,-0.3493,17.2973,-2.2194,-0.3794,17.5590,-2.4441,-0.4568,18.3061,-2.4854,-0.5080,18.9149,-2.4623,-0.4895,18.7628,-2.6556,-0.4898,18.6152,-2.7421,-0.5179,18.8893,-2.7960,-0.5679,19.4104,-2.7960,-0.5655,19.3562,-0.8540,0.0433,12.3379,-1.6307,-0.4779,16.9666,-1.9301,-0.2867,16.7115
5.9545,-0.1250,0.4440,8.0489,-0.5751,0.6105,10.9381,-1.1520,0.7973,8.2341,-0.6623,0.6369,8.0507,-0.5847,0.6223,8.1168,-0.7026,0.6675,8.0040,-0.7508,0.6805,12.9234,-1.3916,0.7728,12.3242,-1.3295,0.7885,14.3877,-1.5478,0.7596,15.7631,-1.6470,0.6793,8.0603,-0.5845,0.6292,8.1330,-0.6101,0.6254,8.2701,-0.6672,0.6350,8.4744,-0.6911,0.6242,8.1360,-0.6975,0.6664,7.9912,-0.7563,0.6821,7.9773,-0.7615,0.6819,8.1069,-0.7061,0.6680,12.5577,-1.1801,0.4925,14.9997,-1.2539,-0.0553,13.8334,-1.2468,0.1872,11.9745,-1.2843,0.7961,12.2765,-1.3481,0.7939,12.9294,-1.3909,0.7803,13.5349,-1.4545,0.7505,14.3953,-1.5375,0.7303,14.3942,-1.5466,0.7698,14.3276,-1.5809,0.7672,15.4181,-1.6269,0.6646,15.7430,-1.6512,0.6562,15.7690,-1.6456,0.6895,15.7701,-1.6456,0.6870,8.0394,-0.5927,0.6227,13.7507,-1.2400,0.1940,12.3242,-1.3295,0.7885
0.2726,4.7002,-0.3393,0.2260,6.2679,-0.8772,0.1264,8.0709,-1.5099,0.1884,6.7965,-1.0396,0.2194,6.3614,-0.9117,0.1397,7.3094,-1.1925,0.0868,7.9176,-1.2918,0.2085,8.3004,-1.7383,0.1796,8.2799,-1.6907,0.2739,8.4174,-1.9095,0.3534,8.3349,-1.9395,0.2203,6.3483,-0.9208,0.2116,6.4711,-0.9488,0.1892,6.8053,-1.0400,0.1961,6.8204,-1.0369,0.1459,7.2406,-1.1777,0.0809,7.9872,-1.3036,0.0751,8.0545,-1.3114,0.1359,7.3548,-1.1995,-0.2043,9.4374,-1.5880,-0.8197,11.5790,-1.7510,-0.5367,10.4392,-1.6893,0.1669,8.2201,-1.6514,0.1646,8.4210,-1.7204,0.2097,8.2917,-1.7494,0.2372,8.3285,-1.7790,0.2789,8.3621,-1.8573,0.2755,8.4067,-1.9250,0.2512,8.6232,-1.9399,0.3300,8.3739,-1.8842,0.3484,8.3625,-1.9084,0.3550,8.3247,-1.9551,0.3550,8.3257,-1.9499,0.2129,6.4545,-0.9273,-0.5372,10.4359,-1.6916,0.1796,8.2799,-1.6907
-0.2890,0.1860,9.3740,-0.8629,0.0643,12.1346,-1.5937,-0.1241,15.3215,-0.9501,0.0226,12.7512,-0.8835,0.0468,12.3820,-0.9872,-0.0071,13.2685,-0.9878,-0.0066,13.4581,-2.1193,-0.3318,17.2446,-1.9707,-0.2803,16.7791,-2.5189,-0.4879,18.8221,-2.8325,-0.5484,19.3177,-0.8963,0.0343,12.5262,-0.9099,0.0387,12.4750,-0.9534,0.0232,12.7425,-0.9722,0.0256,12.6922,-0.9890,-0.0090,13.2581,-0.9880,-0.0068,13.4822,-0.9855,-0.0034,13.4690,-0.9864,-0.0060,13.2728,-1.6458,-0.4683,17.0018,-1.7477,-1.0889,19.5041,-1.7320,-0.8040,18.1305,-1.8826,-0.2496,16.4857,-1.9636,-0.2752,16.7974,-2.1285,-0.3432,17.3674,-2.2633,-0.3735,17.6302,-2.4903,-0.4513,18.3805,-2.5316,-0.5026,18.9915,-2.5084,-0.4840,18.8388,-2.7044,-0.4844,18.6911,-2.7918,-0.5127,18.9663,-2.8459,-0.5629,19.4894,-2.8459,-0.5605,19.4350,-0.8828,0.0493,12.3895,-1.7220,-0.8058,18.1474,-1.9707,-0.2803,16.7792
5.9584,-0.1210,0.4416,8.0544,-0.5709,0.6078,10.9459,-1.1477,0.7943,8.2397,-0.6579,0.6342,8.0563,-0.5804,0.6196,8.1223,-0.6980,0.6648,8.0094,-0.7459,0.6779,12.9325,-1.3874,0.7697,12.3328,-1.3252,0.7853,14.3977,-1.5436,0.7562,15.7741,-1.6429,0.6758,8.0658,-0.5802,0.6265,8.1385,-0.6058,0.6227,8.2757,-0.6628,0.6323,8.4802,-0.6867,0.6215,8.1415,-0.6929,0.6637,7.9965,-0.7514,0.6795,7.9826,-0.7565,0.6792,8.1124,-0.7015,0.6653,12.5667,-1.1755,0.4891,13.8141,-1.2441,0.1898,15.5195,-1.2498,-0.1659,11.9830,-1.2801,0.7930,12.2851,-1.3438,0.7908,12.9384,-1.3866,0.7771,13.5444,-1.4503,0.7473,14.4053,-1.5334,0.7269,14.4042,-1.5424,0.7664,14.3376,-1.5766,0.7638,15.4288,-1.6228,0.6612,15.7540,-1.6472,0.6528,15.7800,-1.6415,0.6861,15.7810,-1.6415,0.6835,8.0450,-0.5884,0.6200,13.7607,-1.2353,0.1901,12.3328,-1.3252,0.7853
0.2730,4.6889,-0.3323,0.2260,6.2539,-0.8679,0.1259,8.0539,-1.4979,0.1885,6.7815,-1.0298,0.2195,6.3472,-0.9022,0.1400,7.2934,-1.1823,0.0872,7.9004,-1.2814,0.2077,8.2829,-1.7250,0.1789,8.2624,-1.6777,0.2728,8.3996,-1.8952,0.3520,8.3173,-1.9249,0.2203,6.3341,-0.9113,0.2117,6.4567,-0.9392,0.1893,6.7903,-1.0302,0.1961,6.8053,-1.0272,0.1462,7.2247,-1.1676,0.0813,7.9699,-1.2932,0.0755,8.0371,-1.3010,0.1361,7.3388,-1.1893,-0.2046,9.4180,-1.5749,-0.5400,10.4501,-1.6886,-0.9282,11.9640,-1.7424,0.1663,8.2027,-1.6386,0.1640,8.4033,-1.7074,0.2089,8.2742,-1.7361,0.2363,8.3110,-1.7654,0.2778,8.3444,-1.8433,0.2745,8.3890,-1.9106,0.2502,8.6051,-1.9256,0.3288,8.3562,-1.8700,0.3471,8.3449,-1.8940,0.3537,8.3072,-1.9404,0.3537,8.3081,-1.9352,0.2130,6.4401,-0.9178,-0.5373,10.4147,-1.6775,0.1789,8.2624,-1.6777
-0.2903,0.1838,9.3632,-0.8638,0.0628,12.1196,-1.5943,-0.1248,15.3018,-0.9508,0.0211,12.7352,-0.8843,0.0452,12.3666,-0.9879,-0.0086,13.2517,-0.9884,-0.0081,13.4409,-2.1192,-0.3323,17.2221,-1.9707,-0.2809,16.7572,-2.5183,-0.4882,18.7973,-2.8317,-0.5486,19.2922,-0.8971,0.0328,12.5107,-0.9107,0.0372,12.4595,-0.9542,0.0217,12.7266,-0.9730,0.0241,12.6764,-0.9897,-0.0105,13.2413,-0.9886,-0.0083,13.4650,-0.9861,-0.0050,13.4518,-0.9871,-0.0075,13.2560,-1.6468,-0.4681,16.9796,-1.7346,-0.8116,18.1921,-1.7523,-1.1878,19.9034,-1.8827,-0.2502,16.4643,-1.9636,-0.2758,16.7755,-2.1284,-0.3437,17.3447,-2.2630,-0.3739,17.6072,-2.4898,-0.4516,18.3563,-2.5310,-0.5029,18.9664,-2.5079,-0.4843,18.8140,-2.7037,-0.4847,18.6665,-2.7910,-0.5129,18.9413,-2.8450,-0.5631,19.4636,-2.8450,-0.5607,19.4093,-0.8837,0.0478,12.3741,-1.7234,-0.8049,18.1236,-1.9707,-0.2809,16.7573
6.0293,-0.1476,0.5083,8.1612,-0.6056,0.6798,11.1020,-1.1914,0.8721,8.3503,-0.6961,0.7070,8.1633,-0.6157,0.6922,8.2313,-0.7385,0.7381,8.1165,-0.7891,0.7510,15.5538,-1.5138,0.1691,14.8670,-1.4494,0.2029,17.2290,-1.6753,0.1070,18.8093,-1.7766,-0.0106,8.1731,-0.6155,0.6995,8.2471,-0.6420,0.6952,8.3869,-0.7011,0.7051,8.5947,-0.7256,0.6943,8.2508,-0.7332,0.7370,8.1034,-0.7949,0.7527,8.0892,-0.8003,0.7523,8.2212,-0.7422,0.7386,11.2845,-1.2127,0.8698,11.4790,-1.2448,0.8650,11.5042,-1.2429,0.8584,14.4661,-1.4011,0.2203,14.8128,-1.4733,0.2125,15.5595,-1.5121,0.1747,16.2556,-1.5797,0.1291,17.2409,-1.6653,0.0823,17.2350,-1.6730,0.1147,17.1610,-1.7156,0.1199,18.4178,-1.7598,-0.0109,18.7898,-1.7840,-0.0296,18.8147,-1.7740,-0.0031,18.8160,-1.7741,-0.0042,8.1517,-0.6241,0.6925,11.4319,-1.2362,0.8638,14.8670,-1.4494,0.2029
0.3155,4.7216,-0.4734,0.2754,6.2938,-1.0387,0.1841,8.1014,-1.7028,0.2382,6.8257,-1.2076,0.2688,6.3880,-1.0759,0.1894,7.3412,-1.3655,0.1364,7.9520,-1.4666,-0.4620,10.3934,-2.1906,-0.4859,10.3764,-2.1316,-0.4081,10.5169,-2.4056,-0.3386,10.4032,-2.4408,0.2697,6.3750,-1.0866,0.2612,6.4984,-1.1138,0.2391,6.8345,-1.2079,0.2465,6.8497,-1.2045,0.1957,7.2720,-1.3507,0.1305,8.0219,-1.4786,0.1247,8.0895,-1.4862,0.1856,7.3868,-1.3725,0.1884,8.1378,-1.7213,0.1912,8.2059,-1.7412,0.1945,8.1796,-1.7291,-0.4940,10.3108,-2.0842,-0.5054,10.5422,-2.1644,-0.4598,10.3836,-2.2058,-0.4394,10.4188,-2.2396,-0.4042,10.4491,-2.3377,-0.4051,10.5051,-2.4269,-0.4367,10.7612,-2.4388,-0.3643,10.4503,-2.3663,-0.3474,10.4341,-2.3974,-0.3356,10.3920,-2.4621,-0.3357,10.3929,-2.4553,0.2623,6.4815,-1.0915,0.1919,8.1756,-1.7305,-0.4859,10.3764,-2.1316
-0.3780,0.2023,9.6591,-0.9850,0.0827,12.4952,-1.7598,-0.1037,15.7689,-1.0763,0.0403,13.1293,-1.0062,0.0647,12.7496,-1.1136,0.0101,13.6609,-1.1134,0.0113,13.8557,-2.4907,-1.0553,20.3401,-2.3123,-0.9990,19.8067,-2.9648,-1.2334,22.1463,-3.3477,-1.2902,22.7175,-1.0194,0.0519,12.8979,-1.0341,0.0565,12.8452,-1.0801,0.0409,13.1204,-1.1013,0.0434,13.0689,-1.1155,0.0081,13.6502,-1.1136,0.0112,13.8805,-1.1109,0.0147,13.8668,-1.1127,0.0113,13.6653,-1.7955,-0.1159,15.9023,-1.8322,-0.1240,15.9967,-1.8303,-0.1180,15.9181,-2.2076,-0.9637,19.4720,-2.3009,-0.9984,19.8231,-2.5008,-1.0686,20.4812,-2.6644,-1.1001,20.7822,-2.9353,-1.1867,21.6410,-2.9787,-1.2506,22.3409,-2.9488,-1.2382,22.1599,-3.1980,-1.2174,22.0002,-3.3026,-1.2483,22.3159,-3.3624,-1.3072,22.9147,-3.3625,-1.3045,22.8514,-1.0055,0.0674,12.7573,-1.8209,-0.1190,15.9338,-2.3123,-0.9990,19.8068
6.1015,-0.1823,0.5316,8.2567,-0.6498,0.7079,11.2294,-1.2466,0.9060,8.4485,-0.7432,0.7356,8.2589,-0.6604,0.7206,8.3285,-0.7881,0.7671,8.2127,-0.8418,0.7802,16.5147,-1.6043,-0.0210,15.7957,-1.5391,0.0188,18.2676,-1.7683,-0.0992,19.9231,-1.8698,-0.2298,8.2689,-0.6602,0.7281,8.3438,-0.6873,0.7236,8.4854,-0.7483,0.7337,8.6957,-0.7731,0.7228,8.3482,-0.7825,0.7661,8.1995,-0.8480,0.7818,8.1852,-0.8537,0.7814,8.3183,-0.7920,0.7676,11.4141,-1.2682,0.9037,11.6108,-1.3009,0.8990,11.6363,-1.2988,0.8923,14.6298,-1.4638,0.2515,17.9929,-1.6430,-0.6054,16.5204,-1.6024,-0.0160,17.2498,-1.6714,-0.0671,18.2810,-1.7580,-0.1227,18.2735,-1.7655,-0.0924,18.1968,-1.8118,-0.0847,19.5145,-1.8543,-0.2256,19.9037,-1.8785,-0.2478,19.9283,-1.8668,-0.2232,19.9298,-1.8670,-0.2238,8.2473,-0.6692,0.7208,11.5631,-1.2921,0.8977,15.7957,-1.5391,0.0189
0.3388,4.7535,-0.5201,0.3000,6.3377,-1.0976,0.2101,8.1589,-1.7756,0.2629,6.8741,-1.2699,0.2934,6.4327,-1.1359,0.2139,7.3939,-1.4305,0.1605,8.0095,-1.5330,-0.6857,11.1543,-2.3502,-0.7080,11.1384,-2.2871,-0.6355,11.2811,-2.5812,-0.5693,11.1564,-2.6184,0.2943,6.4196,-1.1472,0.2859,6.5441,-1.1745,0.2638,6.8830,-1.2702,0.2715,6.8985,-1.2667,0.2201,7.3242,-1.4156,0.1545,8.0800,-1.5452,0.1487,8.1480,-1.5528,0.2100,7.4398,-1.4376,0.2145,8.1957,-1.7948,0.2175,8.2644,-1.8152,0.2209,8.2380,-1.8027,-0.4720,10.3853,-2.1677,-1.4615,13.3829,-2.5289,-0.6831,11.1442,-2.3670,-0.6650,11.1791,-2.4024,-0.6320,11.2087,-2.5076,-0.6321,11.2688,-2.6045,-0.6663,11.5399,-2.6156,-0.5957,11.2066,-2.5370,-0.5793,11.1887,-2.5706,-0.5657,11.1448,-2.6417,-0.5660,11.1458,-2.6343,0.2869,6.5269,-1.1516,0.2182,8.2339,-1.8042,-0.7080,11.1384,-2.2871
-0.4204,0.2206,9.7403,-1.0395,0.1014,12.5994,-1.8301,-0.0847,15.8993,-1.1325,0.0590,13.2393,-1.0608,0.0835,12.8560,-1.1699,0.0289,13.7758,-1.1695,0.0306,13.9725,-2.6274,-1.2841,21.3431,-2.4387,-1.2261,20.7875,-3.1275,-1.4693,23.2242,-3.5346,-1.5251,23.8202,-1.0741,0.0705,13.0056,-1.0893,0.0752,12.9526,-1.1364,0.0596,13.2304,-1.1588,0.0621,13.1785,-1.1719,0.0268,13.7649,-1.1696,0.0306,13.9975,-1.1669,0.0342,13.9838,-1.1689,0.0301,13.7803,-1.8668,-0.0970,16.0338,-1.9045,-0.1052,16.1292,-1.9028,-0.0991,16.0499,-2.2909,-0.9508,19.6323,-2.5386,-1.9455,23.2345,-2.6378,-1.2980,21.4902,-2.8115,-1.3300,21.8038,-3.0977,-1.4194,22.6981,-3.1419,-1.4874,23.4271,-3.1097,-1.4771,23.2370,-3.3774,-1.4494,23.0732,-3.4880,-1.4811,23.4022,-3.5497,-1.5429,24.0258,-3.5498,-1.5400,23.9596,-1.0601,0.0863,12.8639,-1.8930,-0.1002,16.0658,-2.4387,-1.2261,20.7876
6.1566,-0.1693,0.5690,8.3435,-0.6388,0.7462,11.3599,-1.2383,0.9446,8.5380,-0.7331,0.7742,8.3457,-0.6495,0.7591,8.4161,-0.7778,0.8059,8.2984,-0.8311,0.8189,17.9606,-1.6246,-0.3560,15.9906,-1.5216,0.0367,19.8346,-1.7927,-0.4610,21.6076,-1.8971,-0.6119,8.3559,-0.6493,0.7669,8.4319,-0.6767,0.7621,8.5754,-0.7383,0.7723,8.7885,-0.7635,0.7614,8.4362,-0.7722,0.8049,8.2850,-0.8371,0.8205,8.2704,-0.8428,0.8200,8.4058,-0.7817,0.8064,11.5472,-1.2603,0.9425,11.7469,-1.2936,0.9378,11.7727,-1.2915,0.9310,14.8082,-1.4486,0.2746,15.9331,-1.5478,0.0478,19.9421,-1.6252,-0.7716,18.7474,-1.6940,-0.4116,19.8503,-1.7828,-0.4818,19.8404,-1.7893,-0.4556,19.7591,-1.8394,-0.4436,21.1720,-1.8830,-0.5997,21.5883,-1.9075,-0.6276,21.6126,-1.8935,-0.6068,21.6143,-1.8937,-0.6066,8.3339,-0.6582,0.7593,11.6985,-1.2847,0.9365,15.9906,-1.5216,0.0367
0.3700,4.7233,-0.5956,0.3348,6.2985,-1.1845,0.2495,8.1088,-1.8750,0.2983,6.8328,-1.3593,0.3283,6.3931,-1.2240,0.2497,7.3501,-1.5219,0.1967,7.9625,-1.6248,-1.0278,12.1759,-2.5817,-0.6593,11.0718,-2.4035,-0.9844,12.3057,-2.8353,-0.9242,12.1658,-2.8753,0.3291,6.3802,-1.2361,0.3209,6.5041,-1.2628,0.2993,6.8417,-1.3597,0.3072,6.8571,-1.3560,0.2559,7.2808,-1.5070,0.1908,8.0327,-1.6370,0.1850,8.1004,-1.6445,0.2458,7.3958,-1.5290,0.2541,8.1456,-1.8949,0.2572,8.2142,-1.9159,0.2606,8.1879,-1.9030,-0.4257,10.3229,-2.2801,-0.6801,11.2460,-2.4374,-1.4835,13.9246,-2.6765,-1.0106,12.1993,-2.6382,-0.9814,12.2273,-2.7536,-0.9803,12.2930,-2.8615,-1.0180,12.5830,-2.8710,-0.9516,12.2199,-2.7840,-0.9361,12.1996,-2.8212,-0.9200,12.1537,-2.9015,-0.9202,12.1546,-2.8933,0.3218,6.4868,-1.2397,0.2579,8.1838,-1.9045,-0.6593,11.0718,-2.4035
-0.4894,0.2176,9.9649,-1.1341,0.1017,12.8785,-1.9592,-0.0802,16.2410,-1.2298,0.0586,13.5305,-1.1558,0.0834,13.1401,-1.2670,0.0280,14.0767,-1.2659,0.0300,14.2766,-2.8844,-1.6729,23.1273,-2.6128,-1.2320,21.2274,-3.4288,-1.8709,25.1399,-3.8771,-1.9252,25.7798,-1.1693,0.0702,13.2927,-1.1853,0.0750,13.2384,-1.2341,0.0593,13.5214,-1.2582,0.0619,13.4687,-1.2691,0.0258,14.0657,-1.2659,0.0299,14.3021,-1.2631,0.0337,14.2880,-1.2660,0.0293,14.0812,-1.9976,-0.0927,16.3784,-2.0372,-0.1010,16.4757,-2.0356,-0.0948,16.3950,-2.4536,-0.9543,20.0488,-2.5996,-1.2326,21.2433,-2.9263,-2.1253,25.4206,-3.0863,-1.7207,23.6206,-3.3985,-1.8154,24.5774,-3.4438,-1.8905,25.3573,-3.4078,-1.8831,25.1507,-3.7074,-1.8443,24.9809,-3.8283,-1.8776,25.3332,-3.8930,-1.9445,26.0001,-3.8931,-1.9414,25.9288,-1.1551,0.0863,13.1480,-2.0252,-0.0959,16.4110,-2.6128,-1.2320,21.2275
6.2446,-0.1780,0.5962,8.4667,-0.6550,0.7765,11.5317,-1.2634,0.9784,8.6645,-0.7513,0.8051,8.4691,-0.6659,0.7897,8.5409,-0.7971,0.8372,8.4212,-0.8517,0.8502,18.2370,-1.6520,-0.3445,16.2358,-1.5485,0.0548,21.4525,-1.8597,-0.8245,23.3448,-1.9660,-0.9962,8.4795,-0.6657,0.7977,8.5567,-0.6937,0.7928,8.7026,-0.7566,0.8031,8.9191,-0.7823,0.7921,8.5612,-0.7914,0.8362,8.4076,-0.8579,0.8518,8.3927,-0.8637,0.8513,8.5303,-0.8011,0.8376,11.7221,-1.2859,0.9764,11.9251,-1.3198,0.9717,11.9513,-1.3177,0.9648,15.0347,-1.4750,0.2968,16.1773,-1.5751,0.0660,18.2427,-1.6495,-0.3404,20.2949,-1.7592,-0.7580,21.4707,-1.8498,-0.8429,21.4581,-1.8556,-0.8205,21.3723,-1.9102,-0.8042,22.8820,-1.9536,-0.9762,23.3258,-1.9781,-1.0098,23.3496,-1.9617,-0.9926,23.3515,-1.9620,-0.9916,8.4570,-0.6748,0.7899,11.8759,-1.3107,0.9703,16.2358,-1.5485,0.0548
0.4020,4.7075,-0.6434,0.3680,6.2818,-1.2401,0.2839,8.0910,-1.9392,0.3320,6.8164,-1.4174,0.3615,6.3764,-1.2806,0.2836,7.3337,-1.5818,0.2309,7.9457,-1.6854,-0.9937,12.1551,-2.6559,-0.6250,11.0519,-2.4751,-1.3513,13.3745,-3.0351,-1.2980,13.2187,-3.0766,0.3623,6.3636,-1.2932,0.3542,6.4876,-1.3198,0.3330,6.8253,-1.4177,0.3412,6.8410,-1.4141,0.2898,7.2644,-1.5669,0.2250,8.0157,-1.6978,0.2192,8.0834,-1.7052,0.2798,7.3794,-1.5889,0.2887,8.1279,-1.9597,0.2920,8.1967,-1.9811,0.2953,8.1704,-1.9680,-0.3914,10.3035,-2.3501,-0.6457,11.2260,-2.5091,-0.9907,12.1446,-2.6753,-1.3738,13.2635,-2.8221,-1.3490,13.2898,-2.9462,-1.3465,13.3611,-3.0639,-1.3879,13.6716,-3.0724,-1.3262,13.2771,-2.9766,-1.3119,13.2543,-3.0168,-1.2931,13.2060,-3.1054,-1.2935,13.2069,-3.0965,0.3551,6.4701,-1.2963,0.2926,8.1663,-1.9695,-0.6250,11.0519,-2.4751
-0.5547,0.2235,10.0927,-1.2189,0.1109,13.0356,-2.0700,-0.0669,16.4317,-1.3166,0.0676,13.6944,-1.2407,0.0924,13.3001,-1.3534,0.0369,14.2461,-1.3518,0.0393,14.4480,-3.0454,-1.6643,23.3923,-2.7590,-1.2221,21.4717,-3.6987,-2.2502,26.8328,-4.1847,-2.3027,27.5112,-1.2544,0.0790,13.4544,-1.2710,0.0839,13.3994,-1.3212,0.0682,13.6853,-1.3470,0.0709,13.6322,-1.3557,0.0346,14.2351,-1.3518,0.0393,14.4737,-1.3489,0.0431,14.4594,-1.3524,0.0382,14.2506,-2.1100,-0.0795,16.5707,-2.1511,-0.0878,16.6693,-2.1496,-0.0816,16.5877,-2.5907,-0.9438,20.2804,-2.7454,-1.2226,21.4876,-3.0563,-1.6795,23.5515,-3.3324,-2.0904,25.2275,-3.6682,-2.1896,26.2387,-3.7142,-2.2710,27.0628,-3.6748,-2.2668,26.8418,-4.0037,-2.2172,26.6670,-4.1339,-2.2518,27.0397,-4.2011,-2.3232,27.7443,-4.2013,-2.3199,27.6685,-1.2400,0.0954,13.3080,-2.1386,-0.0827,16.6038,-2.7590,-1.2221,21.4718
6.3484,-0.1923,0.6453,8.6165,-0.6782,0.8295,11.7446,-1.2973,1.0356,8.8187,-0.7775,0.8587,8.6190,-0.6895,0.8432,8.6927,-0.8250,0.8912,8.5705,-0.8814,0.9042,18.5842,-1.6845,-0.3189,16.5429,-1.5816,0.0898,24.1171,-1.9547,-1.4563,26.2054,-2.0641,-1.6630,8.6297,-0.6894,0.8514,8.7085,-0.7181,0.8462,8.8575,-0.7829,0.8568,9.0784,-0.8092,0.8456,8.7135,-0.8190,0.8902,8.5566,-0.8879,0.9058,8.5415,-0.8938,0.9052,8.6819,-0.8291,0.8916,11.9390,-1.3204,1.0337,12.1463,-1.3552,1.0291,12.1730,-1.3530,1.0220,15.3178,-1.5083,0.3376,16.4831,-1.6088,0.1010,18.5902,-1.6820,-0.3147,20.6833,-1.7912,-0.7418,24.1393,-1.9452,-1.4700,24.1224,-1.9496,-1.4549,24.0291,-2.0115,-1.4311,25.6978,-2.0546,-1.6292,26.1866,-2.0792,-1.6727,26.2097,-2.0587,-1.6622,26.2119,-2.0591,-1.6598,8.6066,-0.6988,0.8433,12.0960,-1.3458,1.0276,16.5429,-1.5816,0.0898
0.4464,4.7052,-0.7455,0.4166,6.2805,-1.3616,0.3376,8.0902,-2.0823,0.3812,6.8166,-1.5438,0.4101,6.3754,-1.4040,0.3329,7.3350,-1.7120,0.2804,7.9477,-1.8169,-0.9340,12.1576,-2.8344,-0.5670,11.0536,-2.6439,-1.9936,15.2827,-3.4360,-1.9507,15.0984,-3.4809,0.4109,6.3626,-1.4178,0.4031,6.4870,-1.4440,0.3823,6.8256,-1.5441,0.3909,6.8414,-1.5402,0.3390,7.2656,-1.6970,0.2745,8.0179,-1.8294,0.2687,8.0856,-1.8367,0.3291,7.3807,-1.7191,0.3427,8.1274,-2.1039,0.3462,8.1967,-2.1262,0.3496,8.1703,-2.1126,-0.3345,10.3047,-2.5130,-0.5876,11.2279,-2.6780,-0.9310,12.1472,-2.8548,-1.3124,13.2667,-3.0098,-1.9923,15.1867,-3.3334,-1.9875,15.2682,-3.4696,-2.0355,15.6149,-3.4759,-1.9807,15.1644,-3.3646,-1.9680,15.1371,-3.4106,-1.9445,15.0845,-3.5146,-1.9450,15.0855,-3.5044,0.4038,6.4691,-1.4198,0.3467,8.1661,-2.1142,-0.5670,11.0536,-2.6439
-0.6475,0.2346,10.3469,-1.3436,0.1253,13.3539,-2.2372,-0.0484,16.8235,-1.4450,0.0815,14.0275,-1.3659,0.1065,13.6244,-1.4816,0.0504,14.5912,-1.4792,0.0534,14.7973,-3.2884,-1.6662,23.9421,-2.9795,-1.2184,21.9777,-4.1338,-2.9300,29.8980,-4.6845,-2.9794,30.6458,-1.3798,0.0928,13.7822,-1.3975,0.0980,13.7258,-1.4500,0.0822,14.0182,-1.4782,0.0850,13.9642,-1.4840,0.0481,14.5799,-1.4791,0.0535,14.8235,-1.4761,0.0575,14.8089,-1.4805,0.0518,14.5957,-2.2795,-0.0613,16.9659,-2.3231,-0.0697,17.0669,-2.3218,-0.0634,16.9835,-2.7978,-0.9366,20.7593,-2.9653,-1.2186,21.9937,-3.2994,-1.6818,24.1049,-3.5983,-2.0975,25.8195,-4.1028,-2.8602,29.2460,-4.1504,-2.9532,30.1510,-4.1047,-2.9545,29.9038,-4.4838,-2.8856,29.7190,-4.6299,-2.9226,30.1288,-4.7020,-3.0023,30.9023,-4.7023,-2.9986,30.8183,-1.3651,0.1096,13.6324,-2.3100,-0.0645,16.9999,-2.9795,-1.2184,21.9778
6.3347,-0.2024,0.6581,8.6006,-0.6883,0.8419,11.7258,-1.3069,1.0474,8.8029,-0.7882,0.8709,8.6032,-0.6998,0.8556,8.6772,-0.8363,0.9031,8.5552,-0.8934,0.9159,18.5569,-1.6915,-0.3077,16.5181,-1.5893,0.1010,27.3936,-1.9599,-2.1543,26.1703,-2.0692,-1.6519,8.6140,-0.6996,0.8638,8.6927,-0.7285,0.8585,8.8417,-0.7937,0.8690,9.0623,-0.8200,0.8579,8.6980,-0.8303,0.9021,8.5413,-0.8999,0.9175,8.5261,-0.9060,0.9169,8.6664,-0.8404,0.9034,11.9200,-1.3300,1.0456,12.1272,-1.3649,1.0410,12.1538,-1.3627,1.0339,15.2946,-1.5165,0.3490,16.4583,-1.6166,0.1122,18.5630,-1.6890,-0.3035,20.6534,-1.7974,-0.7306,24.1050,-1.9500,-1.4590,28.6727,-1.9530,-2.4295,27.2981,-2.0211,-2.1244,25.6627,-2.0596,-1.6178,26.1514,-2.0844,-1.6613,26.1748,-2.0638,-1.6511,26.1770,-2.0643,-1.6488,8.5908,-0.7091,0.8556,12.0769,-1.3555,1.0395,16.5181,-1.5893,0.1011
0.4503,4.7436,-0.7961,0.4236,6.3262,-1.4248,0.3489,8.1439,-2.1604,0.3880,6.8654,-1.6096,0.4171,6.4217,-1.4682,0.3394,7.3868,-1.7799,0.2864,8.0030,-1.8856,-0.9177,12.2323,-2.9424,-0.5523,11.1227,-2.7435,-2.7415,18.2342,-3.6962,-1.9278,15.1885,-3.6170,0.4180,6.4089,-1.4827,0.4101,6.5339,-1.5086,0.3892,6.8744,-1.6098,0.3980,6.8903,-1.6058,0.3456,7.3170,-1.7649,0.2805,8.0736,-1.8982,0.2747,8.1417,-1.9054,0.3355,7.4327,-1.7870,0.3542,8.1814,-2.1826,0.3578,8.2510,-2.2053,0.3612,8.2244,-2.1914,-0.3206,10.3700,-2.6074,-0.5730,11.2978,-2.7776,-0.9147,12.2219,-2.9634,-1.2944,13.3470,-3.1258,-1.9718,15.2768,-3.4641,-3.0288,19.3134,-3.7794,-2.7918,18.6181,-3.7381,-1.9585,15.2544,-3.4973,-1.9452,15.2271,-3.5447,-1.9216,15.1747,-3.6516,-1.9221,15.1757,-3.6410,0.4108,6.5159,-1.4840,0.3582,8.2202,-2.1930,-0.5523,11.1227,-2.7436
-0.6560,0.2422,10.4741,-1.3606,0.1309,13.5195,-2.2649,-0.0458,17.0333,-1.4633,0.0865,14.2018,-1.3831,0.1119,13.7934,-1.5005,0.0551,14.7729,-1.4981,0.0582,14.9817,-3.3266,-1.6865,24.2415,-3.0146,-1.2324,22.2524,-4.2452,-3.6828,33.8731,-4.7378,-3.0181,31.0296,-1.3972,0.0980,13.9532,-1.4152,0.1032,13.8962,-1.4684,0.0872,14.1924,-1.4970,0.0900,14.1377,-1.5029,0.0527,14.7615,-1.4980,0.0583,15.0084,-1.4949,0.0623,14.9935,-1.4994,0.0565,14.7775,-2.3078,-0.0589,17.1775,-2.3519,-0.0675,17.2797,-2.3506,-0.0610,17.1953,-2.8311,-0.9466,21.0187,-3.0002,-1.2326,22.2688,-3.3377,-1.7023,24.4064,-3.6395,-2.1239,26.1424,-4.1487,-2.8975,29.6120,-4.2890,-3.9807,35.5330,-4.2114,-3.7168,33.8743,-4.5345,-2.9232,30.0909,-4.6824,-2.9607,30.5059,-4.7555,-3.0413,31.2893,-4.7559,-3.0375,31.2042,-1.3823,0.1151,13.8016,-2.3386,-0.0622,17.2119,-3.0146,-1.2324,22.2525
6.3613,-0.2272,0.6568,8.6297,-0.7180,0.8436,11.7583,-1.3424,1.0531,8.8326,-0.8193,0.8728,8.6323,-0.7297,0.8574,8.7069,-0.8688,0.9053,8.5851,-0.9279,0.9183,18.5982,-1.7409,-0.2930,16.5568,-1.6350,0.1132,27.4460,-2.0286,-2.1274,26.2193,-2.1283,-1.6297,8.6431,-0.7296,0.8657,8.7220,-0.7587,0.8603,8.8714,-0.8247,0.8709,9.0925,-0.8510,0.8597,8.7277,-0.8626,0.9044,8.5712,-0.9346,0.9199,8.5561,-0.9409,0.9193,8.6962,-0.8731,0.9057,11.9528,-1.3656,1.0512,12.1602,-1.4005,1.0466,12.1869,-1.3983,1.0395,15.3317,-1.5596,0.3595,16.4971,-1.6627,0.1243,18.6042,-1.7384,-0.2887,20.6973,-1.8506,-0.7135,24.1532,-2.0100,-1.4372,27.4503,-2.0224,-2.1290,35.4984,-2.1089,-3.8258,25.7117,-2.1189,-1.5962,26.2006,-2.1434,-1.6395,26.2237,-2.1229,-1.6287,26.2259,-2.1233,-1.6264,8.6200,-0.7394,0.8574,12.1099,-1.3911,1.0451,16.5568,-1.6350,0.1132
0.4538,4.7814,-0.7901,0.4260,6.3781,-1.4217,0.3493,8.2122,-2.1607,0.3901,6.9220,-1.6077,0.4194,6.4744,-1.4653,0.3410,7.4478,-1.7791,0.2876,8.0694,-1.8857,-0.9316,12.3366,-2.9424,-0.5620,11.2171,-2.7438,-2.7755,18.3915,-3.6932,-1.9539,15.3186,-3.6160,0.4203,6.4615,-1.4798,0.4123,6.5876,-1.5060,0.3912,6.9311,-1.6079,0.4000,6.9471,-1.6039,0.3473,7.3775,-1.7640,0.2816,8.1406,-1.8984,0.2758,8.2092,-1.9058,0.3371,7.4942,-1.7863,0.3546,8.2500,-2.1830,0.3582,8.3202,-2.2058,0.3617,8.2934,-2.1918,-0.3278,10.4578,-2.6078,-0.5830,11.3938,-2.7783,-0.9286,12.3260,-2.9634,-1.3127,13.4611,-3.1254,-1.9977,15.4079,-3.4631,-2.7680,18.3752,-3.7310,-4.7337,25.9180,-4.0298,-1.9847,15.3853,-3.4961,-1.9715,15.3576,-3.5436,-1.9477,15.3047,-3.6508,-1.9482,15.3057,-3.6402,0.4130,6.5695,-1.4813,0.3587,8.2892,-2.1934,-0.5620,11.2171,-2.7438
-0.6535,0.2521,10.4134,-1.3538,0.1399,13.4447,-2.2524,-0.0380,16.9421,-1.4563,0.0957,14.1244,-1.3763,0.1210,13.7174,-1.4935,0.0646,14.6932,-1.4913,0.0678,14.9015,-3.3018,-1.6763,24.1138,-2.9935,-1.2228,22.1350,-4.2060,-3.6713,33.6967,-4.7000,-3.0058,30.8672,-1.3904,0.1072,13.8765,-1.4082,0.1124,13.8199,-1.4613,0.0964,14.1150,-1.4898,0.0992,14.0605,-1.4959,0.0622,14.6818,-1.4912,0.0679,14.9280,-1.4881,0.0719,14.9133,-1.4924,0.0659,14.6979,-2.2950,-0.0510,17.0856,-2.3389,-0.0596,17.1874,-2.3376,-0.0532,17.1033,-2.8121,-0.9374,20.9075,-2.9792,-1.2231,22.1514,-3.3130,-1.6920,24.2779,-3.6111,-2.1132,26.0048,-4.1140,-2.8858,29.4563,-4.2234,-3.6972,33.9770,-4.3177,-5.4618,42.4323,-4.4976,-2.9115,29.9328,-4.6448,-2.9487,30.3458,-4.7178,-3.0288,31.1257,-4.7181,-3.0250,31.0411,-1.3755,0.1242,13.7256,-2.3257,-0.0543,17.1199,-2.9935,-1.2228,22.1351
6.4863,-0.1974,0.6802,8.8099,-0.6937,0.8682,12.0145,-1.3258,1.0783,9.0172,-0.7957,0.8980,8.8125,-0.7053,0.8823,8.8881,-0.8443,0.9310,8.7629,-0.9022,0.9441,19.0189,-1.7143,-0.3143,16.9283,-1.6111,0.1057,24.6852,-1.9846,-1.4836,29.5122,-2.1631,-2.4592,8.8236,-0.7052,0.8908,8.9042,-0.7347,0.8853,9.0569,-0.8012,0.8960,9.2830,-0.8283,0.8847,8.9095,-0.8383,0.9301,8.7487,-0.9088,0.9458,8.7331,-0.9149,0.9452,8.8771,-0.8485,0.9314,12.2137,-1.3495,1.0764,12.4261,-1.3852,1.0718,12.4534,-1.3830,1.0645,15.6738,-1.5375,0.3604,16.8670,-1.6390,0.1171,19.0251,-1.7117,-0.3101,21.1686,-1.8213,-0.7489,24.7077,-1.9749,-1.4974,24.6907,-1.9793,-1.4823,24.5949,-2.0425,-1.4580,28.9533,-2.1571,-2.4094,29.4940,-2.1818,-2.4643,29.5160,-2.1564,-2.4615,29.5186,-2.1570,-2.4575,8.7998,-0.7148,0.8823,12.3746,-1.3756,1.0702,16.9283,-1.6111,0.1057
0.4926,4.6652,-0.8017,0.4633,6.2353,-1.4249,0.3848,8.0386,-2.1529,0.4287,6.7703,-1.6097,0.4570,6.3298,-1.4684,0.3810,7.2871,-1.7798,0.3290,7.8974,-1.8854,-0.8881,12.0903,-2.9096,-0.5206,10.9906,-2.7181,-1.9491,15.2029,-3.5147,-2.7320,17.1556,-3.7730,0.4577,6.3171,-1.4828,0.4501,6.4414,-1.5087,0.4299,6.7793,-1.6100,0.4388,6.7954,-1.6061,0.3870,7.2179,-1.7648,0.3232,7.9673,-1.8980,0.3175,8.0347,-1.9052,0.3772,7.3326,-1.7869,0.3900,8.0760,-2.1752,0.3935,8.1454,-2.1981,0.3970,8.1191,-2.1841,-0.2878,10.2446,-2.5865,-0.5408,11.1645,-2.7523,-0.8852,12.0799,-2.9304,-1.2669,13.1951,-3.0856,-1.9477,15.1071,-3.4106,-1.9432,15.1884,-3.5489,-1.9904,15.5341,-3.5548,-2.7632,17.2307,-3.6423,-2.7531,17.1981,-3.6928,-2.7244,17.1405,-3.8110,-2.7251,17.1415,-3.7997,0.4508,6.4232,-1.4841,0.3940,8.1148,-2.1857,-0.5206,10.9906,-2.7181
-0.7466,0.2390,10.5298,-1.4721,0.1352,13.5772,-2.4054,-0.0313,17.0931,-1.5764,0.0911,14.2601,-1.4946,0.1162,13.8516,-1.6124,0.0599,14.8311,-1.6090,0.0635,15.0397,-3.5355,-1.6526,24.3161,-3.2031,-1.2039,22.3225,-4.4444,-2.9191,30.3596,-5.2241,-3.7155,33.9177,-1.5087,0.1022,14.0117,-1.5273,0.1076,13.9543,-1.5819,0.0919,14.2507,-1.6126,0.0948,14.1962,-1.6149,0.0575,14.8198,-1.6088,0.0636,15.0662,-1.6056,0.0677,15.0513,-1.6111,0.0614,14.8357,-2.4500,-0.0443,17.2377,-2.4958,-0.0527,17.3403,-2.4948,-0.0463,17.2558,-3.0073,-0.9216,21.0862,-3.1885,-1.2037,22.3385,-3.5466,-1.6685,24.4811,-3.8694,-2.0845,26.2216,-4.4136,-2.8485,29.6990,-4.4611,-2.9427,30.6160,-4.4147,-2.9429,30.3649,-5.0032,-3.6131,32.9067,-5.1660,-3.6525,33.3543,-5.2427,-3.7408,34.1981,-5.2431,-3.7367,34.1057,-1.4937,0.1194,13.8596,-2.4821,-0.0475,17.2724,-3.2031,-1.2039,22.3226
6.5185,-0.1989,0.6962,8.8574,-0.6976,0.8850,12.0832,-1.3325,1.0957,9.0661,-0.8004,0.9149,8.8601,-0.7093,0.8991,8.9363,-0.8494,0.9480,8.8102,-0.9076,0.9610,19.1323,-1.7187,-0.3091,17.0283,-1.6162,0.1145,24.8347,-1.9868,-1.4887,31.3284,-2.2040,-2.9388,8.8713,-0.7093,0.9077,8.9525,-0.7390,0.9021,9.1061,-0.8060,0.9129,9.3337,-0.8333,0.9016,8.9578,-0.8433,0.9470,8.7959,-0.9143,0.9627,8.7802,-0.9204,0.9620,8.9252,-0.8537,0.9483,12.2837,-1.3564,1.0939,12.4975,-1.3925,1.0893,12.5250,-1.3902,1.0820,15.7658,-1.5430,0.3715,16.9665,-1.6442,0.1259,19.1385,-1.7161,-0.3049,21.2957,-1.8249,-0.7474,24.8572,-1.9771,-1.5023,24.8403,-1.9815,-1.4875,24.7437,-2.0449,-1.4630,29.1297,-2.1576,-2.4217,31.3107,-2.2248,-2.9410,31.3319,-2.1965,-2.9431,31.3347,-2.1972,-2.9381,8.8473,-0.7189,0.8992,12.4457,-1.3828,1.0877,17.0284,-1.6162,0.1145
0.5071,4.6611,-0.8372,0.4793,6.2301,-1.4667,0.4027,8.0321,-2.2019,0.4449,6.7652,-1.6531,0.4730,6.3247,-1.5109,0.3973,7.2820,-1.8244,0.3454,7.8920,-1.9303,-0.8668,12.0815,-2.9707,-0.5002,10.9825,-2.7759,-1.9252,15.1921,-3.5860,-3.2230,18.4820,-3.9803,0.4738,6.3120,-1.5257,0.4662,6.4363,-1.5514,0.4461,6.7742,-1.6534,0.4552,6.7904,-1.6494,0.4034,7.2128,-1.8094,0.3396,7.9619,-1.9430,0.3340,8.0293,-1.9502,0.3935,7.3275,-1.8315,0.4080,8.0696,-2.2245,0.4116,8.1390,-2.2477,0.4151,8.1127,-2.2336,-0.2681,10.2369,-2.6422,-0.5204,11.1562,-2.8100,-0.8639,12.0712,-2.9919,-1.2447,13.1855,-3.1500,-1.9237,15.0963,-3.4807,-1.9193,15.1777,-3.6208,-1.9664,15.5231,-3.6261,-2.7371,17.2182,-3.7176,-3.2466,18.5268,-3.8937,-3.2144,18.4661,-4.0213,-3.2152,18.4671,-4.0092,0.4669,6.4180,-1.5266,0.4120,8.1084,-2.2351,-0.5002,10.9825,-2.7759
-0.7788,0.2412,10.6234,-1.5158,0.1387,13.6941,-2.4645,-0.0262,17.2369,-1.6214,0.0944,14.3824,-1.5384,0.1195,13.9707,-1.6573,0.0630,14.9576,-1.6536,0.0667,15.1677,-3.6223,-1.6547,24.5179,-3.2817,-1.2041,22.5081,-4.5536,-2.9268,30.6100,-5.4664,-4.1903,35.9276,-1.5526,0.1054,14.1321,-1.5717,0.1109,14.0742,-1.6270,0.0951,14.3729,-1.6586,0.0981,14.3180,-1.6599,0.0605,14.9463,-1.6534,0.0669,15.1945,-1.6501,0.0710,15.1794,-1.6560,0.0645,14.9623,-2.5098,-0.0394,17.3826,-2.5565,-0.0478,17.4861,-2.5556,-0.0414,17.4010,-3.0809,-0.9206,21.2619,-3.2668,-1.2037,22.5242,-3.6334,-1.6707,24.6841,-3.9646,-2.0885,26.4388,-4.5227,-2.8557,29.9444,-4.5703,-2.9506,30.8684,-4.5235,-2.9505,30.6152,-5.1286,-3.6232,33.1787,-5.4061,-4.1236,35.3355,-5.4857,-4.2171,36.2228,-5.4862,-4.2129,36.1251,-1.5376,0.1228,13.9788,-2.5426,-0.0426,17.4177,-3.2817,-1.2041,22.5083
6.4956,-0.1990,0.7097,8.8315,-0.6959,0.8972,12.0531,-1.3281,1.1064,9.0400,-0.7987,0.9270,8.8342,-0.7076,0.9114,8.9104,-0.8477,0.9597,8.7845,-0.9058,0.9726,19.0907,-1.7069,-0.3015,16.9902,-1.6065,0.1229,24.7840,-1.9691,-1.4835,32.8879,-2.2185,-3.4003,8.8454,-0.7075,0.9200,8.9265,-0.7373,0.9143,9.0799,-0.8043,0.9250,9.3072,-0.8316,0.9138,8.9319,-0.8416,0.9588,8.7701,-0.9125,0.9742,8.7545,-0.9186,0.9735,8.8994,-0.8519,0.9601,12.2533,-1.3520,1.1047,12.4669,-1.3881,1.1001,12.4943,-1.3859,1.0929,15.7298,-1.5347,0.3804,16.9284,-1.6344,0.1342,19.0971,-1.7044,-0.2973,21.2506,-1.8111,-0.7404,24.8063,-1.9595,-1.4967,24.7897,-1.9639,-1.4823,24.6929,-2.0270,-1.4579,29.0714,-2.1359,-2.4169,31.2483,-2.2003,-2.9371,34.2060,-2.2091,-3.6861,32.8941,-2.2111,-3.4006,8.8214,-0.7171,0.9114,12.4151,-1.3785,1.0985,16.9902,-1.6065,0.1229
0.5099,4.6812,-0.8862,0.4857,6.2515,-1.5265,0.4139,8.0548,-2.2743,0.4513,6.7877,-1.7149,0.4793,6.3464,-1.5715,0.4034,7.3055,-1.8877,0.3513,7.9168,-1.9941,-0.8454,12.1102,-3.0713,-0.4819,11.0096,-2.8685,-1.8953,15.2255,-3.7104,-3.6999,19.8606,-4.2577,0.4801,6.3338,-1.5870,0.4726,6.4582,-1.6123,0.4525,6.7968,-1.7151,0.4617,6.8128,-1.7110,0.4095,7.2363,-1.8727,0.3455,7.9868,-2.0068,0.3398,8.0544,-2.0139,0.3997,7.3511,-1.8948,0.4193,8.0924,-2.2975,0.4231,8.1619,-2.3210,0.4266,8.1355,-2.3066,-0.2516,10.2630,-2.7301,-0.5022,11.1835,-2.9026,-0.8425,12.1000,-3.0930,-1.2201,13.2158,-3.2583,-1.8938,15.1293,-3.6029,-1.8894,15.2112,-3.7461,-1.9367,15.5568,-3.7502,-2.7007,17.2537,-3.8537,-3.2067,18.5640,-4.0389,-3.9941,20.9275,-4.3427,-3.6913,19.8450,-4.2891,0.4732,6.4399,-1.5873,0.4235,8.1313,-2.3082,-0.4819,11.0096,-2.8686
-0.7871,0.2438,10.7371,-1.5320,0.1402,13.8408,-2.4908,-0.0265,17.4214,-1.6387,0.0955,14.5364,-1.5548,0.1208,14.1203,-1.6750,0.0638,15.1178,-1.6713,0.0675,15.3301,-3.6610,-1.6724,24.7804,-3.3167,-1.2169,22.7492,-4.6022,-2.9582,30.9379,-5.6344,-4.6987,38.0363,-1.5692,0.1066,14.2834,-1.5884,0.1121,14.2249,-1.6444,0.0962,14.5268,-1.6763,0.0992,14.4713,-1.6776,0.0612,15.1063,-1.6710,0.0677,15.3572,-1.6678,0.0719,15.3420,-1.6737,0.0652,15.1225,-2.5366,-0.0397,17.5688,-2.5838,-0.0483,17.6734,-2.5829,-0.0418,17.5873,-3.1138,-0.9305,21.4896,-3.3017,-1.2166,22.7654,-3.6722,-1.6886,24.9485,-4.0069,-2.1108,26.7220,-4.5710,-2.8863,30.2651,-4.6191,-2.9822,31.1990,-4.5718,-2.9821,30.9432,-5.1834,-3.6620,33.5340,-5.4638,-4.1678,35.7140,-5.6870,-4.9939,39.7386,-5.6550,-4.7225,38.2440,-1.5540,0.1242,14.1284,-2.5698,-0.0430,17.6042,-3.3167,-1.2169,22.7493
6.4959,-0.1990,0.7106,8.8317,-0.6959,0.8985,12.0532,-1.3282,1.1081,9.0402,-0.7987,0.9283,8.8344,-0.7076,0.9127,8.9107,-0.8477,0.9611,8.7847,-0.9058,0.9740,19.0909,-1.7072,-0.2991,16.9904,-1.6068,0.1251,24.7843,-1.9697,-1.4804,32.8883,-2.2194,-3.3964,8.8456,-0.7075,0.9213,8.9267,-0.7373,0.9156,9.0802,-0.8043,0.9264,9.3074,-0.8316,0.9151,8.9321,-0.8416,0.9602,8.7703,-0.9125,0.9756,8.7547,-0.9186,0.9749,8.8996,-0.8519,0.9615,12.2535,-1.3521,1.1063,12.4671,-1.3882,1.1017,12.4945,-1.3860,1.0945,15.7300,-1.5349,0.3825,16.9286,-1.6347,0.1364,19.0973,-1.7047,-0.2948,21.2509,-1.8115,-0.7378,24.8066,-1.9601,-1.4937,24.7900,-1.9645,-1.4792,24.6932,-2.0276,-1.4548,29.0717,-2.1366,-2.4136,31.2486,-2.2012,-2.9335,32.8915,-2.2113,-3.4027,34.5175,-2.2517,-3.8629,8.8216,-0.7171,0.9126,12.4153,-1.3785,1.1002,16.9904,-1.6068,0.1251
0.5099,4.6802,-0.8852,0.4856,6.2506,-1.5254,0.4137,8.0538,-2.2731,0.4512,6.7867,-1.7138,0.4792,6.3455,-1.5704,0.4034,7.3045,-1.8866,0.3512,7.9157,-1.9930,-0.8459,12.1092,-3.0696,-0.4823,11.0086,-2.8670,-1.8961,15.2244,-3.7084,-3.7012,19.8594,-4.2552,0.4800,6.3329,-1.5858,0.4725,6.4572,-1.6112,0.4524,6.7958,-1.7140,0.4616,6.8118,-1.7099,0.4094,7.2353,-1.8716,0.3454,7.9857,-2.0057,0.3397,8.0532,-2.0128,0.3996,7.3501,-1.8937,0.4191,8.0914,-2.2963,0.4229,8.1609,-2.3197,0.4264,8.1346,-2.3053,-0.2520,10.2620,-2.7286,-0.5026,11.1825,-2.9011,-0.8430,12.0989,-3.0914,-1.2207,13.2147,-3.2565,-1.8946,15.1281,-3.6009,-1.8902,15.2101,-3.7440,-1.9375,15.5557,-3.7482,-2.7017,17.2525,-3.8515,-3.2079,18.5629,-4.0365,-3.6916,19.8429,-4.2994,-4.2105,21.1839,-4.4127,0.4731,6.4389,-1.5862,0.4233,8.1303,-2.3070,-0.4823,11.0086,-2.8670
-0.7861,0.2435,10.7237,-1.5301,0.1401,13.8235,-2.4877,-0.0264,17.3997,-1.6366,0.0953,14.5182,-1.5529,0.1207,14.1026,-1.6729,0.0637,15.0989,-1.6692,0.0675,15.3110,-3.6564,-1.6703,24.7495,-3.3126,-1.2154,22.7208,-4.5965,-2.9545,30.8993,-5.6273,-4.6928,37.9888,-1.5672,0.1065,14.2656,-1.5865,0.1120,14.2071,-1.6423,0.0961,14.5086,-1.6742,0.0991,14.4533,-1.6755,0.0612,15.0875,-1.6689,0.0676,15.3380,-1.6657,0.0718,15.3228,-1.6716,0.0652,15.1036,-2.5335,-0.0397,17.5469,-2.5806,-0.0482,17.6513,-2.5797,-0.0417,17.5654,-3.1099,-0.9293,21.4628,-3.2976,-1.2151,22.7370,-3.6676,-1.6865,24.9174,-4.0019,-2.1082,26.6887,-4.5653,-2.8827,30.2274,-4.6133,-2.9785,31.1601,-4.5661,-2.9784,30.9045,-5.1769,-3.6574,33.4922,-5.4570,-4.1626,35.6694,-5.6474,-4.7211,38.2993,-5.7569,-5.1763,39.9097,-1.5520,0.1240,14.1108,-2.5666,-0.0429,17.5822,-3.3126,-1.2154,22.7209
5.7362,-0.1120,0.3063,7.7416,-0.5414,0.4452,8.7306,-0.7156,0.5890,7.9189,-0.6227,0.4656,10.0305,-0.5641,-0.0292,7.8068,-0.6598,0.4913,7.6992,-0.7047,0.5025,10.4138,-0.9269,0.5599,9.9061,-0.8706,0.5739,11.6565,-1.0655,0.5413,12.8202,-1.1601,0.4778,10.0388,-0.5628,-0.0262,7.8220,-0.5739,0.4568,7.9533,-0.6274,0.4638,8.1490,-0.6500,0.4537,7.8251,-0.6551,0.4902,7.6869,-0.7099,0.5039,7.6736,-0.7147,0.5038,7.7974,-0.6631,0.4917,8.8803,-0.7332,0.5864,9.0405,-0.7594,0.5825,9.0609,-0.7588,0.5783,9.6102,-0.8314,0.5814,9.8645,-0.8824,0.5770,10.4197,-0.9264,0.5649,10.9313,-0.9835,0.5411,11.6609,-1.0585,0.5215,11.6630,-1.0648,0.5483,11.6040,-1.0879,0.5461,12.5246,-1.1402,0.4698,12.8004,-1.1630,0.4620,12.8262,-1.1592,0.4848,12.8269,-1.1592,0.4831,11.8484,-0.5825,-0.4146,9.0018,-0.7529,0.5821,9.9061,-0.8706,0.5739
0.1459,4.7747,-0.2127,0.0799,6.3504,-0.7249,0.1343,6.5865,-0.8267,0.0389,6.8806,-0.8793,-0.4654,8.6809,-0.8615,-0.0102,7.3957,-1.0258,-0.0632,8.0076,-1.1226,0.1781,6.7953,-0.9796,0.1615,6.7742,-0.9499,0.2135,6.9014,-1.0891,0.2625,6.8390,-1.1019,-0.4635,8.6659,-0.8717,0.0640,6.5541,-0.7921,0.0392,6.8894,-0.8797,0.0438,6.9042,-0.8768,-0.0040,7.3265,-1.0113,-0.0692,8.0776,-1.1341,-0.0750,8.1453,-1.1420,-0.0140,7.4414,-1.0327,0.1362,6.6184,-0.8385,0.1367,6.6786,-0.8535,0.1393,6.6569,-0.8453,0.1550,6.7202,-0.9222,0.1508,6.8967,-0.9776,0.1787,6.7870,-0.9858,0.1946,6.8234,-1.0056,0.2182,6.8562,-1.0550,0.2144,6.8914,-1.0979,0.1964,7.0785,-1.1181,0.2490,6.8736,-1.0707,0.2598,6.8649,-1.0845,0.2633,6.8294,-1.1106,0.2633,6.8304,-1.1077,-0.9046,10.5829,-0.9581,0.1377,6.6527,-0.8460,0.1615,6.7742,-0.9499
-0.1690,0.1551,9.0214,-0.6935,0.0268,11.6859,-0.9529,0.0682,12.8300,-0.7748,-0.0156,12.2805,-0.7334,-0.5499,14.4565,-0.8120,-0.0461,12.7797,-0.8137,-0.0481,12.9628,-1.3657,-0.1116,14.4894,-1.2507,-0.0667,14.0896,-1.6806,-0.2457,15.8480,-1.9169,-0.3003,16.2683,-0.7461,-0.5642,14.6166,-0.7376,0.0013,12.0142,-0.7774,-0.0151,12.2721,-0.7926,-0.0130,12.2234,-0.8135,-0.0477,12.7696,-0.8141,-0.0485,12.9861,-0.8118,-0.0455,12.9733,-0.8113,-0.0452,12.7839,-0.9770,0.0577,12.9409,-1.0017,0.0502,13.0198,-0.9986,0.0549,12.9530,-1.1822,-0.0398,13.8363,-1.2465,-0.0624,14.1091,-1.3742,-0.1210,14.5953,-1.4756,-0.1484,14.8200,-1.6531,-0.2157,15.4656,-1.6923,-0.2579,15.9940,-1.6738,-0.2417,15.8668,-1.8115,-0.2467,15.7274,-1.8799,-0.2710,15.9638,-1.9292,-0.3123,16.4161,-1.9291,-0.3103,16.3698,-0.7479,-0.9973,16.4732,-0.9936,0.0543,12.9669,-1.2507,-0.0667,14.0896
5.9442,-0.1207,0.4405,8.0353,-0.5695,0.6064,10.9198,-1.1450,0.7924,8.2201,-0.6563,0.6327,8.0371,-0.5790,0.6182,8.1030,-0.6963,0.6633,7.9903,-0.7442,0.6763,12.9017,-1.3841,0.7678,12.3035,-1.3221,0.7835,14.3635,-1.5399,0.7544,15.7366,-1.6390,0.6743,8.0466,-0.5788,0.6250,8.1192,-0.6044,0.6212,8.2560,-0.6612,0.6308,8.4600,-0.6851,0.6201,8.1221,-0.6913,0.6621,7.9775,-0.7496,0.6779,7.9636,-0.7547,0.6776,8.0931,-0.6998,0.6638,12.5368,-1.1727,0.4880,13.7812,-1.2411,0.1894,13.8105,-1.2391,0.1830,11.9544,-1.2770,0.7911,12.2558,-1.3406,0.7889,12.9077,-1.3833,0.7752,13.5121,-1.4468,0.7455,14.3710,-1.5297,0.7252,14.3699,-1.5387,0.7646,14.3034,-1.5729,0.7620,15.3921,-1.6189,0.6596,15.7165,-1.6432,0.6513,15.7424,-1.6376,0.6845,15.7435,-1.6376,0.6819,8.0258,-0.5870,0.6185,13.7279,-1.2323,0.1897,12.3035,-1.3221,0.7835
0.2698,4.6935,-0.3322,0.2231,6.2590,-0.8681,0.1233,8.0596,-1.4986,0.1855,6.7868,-1.0300,0.2165,6.3524,-0.9024,0.1369,7.2990,-1.1824,0.0840,7.9062,-1.2816,0.2052,8.2885,-1.7256,0.1763,8.2680,-1.6784,0.2705,8.4051,-1.8958,0.3498,8.3226,-1.9254,0.2174,6.3393,-0.9115,0.2087,6.4619,-0.9394,0.1863,6.7956,-1.0304,0.1931,6.8106,-1.0273,0.1431,7.2302,-1.1677,0.0781,7.9758,-1.2934,0.0723,8.0430,-1.3011,0.1330,7.3443,-1.1894,-0.2069,9.4241,-1.5760,-0.5421,10.4567,-1.6902,-0.5390,10.4246,-1.6768,0.1637,8.2083,-1.6393,0.1614,8.4090,-1.7080,0.2064,8.2797,-1.7367,0.2338,8.3165,-1.7660,0.2754,8.3499,-1.8439,0.2721,8.3945,-1.9112,0.2478,8.6107,-1.9262,0.3265,8.3616,-1.8705,0.3448,8.3502,-1.8945,0.3514,8.3125,-1.9409,0.3514,8.3135,-1.9357,0.2100,6.4453,-0.9180,-0.5394,10.4212,-1.6791,0.1763,8.2680,-1.6784
-0.2840,0.1838,9.3575,-0.8561,0.0622,12.1134,-1.5847,-0.1260,15.2949,-0.9430,0.0206,12.7289,-0.8766,0.0447,12.3603,-0.9802,-0.0091,13.2452,-0.9807,-0.0087,13.4345,-2.1087,-0.3334,17.2146,-1.9605,-0.2820,16.7499,-2.5070,-0.4891,18.7892,-2.8196,-0.5495,19.2839,-0.8894,0.0323,12.5043,-0.9030,0.0367,12.4532,-0.9463,0.0212,12.7202,-0.9651,0.0236,12.6700,-0.9819,-0.0110,13.2348,-0.9809,-0.0089,13.4586,-0.9784,-0.0055,13.4453,-0.9793,-0.0080,13.2495,-1.6363,-0.4696,16.9725,-1.7233,-0.8133,18.1846,-1.7220,-0.8048,18.0993,-1.8727,-0.2513,16.4571,-1.9534,-0.2769,16.7682,-2.1179,-0.3447,17.3371,-2.2521,-0.3749,17.5995,-2.4785,-0.4526,18.3483,-2.5197,-0.5039,18.9583,-2.4966,-0.4853,18.8059,-2.6918,-0.4856,18.6583,-2.7789,-0.5138,18.9331,-2.8330,-0.5640,19.4552,-2.8329,-0.5616,19.4009,-0.8760,0.0472,12.3678,-1.7121,-0.8066,18.1162,-1.9605,-0.2820,16.7500
5.9622,-0.1572,0.5200,8.0727,-0.6114,0.6907,10.9840,-1.1918,0.8821,8.2602,-0.7018,0.7177,8.0748,-0.6215,0.7030,8.1425,-0.7444,0.7484,8.0289,-0.7954,0.7611,16.1595,-1.5349,-0.0309,15.4553,-1.4709,0.0082,17.8764,-1.6957,-0.1079,19.4980,-1.7958,-0.2358,8.0846,-0.6214,0.7104,8.1579,-0.6477,0.7060,8.2964,-0.7068,0.7158,8.5021,-0.7310,0.7052,8.1618,-0.7391,0.7474,8.0159,-0.8012,0.7627,8.0019,-0.8066,0.7623,8.1325,-0.7481,0.7489,11.1647,-1.2129,0.8799,11.3573,-1.2448,0.8753,11.3823,-1.2429,0.8687,14.3136,-1.3990,0.2373,15.3999,-1.4961,0.0191,16.1651,-1.5330,-0.0260,16.8795,-1.6008,-0.0761,17.8895,-1.6858,-0.1307,17.8822,-1.6930,-0.1013,17.8069,-1.7377,-0.0936,19.0977,-1.7805,-0.2315,19.4790,-1.8043,-0.2533,19.5031,-1.7929,-0.2293,19.5046,-1.7931,-0.2299,8.0634,-0.6299,0.7033,11.3106,-1.2363,0.8740,16.0792,-1.4709,0.0082
0.3301,4.6315,-0.5067,0.2923,6.1751,-1.0694,0.2047,7.9496,-1.7300,0.2562,6.6978,-1.2372,0.2859,6.2677,-1.1067,0.2084,7.2042,-1.3938,0.1564,7.8040,-1.4936,-0.6681,10.8681,-2.2898,-0.6898,10.8526,-2.2283,-0.6192,10.9916,-2.5149,-0.5547,10.8702,-2.5511,0.2868,6.2549,-1.1177,0.2785,6.3762,-1.1443,0.2571,6.7065,-1.2376,0.2645,6.7215,-1.2341,0.2145,7.1363,-1.3792,0.1506,7.8727,-1.5055,0.1449,7.9390,-1.5129,0.2046,7.2490,-1.4007,0.2090,7.9854,-1.7486,0.2119,8.0524,-1.7685,0.2152,8.0266,-1.7564,-0.4599,10.1188,-2.1120,-0.7103,11.0232,-2.2616,-0.6656,10.8583,-2.3062,-0.6480,10.8923,-2.3407,-0.6158,10.9211,-2.4432,-0.6159,10.9797,-2.5376,-0.6492,11.2438,-2.5484,-0.5805,10.9191,-2.4718,-0.5644,10.9016,-2.5046,-0.5512,10.8588,-2.5738,-0.5514,10.8598,-2.5666,0.2796,6.3594,-1.1220,0.2126,8.0227,-1.7578,-0.6898,11.4144,-2.2283
-0.4120,0.2059,9.5667,-1.0201,0.0900,12.3717,-1.7971,-0.0910,15.6093,-1.1111,0.0483,12.9991,-1.0410,0.0723,12.6235,-1.1476,0.0186,13.5251,-1.1472,0.0201,13.7177,-2.5835,-1.2647,20.9517,-2.3983,-1.2078,20.4066,-3.0739,-1.4464,22.7971,-3.4732,-1.5011,23.3820,-1.0540,0.0596,12.7703,-1.0689,0.0642,12.7181,-1.1150,0.0489,12.9904,-1.1369,0.0514,12.9395,-1.1496,0.0166,13.5145,-1.1472,0.0200,13.7423,-1.1446,0.0236,13.7287,-1.1467,0.0198,13.5294,-1.8330,-0.1031,15.7413,-1.8700,-0.1111,15.8348,-1.8683,-0.1051,15.7571,-2.2522,-0.9385,19.2728,-2.3857,-1.2087,20.4221,-2.5936,-1.2783,21.0961,-2.7640,-1.3097,21.4037,-3.0447,-1.3974,22.2811,-3.0879,-1.4642,22.9962,-3.0564,-1.4540,22.8095,-3.3191,-1.4268,22.6492,-3.4277,-1.4579,22.9720,-3.4880,-1.5186,23.5837,-3.4881,-1.5157,23.5187,-1.0403,0.0750,12.6311,-1.8587,-0.1062,15.7726,-2.3983,-1.2078,21.0803