9.6527,-0.0029,0.0041,9.6996,-0.0053,0.0206,9.7636,-0.0081,0.0395,9.7024,-0.0131,0.0325,9.6964,-0.0057,0.0211,9.6880,-0.0134,0.0327,9.6822,-0.0137,0.0327,9.8326,-0.0460,0.0958,9.8109,-0.0353,0.0796,9.8775,-0.0714,0.1342,9.9281,-0.0923,0.1665,9.6943,-0.0057,0.0211,9.6993,-0.0085,0.0255,9.7049,-0.0139,0.0337,9.7186,-0.0184,0.0401,9.6889,-0.0133,0.0327,9.6814,-0.0137,0.0327,9.6812,-0.0138,0.0327,9.6877,-0.0134,0.0327,9.7716,-0.0114,0.0441,9.7810,-0.0155,0.0502,9.7833,-0.0158,0.0506,9.7980,-0.0285,0.0695,9.8094,-0.0354,0.0797,9.8311,-0.0460,0.0959,9.8554,-0.0567,0.1120,9.8832,-0.0712,0.1339,9.8755,-0.0713,0.1342,9.8763,-0.0718,0.1342,9.9239,-0.0876,0.1588,9.9332,-0.0924,0.1663,9.9260,-0.0923,0.1666,9.9264,-0.0923,0.1666,9.6966,-0.0060,0.0215,9.7793,-0.0146,0.0489,9.8109,-0.0353,0.0796
0.0016,9.4907,-0.0041,0.0200,9.5044,-0.0047,0.0285,9.4978,-0.0050,0.0501,9.5406,-0.0231,0.0250,9.5125,-0.0079,0.0787,9.5855,-0.0406,0.1007,9.6334,-0.0559,0.0447,9.4689,-0.0148,0.0427,9.4807,-0.0135,0.0536,9.4480,-0.0206,0.0507,9.4141,-0.0186,0.0250,9.5119,-0.0080,0.0323,9.5184,-0.0123,0.0504,9.5402,-0.0233,0.0505,9.5351,-0.0233,0.0752,9.5795,-0.0385,0.1033,9.6389,-0.0577,0.1056,9.6440,-0.0592,0.0804,9.5892,-0.0418,0.0301,9.4967,-0.0060,0.0330,9.4968,-0.0078,0.0317,9.4942,-0.0070,0.0392,9.4845,-0.0114,0.0497,9.4916,-0.0175,0.0447,9.4685,-0.0148,0.0468,9.4577,-0.0160,0.0503,9.4428,-0.0182,0.0536,9.4475,-0.0207,0.0618,9.4644,-0.0261,0.0506,9.4230,-0.0184,0.0507,9.4160,-0.0184,0.0507,9.4135,-0.0186,0.0507,9.4134,-0.0186,0.0289,9.5200,-0.0105,0.0317,9.4955,-0.0070,0.0427,9.4808,-0.0135
-0.0071,0.0017,10.1942,-0.0036,0.0339,10.2514,-0.0008,0.0623,10.2993,-0.0138,0.0525,10.2567,-0.0070,0.0394,10.2590,-0.0206,0.0655,10.2557,-0.0226,0.0689,10.2421,-0.0364,0.1228,10.3828,-0.0274,0.1078,10.3604,-0.0626,0.1657,10.4504,-0.0756,0.1870,10.4830,-0.0090,0.0427,10.2665,-0.0092,0.0441,10.2585,-0.0138,0.0525,10.2563,-0.0139,0.0525,10.2551,-0.0206,0.0655,10.2587,-0.0228,0.0694,10.2407,-0.0225,0.0690,10.2376,-0.0206,0.0655,10.2540,-0.0031,0.0657,10.3050,-0.0051,0.0689,10.3076,-0.0042,0.0675,10.3053,-0.0218,0.0983,10.3487,-0.0274,0.1079,10.3542,-0.0379,0.1250,10.3884,-0.0442,0.1356,10.4011,-0.0577,0.1581,10.4354,-0.0644,0.1685,10.4574,-0.0625,0.1658,10.4424,-0.0661,0.1711,10.4533,-0.0710,0.1791,10.4671,-0.0775,0.1899,10.4901,-0.0772,0.1896,10.4885,-0.0070,0.0394,10.2552,-0.0042,0.0675,10.3057,-0.0274,0.1078,10.3604
9.7408,-0.0201,0.0128,10.4754,-0.3095,0.3548,10.5494,-0.3140,0.3781,10.4803,-0.3206,0.3691,10.4718,-0.3103,0.3557,10.4648,-0.3231,0.3703,10.4591,-0.3263,0.3708,10.6308,-0.3574,0.4421,10.6054,-0.3452,0.4238,10.6838,-0.3862,0.4857,10.7430,-0.4095,0.5217,10.4693,-0.3102,0.3558,10.4755,-0.3139,0.3608,10.4833,-0.3215,0.3704,10.4999,-0.3266,0.3773,10.4656,-0.3228,0.3702,10.4584,-0.3266,0.3709,10.4583,-0.3270,0.3709,10.4645,-0.3234,0.3703,10.5591,-0.3178,0.3832,10.5705,-0.3227,0.3901,10.5731,-0.3230,0.3905,10.5900,-0.3374,0.4124,10.6040,-0.3460,0.4239,10.6290,-0.3573,0.4422,10.6578,-0.3696,0.4603,10.6905,-0.3859,0.4851,10.6814,-0.3862,0.4859,10.6828,-0.3876,0.4859,10.7383,-0.4044,0.5127,10.7492,-0.4098,0.5211,10.7405,-0.4094,0.5219,10.7410,-0.4094,0.5219,10.4723,-0.3111,0.3561,10.5682,-0.3216,0.3886,10.6054,-0.3452,0.4238
0.0018,9.5554,-0.0356,0.3824,10.1791,-0.3235,0.3936,10.1717,-0.3270,0.4152,10.2230,-0.3459,0.3878,10.1893,-0.3278,0.4458,10.2767,-0.3670,0.4692,10.3346,-0.3846,0.4138,10.1408,-0.3424,0.4109,10.1539,-0.3399,0.4254,10.1184,-0.3525,0.4236,10.0793,-0.3512,0.3879,10.1887,-0.3282,0.3959,10.1963,-0.3329,0.4155,10.2225,-0.3460,0.4156,10.2165,-0.3459,0.4421,10.2697,-0.3646,0.4719,10.3412,-0.3866,0.4743,10.3473,-0.3883,0.4477,10.2812,-0.3683,0.3954,10.1707,-0.3285,0.3987,10.1710,-0.3307,0.3973,10.1678,-0.3296,0.4066,10.1579,-0.3369,0.4182,10.1667,-0.3445,0.4139,10.1403,-0.3427,0.4167,10.1282,-0.3447,0.4216,10.1117,-0.3488,0.4254,10.1180,-0.3529,0.4340,10.1381,-0.3586,0.4229,10.0889,-0.3496,0.4234,10.0812,-0.3503,0.4237,10.0788,-0.3517,0.4237,10.0786,-0.3516,0.3920,10.1983,-0.3307,0.3973,10.1693,-0.3296,0.4109,10.1540,-0.3399
-0.0281,0.0000,10.3139,-0.2104,0.3872,11.0810,-0.2116,0.4200,11.1379,-0.2226,0.4078,11.0881,-0.2143,0.3931,11.0903,-0.2299,0.4220,11.0870,-0.2317,0.4256,11.0715,-0.2573,0.4865,11.2399,-0.2455,0.4699,11.2125,-0.2908,0.5335,11.3224,-0.3089,0.5573,11.3626,-0.2166,0.3966,11.0992,-0.2171,0.3985,11.0897,-0.2227,0.4078,11.0877,-0.2235,0.4080,11.0867,-0.2300,0.4219,11.0905,-0.2319,0.4261,11.0698,-0.2316,0.4257,11.0662,-0.2299,0.4220,11.0851,-0.2146,0.4237,11.1450,-0.2174,0.4273,11.1486,-0.2165,0.4258,11.1458,-0.2382,0.4595,11.1980,-0.2454,0.4701,11.2052,-0.2590,0.4888,11.2467,-0.2678,0.5007,11.2626,-0.2853,0.5255,11.3044,-0.2929,0.5366,11.3308,-0.2906,0.5337,11.3130,-0.2972,0.5401,11.3272,-0.3035,0.5488,11.3438,-0.3110,0.5604,11.3711,-0.3107,0.5601,11.3691,-0.2143,0.3932,11.0859,-0.2163,0.4257,11.1462,-0.2455,0.4699,11.2124
9.8406,-0.0281,0.0204,10.5843,-0.3202,0.3643,11.6134,-0.7194,0.8406,10.5890,-0.3314,0.3788,10.5806,-0.3210,0.3652,10.5733,-0.3340,0.3800,10.5675,-0.3373,0.3806,11.7120,-0.7703,0.9146,11.6813,-0.7562,0.8936,11.7760,-0.8040,0.9652,11.8471,-0.8304,1.0060,10.5781,-0.3209,0.3654,10.5844,-0.3247,0.3704,10.5921,-0.3324,0.3801,10.6088,-0.3375,0.3872,10.5742,-0.3337,0.3799,10.5668,-0.3376,0.3807,10.5667,-0.3380,0.3807,10.5730,-0.3343,0.3800,11.6255,-0.7240,0.8465,11.6396,-0.7300,0.8542,11.6427,-0.7302,0.8546,11.6626,-0.7469,0.8805,11.6802,-0.7578,0.8939,11.7097,-0.7701,0.9149,11.7445,-0.7845,0.9354,11.7839,-0.8034,0.9640,11.7731,-0.8038,0.9655,11.7754,-0.8067,0.9655,11.8417,-0.8249,0.9952,11.8547,-0.8309,1.0050,11.8440,-0.8302,1.0064,11.8445,-0.8302,1.0063,10.5811,-0.3218,0.3657,11.6367,-0.7285,0.8525,11.6813,-0.7562,0.8936
0.0022,9.5866,-0.0632,0.3814,10.2132,-0.3532,0.8936,11.0435,-0.7526,0.4144,10.2570,-0.3757,0.3869,10.2233,-0.3576,0.4452,10.3106,-0.3968,0.4687,10.3686,-0.4144,0.9191,11.0100,-0.7754,0.9149,11.0248,-0.7714,0.9341,10.9858,-0.7910,0.9340,10.9399,-0.7908,0.3870,10.2227,-0.3581,0.3950,10.2303,-0.3627,0.4147,10.2564,-0.3758,0.4149,10.2504,-0.3757,0.4415,10.3036,-0.3944,0.4715,10.3752,-0.4164,0.4739,10.3813,-0.4181,0.4471,10.3151,-0.3981,0.8957,11.0425,-0.7547,0.8995,11.0432,-0.7575,0.8980,11.0391,-0.7560,0.9097,11.0291,-0.7671,0.9228,11.0403,-0.7767,0.9192,11.0096,-0.7762,0.9231,10.9956,-0.7790,0.9298,10.9771,-0.7857,0.9343,10.9855,-0.7920,0.9433,11.0099,-0.7981,0.9324,10.9505,-0.7873,0.9334,10.9417,-0.7888,0.9342,10.9395,-0.7918,0.9342,10.9392,-0.7915,0.3911,10.2323,-0.3605,0.8979,11.0410,-0.7561,0.9149,11.0249,-0.7714
-0.0521,-0.0007,10.4184,-0.2377,0.3901,11.1932,-0.4973,0.9126,12.2303,-0.2499,0.4109,11.2004,-0.2416,0.3961,11.2026,-0.2574,0.4253,11.1992,-0.2591,0.4291,11.1835,-0.5569,0.9869,12.3576,-0.5414,0.9684,12.3234,-0.6003,1.0394,12.4602,-0.6252,1.0665,12.5108,-0.2439,0.3996,11.2116,-0.2444,0.4015,11.2020,-0.2501,0.4110,11.1999,-0.2510,0.4112,11.1989,-0.2574,0.4252,11.2028,-0.2594,0.4296,11.1818,-0.2590,0.4292,11.1781,-0.2573,0.4254,11.1972,-0.5015,0.9167,12.2395,-0.5054,0.9208,12.2444,-0.5044,0.9192,12.2410,-0.5318,0.9567,12.3051,-0.5410,0.9687,12.3146,-0.5589,0.9895,12.3658,-0.5709,1.0030,12.3861,-0.5939,1.0307,12.4382,-0.6028,1.0427,12.4705,-0.5999,1.0396,12.4491,-0.6105,1.0475,12.4676,-0.6188,1.0573,12.4882,-0.6277,1.0698,12.5212,-0.6273,1.0695,12.5186,-0.2415,0.3962,11.1981,-0.5039,0.9191,12.2413,-0.5414,0.9684,12.3233
9.7722,-0.0317,0.0051,10.5076,-0.3204,0.3461,10.5818,-0.3250,0.3696,11.9279,-1.4351,1.0835,10.5040,-0.3213,0.3470,11.9107,-1.4408,1.0861,11.9057,-1.4477,1.0880,10.6635,-0.3686,0.4340,10.6380,-0.3564,0.4156,10.7167,-0.3977,0.4779,10.7762,-0.4209,0.5141,10.5015,-0.3212,0.3472,11.0859,-0.7742,0.6470,11.9322,-1.4364,1.0849,11.9555,-1.4431,1.0926,11.9115,-1.4399,1.0857,11.9051,-1.4485,1.0883,11.9052,-1.4493,1.0885,11.9106,-1.4414,1.0863,10.5916,-0.3288,0.3748,10.6030,-0.3338,0.3816,10.6057,-0.3340,0.3821,10.6226,-0.3485,0.4041,10.6366,-0.3572,0.4158,10.6617,-0.3685,0.4342,10.6906,-0.3808,0.4523,10.7234,-0.3973,0.4773,10.7143,-0.3976,0.4782,10.7157,-0.3992,0.4781,10.7714,-0.4158,0.5050,10.7824,-0.4212,0.5136,10.7737,-0.4208,0.5144,10.7741,-0.4208,0.5143,10.5045,-0.3221,0.3475,10.6008,-0.3326,0.3801,10.6380,-0.3564,0.4156
-0.0055,9.6352,-0.0448,0.3766,10.2636,-0.3344,0.3880,10.2561,-0.3380,1.0851,11.6418,-1.5032,0.3821,10.2739,-0.3388,1.1194,11.7177,-1.5335,1.1445,11.8011,-1.5573,0.4085,10.2248,-0.3540,0.4055,10.2380,-0.3514,0.4203,10.2022,-0.3644,0.4186,10.1626,-0.3633,0.3822,10.2732,-0.3392,0.6664,10.8241,-0.8121,1.0852,11.6413,-1.5033,1.0840,11.6336,-1.5026,1.1154,11.7080,-1.5303,1.1474,11.8106,-1.5600,1.1499,11.8192,-1.5622,1.1213,11.7242,-1.5352,0.3898,10.2550,-0.3396,0.3931,10.2553,-0.3419,0.3918,10.2520,-0.3407,0.4011,10.2421,-0.3482,0.4129,10.2510,-0.3560,0.4086,10.2243,-0.3543,0.4115,10.2121,-0.3563,0.4165,10.1954,-0.3607,0.4204,10.2017,-0.3649,0.4290,10.2220,-0.3706,0.4178,10.1724,-0.3615,0.4183,10.1646,-0.3623,0.4187,10.1622,-0.3638,0.4187,10.1620,-0.3636,0.3864,10.2829,-0.3417,0.3917,10.2536,-0.3408,0.4055,10.2381,-0.3514
-0.0330,-0.0190,10.3673,-0.2164,0.3663,11.1409,-0.2176,0.3993,11.1979,-1.2337,1.0068,12.6128,-0.2203,0.3723,11.1503,-1.2416,1.0181,12.6136,-1.2423,1.0165,12.5954,-0.2636,0.4663,11.3002,-0.2518,0.4497,11.2728,-0.2973,0.5138,11.3828,-0.3155,0.5377,11.4231,-0.2226,0.3758,11.1592,-0.6343,0.6302,11.7503,-1.2340,1.0069,12.6124,-1.2360,1.0077,12.6118,-1.2420,1.0185,12.6181,-1.2424,1.0164,12.5935,-1.2418,1.0154,12.5888,-1.2414,1.0177,12.6112,-0.2207,0.4030,11.2051,-0.2235,0.4066,11.2087,-0.2226,0.4052,11.2059,-0.2444,0.4391,11.2582,-0.2516,0.4499,11.2654,-0.2653,0.4687,11.3070,-0.2741,0.4807,11.3229,-0.2918,0.5056,11.3648,-0.2995,0.5168,11.3912,-0.2971,0.5140,11.3734,-0.3038,0.5203,11.3876,-0.3102,0.5292,11.4043,-0.3177,0.5408,11.4316,-0.3173,0.5406,11.4296,-0.2203,0.3724,11.1458,-0.2223,0.4051,11.2062,-0.2518,0.4497,11.2727
9.7426,-0.0216,0.0100,10.4773,-0.3107,0.3514,10.5512,-0.3152,0.3747,10.4821,-0.3218,0.3657,11.2155,-0.8667,0.6798,10.4666,-0.3244,0.3669,10.4609,-0.3276,0.3675,10.6327,-0.3586,0.4387,10.6072,-0.3465,0.4204,10.6857,-0.3875,0.4824,10.7449,-0.4107,0.5184,11.2124,-0.8664,0.6797,10.4774,-0.3151,0.3573,10.4851,-0.3228,0.3670,10.5017,-0.3279,0.3739,10.4675,-0.3241,0.3668,10.4602,-0.3280,0.3675,10.4601,-0.3283,0.3676,10.4663,-0.3247,0.3669,10.5610,-0.3190,0.3798,10.5724,-0.3239,0.3867,10.5750,-0.3242,0.3871,10.5919,-0.3386,0.4090,10.6058,-0.3472,0.4206,10.6309,-0.3585,0.4389,10.6596,-0.3708,0.4569,10.6923,-0.3872,0.4817,10.6833,-0.3874,0.4826,10.6847,-0.3889,0.4826,10.7402,-0.4057,0.5094,10.7511,-0.4110,0.5178,10.7424,-0.4106,0.5186,10.7429,-0.4106,0.5186,11.2166,-0.8678,0.6804,10.5701,-0.3228,0.3852,10.6072,-0.3465,0.4204
0.0015,9.5729,-0.0379,0.3828,10.1973,-0.3259,0.3940,10.1899,-0.3295,0.4156,10.2413,-0.3484,0.6927,10.9088,-0.9081,0.4463,10.2951,-0.3696,0.4697,10.3531,-0.3872,0.4143,10.1588,-0.3450,0.4113,10.1720,-0.3425,0.4259,10.1364,-0.3552,0.4242,10.0972,-0.3540,0.6929,10.9084,-0.9088,0.3963,10.2145,-0.3354,0.4159,10.2408,-0.3486,0.4161,10.2348,-0.3484,0.4426,10.2880,-0.3672,0.4725,10.3597,-0.3892,0.4749,10.3658,-0.3909,0.4482,10.2996,-0.3709,0.3958,10.1888,-0.3310,0.3991,10.1891,-0.3333,0.3977,10.1859,-0.3321,0.4070,10.1760,-0.3394,0.4187,10.1849,-0.3471,0.4144,10.1584,-0.3454,0.4172,10.1462,-0.3473,0.4221,10.1297,-0.3515,0.4260,10.1360,-0.3557,0.4345,10.1562,-0.3614,0.4234,10.1069,-0.3523,0.4239,10.0991,-0.3531,0.4243,10.0968,-0.3545,0.4243,10.0965,-0.3543,0.6970,10.9204,-0.9117,0.3977,10.1875,-0.3321,0.4113,10.1720,-0.3425
-0.0284,-0.0034,10.3357,-0.2112,0.3839,11.1050,-0.2123,0.4168,11.1620,-0.2233,0.4045,11.1122,-0.7265,0.6678,11.8818,-0.2307,0.4187,11.1110,-0.2325,0.4224,11.0955,-0.2581,0.4834,11.2642,-0.2463,0.4668,11.2368,-0.2917,0.5306,11.3468,-0.3097,0.5544,11.3871,-0.7294,0.6714,11.8931,-0.2178,0.3952,11.1138,-0.2234,0.4045,11.1117,-0.2243,0.4047,11.1107,-0.2308,0.4187,11.1146,-0.2327,0.4229,11.0938,-0.2324,0.4225,11.0902,-0.2307,0.4188,11.1091,-0.2153,0.4204,11.1692,-0.2182,0.4241,11.1727,-0.2172,0.4226,11.1700,-0.2390,0.4564,11.2222,-0.2462,0.4670,11.2294,-0.2598,0.4858,11.2710,-0.2686,0.4977,11.2869,-0.2862,0.5225,11.3288,-0.2938,0.5336,11.3552,-0.2914,0.5308,11.3374,-0.2980,0.5371,11.3516,-0.3044,0.5459,11.3683,-0.3119,0.5575,11.3956,-0.3116,0.5572,11.3936,-0.7264,0.6674,11.8767,-0.2170,0.4225,11.1703,-0.2463,0.4668,11.2367
9.7699,-0.0428,-0.0001,10.5034,-0.3298,0.3395,10.5775,-0.3344,0.3631,11.9173,-1.4395,1.0759,10.4998,-0.3307,0.3404,14.1415,-3.2106,2.2342,13.1753,-2.4623,1.7417,10.6593,-0.3782,0.4277,10.6338,-0.3659,0.4092,10.7125,-0.4073,0.4717,10.7720,-0.4305,0.5080,10.4972,-0.3307,0.3406,11.0790,-0.7816,0.6399,11.9216,-1.4408,1.0774,11.9449,-1.4475,1.0850,13.1803,-2.4504,1.7378,13.1747,-2.4634,1.7420,13.1751,-2.4647,1.7425,14.1415,-3.2117,2.2346,10.5873,-0.3382,0.3683,10.5988,-0.3432,0.3751,10.6014,-0.3434,0.3756,10.6183,-0.3580,0.3977,10.6324,-0.3668,0.4094,10.6575,-0.3781,0.4278,10.6864,-0.3904,0.4460,10.7192,-0.4069,0.4710,10.7101,-0.4072,0.4719,10.7115,-0.4089,0.4719,10.7673,-0.4254,0.4988,10.7782,-0.4308,0.5074,10.7695,-0.4304,0.5082,10.7699,-0.4304,0.5082,10.5002,-0.3316,0.3409,10.5965,-0.3420,0.3736,10.6337,-0.3659,0.4092
-0.0054,9.7099,-0.0513,0.3797,10.3419,-0.3424,0.3912,10.3343,-0.3462,1.0953,11.7271,-1.5186,0.3853,10.3523,-0.3469,2.2042,13.9352,-3.3725,1.7724,13.1316,-2.6230,0.4120,10.3027,-0.3625,0.4090,10.3161,-0.3598,0.4239,10.2799,-0.3732,0.4223,10.2401,-0.3722,0.3854,10.3516,-0.3474,0.6724,10.9052,-0.8232,1.0954,11.7265,-1.5187,1.0942,11.7187,-1.5180,1.7415,13.0128,-2.5896,1.7755,13.1437,-2.6264,1.7781,13.1547,-2.6290,2.2063,13.9447,-3.3750,0.3931,10.3332,-0.3478,0.3964,10.3335,-0.3501,0.3950,10.3302,-0.3490,0.4045,10.3202,-0.3566,0.4165,10.3292,-0.3645,0.4121,10.3023,-0.3629,0.4150,10.2899,-0.3650,0.4201,10.2731,-0.3694,0.4240,10.2795,-0.3737,0.4327,10.3000,-0.3795,0.4214,10.2499,-0.3704,0.4220,10.2420,-0.3712,0.4224,10.2396,-0.3727,0.4224,10.2394,-0.3726,0.3896,10.3614,-0.3498,0.3950,10.3318,-0.3490,0.4090,10.3161,-0.3598
-0.0331,-0.0372,10.4057,-0.2179,0.3457,11.1856,-0.2190,0.3788,11.2426,-1.2378,0.9775,12.6716,-0.2217,0.3517,11.1949,-2.8405,1.9779,15.0026,-2.1576,1.5448,13.9857,-0.2651,0.4461,11.3448,-0.2532,0.4294,11.3174,-0.2988,0.4939,11.4274,-0.3170,0.5180,11.4677,-0.2241,0.3553,11.2039,-0.6368,0.6060,11.8008,-1.2382,0.9776,12.6711,-1.2401,0.9784,12.6705,-2.1585,1.5521,14.0116,-2.1576,1.5442,13.9836,-2.1567,1.5427,13.9779,-2.8400,1.9769,14.9994,-0.2221,0.3825,11.2498,-0.2249,0.3862,11.2533,-0.2240,0.3847,11.2506,-0.2459,0.4188,11.3029,-0.2531,0.4296,11.3100,-0.2668,0.4486,11.3516,-0.2756,0.4606,11.3675,-0.2933,0.4857,11.4094,-0.3009,0.4970,11.4359,-0.2986,0.4941,11.4180,-0.3053,0.5005,11.4321,-0.3116,0.5094,11.4488,-0.3192,0.5211,11.4762,-0.3188,0.5208,11.4742,-0.2217,0.3518,11.1905,-0.2237,0.3846,11.2509,-0.2532,0.4294,11.3173
9.7671,-0.0498,-0.0014,10.4981,-0.3352,0.3377,10.5724,-0.3398,0.3613,11.9051,-1.4409,1.0755,10.4945,-0.3362,0.3386,13.1611,-2.4495,1.7393,14.8564,-3.7581,2.5101,10.6542,-0.3838,0.4260,10.6286,-0.3715,0.4076,10.7074,-0.4130,0.4701,10.7670,-0.4362,0.5064,10.4920,-0.3362,0.3388,11.0709,-0.7854,0.6387,11.9094,-1.4422,1.0769,11.9327,-1.4489,1.0846,13.1617,-2.4481,1.7387,14.8561,-3.7597,2.5107,14.8571,-3.7614,2.5115,13.1611,-2.4504,1.7396,10.5822,-0.3437,0.3665,10.5936,-0.3487,0.3734,10.5963,-0.3489,0.3738,10.6132,-0.3636,0.3960,10.6272,-0.3724,0.4078,10.6524,-0.3837,0.4262,10.6813,-0.3960,0.4444,10.7142,-0.4125,0.4694,10.7050,-0.4129,0.4703,10.7065,-0.4146,0.4704,10.7623,-0.4311,0.4972,10.7733,-0.4364,0.5058,10.7645,-0.4361,0.5066,10.7650,-0.4361,0.5066,10.4950,-0.3371,0.3391,10.5914,-0.3475,0.3719,10.6286,-0.3715,0.4076
-0.0055,9.7968,-0.0531,0.3832,10.4341,-0.3466,0.3948,10.4264,-0.3505,1.1055,11.8307,-1.5328,0.3888,10.4446,-0.3511,1.7621,13.1393,-2.6170,2.4913,14.9132,-3.9916,0.4158,10.3946,-0.3670,0.4127,10.4081,-0.3643,0.4278,10.3716,-0.3779,0.4262,10.3314,-0.3769,0.3889,10.4439,-0.3516,0.6787,11.0021,-0.8315,1.1056,11.8301,-1.5329,1.1044,11.8223,-1.5322,1.7578,13.1271,-2.6129,2.4947,14.9299,-3.9962,2.4975,14.9450,-3.9998,1.7642,13.1476,-2.6192,0.3966,10.4253,-0.3521,0.4000,10.4257,-0.3545,0.3986,10.4223,-0.3533,0.4082,10.4122,-0.3611,0.4203,10.4212,-0.3689,0.4159,10.3941,-0.3674,0.4188,10.3816,-0.3695,0.4239,10.3647,-0.3740,0.4279,10.3711,-0.3784,0.4366,10.3918,-0.3842,0.4253,10.3413,-0.3750,0.4259,10.3333,-0.3758,0.4263,10.3309,-0.3774,0.4263,10.3307,-0.3772,0.3931,10.4538,-0.3541,0.3986,10.4239,-0.3533,0.4127,10.4081,-0.3643
-0.0330,-0.0532,10.4202,-0.2187,0.3273,11.2038,-0.2198,0.3604,11.2608,-1.2395,0.9514,12.6987,-0.2226,0.3333,11.2132,-2.1603,1.5181,14.0416,-3.3336,2.1442,15.7905,-0.2659,0.4279,11.3629,-0.2540,0.4111,11.3355,-0.2996,0.4758,11.4454,-0.3178,0.4999,11.4855,-0.2250,0.3369,11.2221,-0.6380,0.5845,11.8226,-1.2398,0.9515,12.6983,-1.2418,0.9524,12.6976,-2.1609,1.5189,14.0468,-3.3335,2.1428,15.7879,-3.3322,2.1406,15.7805,-2.1600,1.5173,14.0387,-0.2229,0.3641,11.2680,-0.2258,0.3678,11.2715,-0.2248,0.3663,11.2687,-0.2467,0.4005,11.3210,-0.2539,0.4114,11.3281,-0.2676,0.4303,11.3696,-0.2764,0.4424,11.3855,-0.2941,0.4676,11.4274,-0.3017,0.4789,11.4538,-0.2994,0.4760,11.4360,-0.3060,0.4824,11.4500,-0.3124,0.4913,11.4667,-0.3199,0.5030,11.4941,-0.3196,0.5028,11.4921,-0.2226,0.3334,11.2087,-0.2246,0.3662,11.2691,-0.2540,0.4111,11.3354
10.0068,-0.0341,-0.0068,10.7672,-0.3310,0.3358,11.8197,-0.7367,0.8102,10.7719,-0.3425,0.3507,10.7635,-0.3319,0.3368,10.7558,-0.3453,0.3520,10.7498,-0.3488,0.3526,13.7874,-2.2026,1.8071,13.2200,-1.7853,1.5207,13.8791,-2.2454,1.8598,13.9779,-2.2793,1.9040,10.7609,-0.3318,0.3370,10.7672,-0.3356,0.3421,10.7750,-0.3435,0.3520,10.7919,-0.3487,0.3592,10.7567,-0.3449,0.3519,10.7490,-0.3491,0.3527,10.7489,-0.3495,0.3527,10.7554,-0.3456,0.3520,11.8320,-0.7414,0.8162,11.8462,-0.7475,0.8242,11.8494,-0.7477,0.8245,12.8672,-1.5227,1.3420,13.2191,-1.7877,1.5215,13.7845,-2.2021,1.8070,13.8333,-2.2210,1.8296,13.8892,-2.2451,1.8598,13.8752,-2.2449,1.8596,13.8792,-2.2499,1.8611,13.9696,-2.2734,1.8937,13.9880,-2.2809,1.9038,13.9739,-2.2787,1.9038,13.9745,-2.2787,1.9040,10.7640,-0.3327,0.3373,11.8433,-0.7460,0.8224,13.2200,-1.7853,1.5207
-0.0308,9.6278,-0.0922,0.3424,10.2572,-0.3819,0.8460,11.0915,-0.7805,0.3759,10.3010,-0.4046,0.3480,10.2674,-0.3863,0.4070,10.3549,-0.4257,0.4308,10.4130,-0.4433,1.7360,12.7334,-2.2728,1.4825,12.2727,-1.8467,1.7513,12.7084,-2.2968,1.7487,12.6491,-2.2968,0.3481,10.2667,-0.3869,0.3562,10.2743,-0.3915,0.3762,10.3005,-0.4047,0.3765,10.2945,-0.4046,0.4033,10.3478,-0.4234,0.4335,10.4196,-0.4453,0.4360,10.4257,-0.4470,0.4089,10.3594,-0.4271,0.8482,11.0905,-0.7827,0.8520,11.0911,-0.7856,0.8505,11.0871,-0.7841,1.3219,11.9768,-1.5787,1.4910,12.2925,-1.8534,1.7364,12.7332,-2.2742,1.7393,12.7163,-2.2781,1.7459,12.6950,-2.2885,1.7519,12.7082,-2.2985,1.7611,12.7429,-2.3063,1.7462,12.6613,-2.2903,1.7472,12.6506,-2.2929,1.7493,12.6489,-2.2985,1.7493,12.6485,-2.2981,0.3523,10.2764,-0.3892,0.8504,11.0890,-0.7841,1.4825,12.2727,-1.8467
-0.0796,-0.0101,10.5861,-0.2658,0.3858,11.3698,-0.5263,0.9150,12.4188,-0.2785,0.4072,11.3771,-0.2698,0.3919,11.3794,-0.2861,0.4219,11.3759,-0.2880,0.4258,11.3599,-1.8997,1.8002,14.4556,-1.5059,1.5504,13.8700,-1.9640,1.8615,14.6029,-2.0034,1.8970,14.6751,-0.2721,0.3956,11.3886,-0.2727,0.3975,11.3788,-0.2787,0.4072,11.3766,-0.2797,0.4074,11.3756,-0.2862,0.4218,11.3795,-0.2883,0.4263,11.3582,-0.2879,0.4259,11.3544,-0.2861,0.4219,11.3739,-0.5307,0.9192,12.4281,-0.5348,0.9234,12.4331,-0.5338,0.9219,12.4297,-1.2608,1.3936,13.5106,-1.5050,1.5499,13.8594,-1.9024,1.8029,14.4672,-1.9211,1.8199,14.4970,-1.9557,1.8530,14.5715,-1.9674,1.8651,14.6172,-1.9627,1.8594,14.5886,-1.9821,1.8750,14.6150,-1.9946,1.8868,14.6442,-2.0068,1.9006,14.6897,-2.0064,1.9004,14.6858,-0.2698,0.3920,11.3749,-0.5332,0.9217,12.4299,-1.5059,1.5504,13.8698
9.9592,-0.0333,0.0001,10.7148,-0.3287,0.3428,11.7605,-0.7324,0.8173,10.7195,-0.3401,0.3576,10.7111,-0.3296,0.3437,10.7035,-0.3429,0.3588,10.6976,-0.3463,0.3594,13.1910,-1.7938,1.5509,13.1514,-1.7770,1.5290,13.2748,-1.8341,1.6030,13.3656,-1.8658,1.6462,10.7086,-0.3295,0.3440,10.7148,-0.3333,0.3490,10.7226,-0.3411,0.3589,10.7394,-0.3463,0.3660,10.7044,-0.3426,0.3588,10.6968,-0.3467,0.3595,10.6967,-0.3471,0.3595,10.7032,-0.3432,0.3589,11.7727,-0.7370,0.8233,11.7869,-0.7431,0.8312,11.7901,-0.7433,0.8316,12.8010,-1.5154,1.3500,13.1505,-1.7794,1.5297,13.1883,-1.7935,1.5509,13.2330,-1.8110,1.5729,13.2842,-1.8336,1.6026,13.2712,-1.8336,1.6029,13.2747,-1.8380,1.6040,13.3582,-1.8600,1.6358,13.3751,-1.8671,1.6458,13.3619,-1.8653,1.6462,13.3625,-1.8653,1.6463,10.7116,-0.3304,0.3442,11.7840,-0.7416,0.8294,13.1514,-1.7770,1.5289
-0.0213,9.6225,-0.0851,0.3538,10.2514,-0.3749,0.8602,11.0848,-0.7738,0.3872,10.2952,-0.3976,0.3594,10.2615,-0.3794,0.4183,10.3490,-0.4187,0.4420,10.4072,-0.4363,1.5045,12.2485,-1.8473,1.5006,12.2653,-1.8417,1.5198,12.2237,-1.8690,1.5179,12.1681,-1.8689,0.3595,10.2609,-0.3799,0.3676,10.2685,-0.3845,0.3875,10.2947,-0.3977,0.3878,10.2887,-0.3976,0.4146,10.3420,-0.4164,0.4447,10.4138,-0.4383,0.4472,10.4199,-0.4400,0.4202,10.3536,-0.4201,0.8624,11.0838,-0.7760,0.8662,11.0844,-0.7789,0.8647,11.0804,-0.7773,1.3390,11.9696,-1.5733,1.5090,12.2851,-1.8484,1.5048,12.2482,-1.8485,1.5080,12.2321,-1.8521,1.5146,12.2116,-1.8615,1.5202,12.2234,-1.8705,1.5294,12.2553,-1.8778,1.5156,12.1799,-1.8633,1.5166,12.1697,-1.8656,1.5184,12.1679,-1.8705,1.5183,12.1675,-1.8701,0.3637,10.2705,-0.3822,0.8647,11.0823,-0.7774,1.5006,12.2654,-1.8416
-0.0717,-0.0090,10.5447,-0.2579,0.3853,11.3267,-0.5184,0.9124,12.3733,-0.2705,0.4065,11.3339,-0.2619,0.3914,11.3362,-0.2781,0.4211,11.3327,-0.2799,0.4250,11.3168,-1.5171,1.5652,13.8675,-1.4958,1.5439,13.8227,-1.5754,1.6241,14.0021,-1.6107,1.6572,14.0681,-0.2642,0.3950,11.3454,-0.2648,0.3969,11.3356,-0.2707,0.4065,11.3334,-0.2717,0.4068,11.3324,-0.2781,0.4210,11.3363,-0.2802,0.4255,11.3151,-0.2798,0.4251,11.3114,-0.2780,0.4212,11.3307,-0.5227,0.9166,12.3827,-0.5268,0.9208,12.3876,-0.5258,0.9192,12.3842,-1.2513,1.3881,13.4637,-1.4950,1.5434,13.8121,-1.5196,1.5679,13.8781,-1.5364,1.5839,13.9053,-1.5676,1.6155,13.9734,-1.5786,1.6276,14.0153,-1.5744,1.6226,13.9887,-1.5913,1.6360,14.0128,-1.6026,1.6473,14.0396,-1.6139,1.6607,14.0815,-1.6134,1.6605,14.0780,-0.2619,0.3915,11.3317,-0.5252,0.9191,12.3844,-1.4958,1.5439,13.8225
10.1185,-0.0372,-0.0272,10.8905,-0.3374,0.3142,11.9593,-0.7479,0.7868,10.8951,-0.3491,0.3293,10.8868,-0.3384,0.3152,10.8787,-0.3521,0.3306,10.8727,-0.3556,0.3313,13.9588,-2.2254,1.7773,13.3822,-1.8048,1.4927,16.5172,-4.0927,2.9841,15.6434,-3.4115,2.6004,10.8842,-0.3383,0.3155,10.8905,-0.3422,0.3205,10.8982,-0.3501,0.3307,10.9153,-0.3554,0.3380,10.8797,-0.3517,0.3306,10.8719,-0.3560,0.3313,10.8718,-0.3564,0.3314,10.8784,-0.3524,0.3307,11.9717,-0.7526,0.7929,11.9860,-0.7587,0.8010,11.9893,-0.7589,0.8013,13.0237,-1.5401,1.3152,13.3813,-1.8072,1.4935,13.9558,-2.2250,1.7771,14.5401,-2.6456,2.0628,15.5347,-3.3716,2.5546,16.5120,-4.0917,2.9831,16.5188,-4.0992,2.9865,15.6328,-3.4052,2.5906,15.6555,-3.4138,2.6010,15.6386,-3.4106,2.5997,15.6394,-3.4106,2.6002,10.8872,-0.3393,0.3157,11.9831,-0.7572,0.7992,13.3822,-1.8048,1.4927
-0.0526,9.6528,-0.1124,0.3165,10.2836,-0.4015,0.8142,11.1200,-0.7992,0.3502,10.3275,-0.4244,0.3221,10.2938,-0.4061,0.3816,10.3814,-0.4456,0.4055,10.4397,-0.4632,1.6940,12.7631,-2.2865,1.4435,12.3020,-1.8618,2.8153,14.9614,-4.2491,2.3981,13.9827,-3.4764,0.3222,10.2932,-0.4067,0.3304,10.3008,-0.4112,0.3506,10.3270,-0.4245,0.3508,10.3209,-0.4244,0.3778,10.3744,-0.4433,0.4082,10.4464,-0.4652,0.4107,10.4525,-0.4668,0.3835,10.3860,-0.4469,0.8164,11.1190,-0.8015,0.8203,11.1196,-0.8045,0.8188,11.1155,-0.8029,1.2847,12.0060,-1.5948,1.4521,12.3219,-1.8685,1.6945,12.7628,-2.2880,1.9468,13.2231,-2.7125,2.3962,14.0354,-3.4657,2.8163,14.9616,-4.2517,2.8260,15.0116,-4.2624,2.3949,13.9963,-3.4677,2.3957,13.9840,-3.4711,2.3989,13.9826,-3.4788,2.3989,13.9822,-3.4782,0.3264,10.3029,-0.4089,0.8187,11.1174,-0.8030,1.4435,12.3021,-1.8618
-0.0984,-0.0152,10.7150,-0.2854,0.3850,11.5057,-0.5469,0.9200,12.5639,-0.2984,0.4067,11.5131,-0.2895,0.3913,11.5155,-0.3062,0.4217,11.5118,-0.3082,0.4257,11.4956,-1.9314,1.8184,14.6146,-1.5344,1.5649,14.0250,-3.7222,2.8794,17.3041,-3.0872,2.5568,16.3681,-0.2919,0.3949,11.5248,-0.2925,0.3969,11.5148,-0.2986,0.4068,11.5126,-0.2998,0.4070,11.5115,-0.3063,0.4216,11.5155,-0.3084,0.4262,11.4939,-0.3081,0.4258,11.4901,-0.3062,0.4217,11.5098,-0.5514,0.9242,12.5734,-0.5556,0.9286,12.5784,-0.5546,0.9269,12.5749,-1.2873,1.4058,13.6632,-1.5336,1.5644,14.0142,-1.9341,1.8212,14.6263,-2.3290,2.0691,15.2012,-3.0265,2.5064,16.2400,-3.7270,2.8834,17.3244,-3.7198,2.8744,17.2851,-3.0606,2.5325,16.2946,-3.0764,2.5459,16.3306,-3.0913,2.5607,16.3860,-3.0908,2.5604,16.3811,-0.2895,0.3914,11.5109,-0.5540,0.9268,12.5752,-1.5344,1.5649,14.0248
10.2129,-0.0364,-0.0369,10.9946,-0.3400,0.3052,12.0767,-0.7550,0.7787,10.9991,-0.3517,0.3204,10.9908,-0.3409,0.3062,10.9825,-0.3547,0.3218,10.9764,-0.3582,0.3224,14.1028,-2.2454,1.7687,13.5185,-1.8211,1.4843,15.6880,-3.4018,2.5445,18.2290,-5.2367,3.7777,10.9882,-0.3409,0.3065,10.9945,-0.3447,0.3116,11.0022,-0.3527,0.3218,11.0194,-0.3580,0.3292,10.9835,-0.3543,0.3217,10.9756,-0.3586,0.3225,10.9755,-0.3590,0.3225,10.9822,-0.3550,0.3218,12.0892,-0.7597,0.7849,12.1036,-0.7659,0.7931,12.1069,-0.7661,0.7934,13.1553,-1.5541,1.3069,13.5176,-1.8236,1.4851,14.0998,-2.2450,1.7685,14.6919,-2.6693,2.0540,15.6999,-3.4016,2.5454,15.6834,-3.4009,2.5438,15.6886,-3.4075,2.5465,16.8786,-4.2366,3.1096,17.5751,-4.7436,3.4491,18.2231,-5.2354,3.7763,18.2240,-5.2354,3.7771,10.9912,-0.3418,0.3067,12.1007,-0.7644,0.7912,13.5185,-1.8211,1.4843
-0.0712,9.6428,-0.1227,0.2931,10.2744,-0.4113,0.7841,11.1119,-0.8083,0.3269,10.3181,-0.4341,0.2987,10.2845,-0.4159,0.3583,10.3719,-0.4553,0.3823,10.4300,-0.4728,1.6501,12.7565,-2.2893,1.4036,12.2950,-1.8665,2.3476,14.0470,-3.4741,3.4901,16.1148,-5.3880,0.2988,10.2839,-0.4165,0.3070,10.2915,-0.4210,0.3272,10.3176,-0.4343,0.3276,10.3115,-0.4342,0.3546,10.3648,-0.4530,0.3850,10.4366,-0.4748,0.3875,10.4427,-0.4764,0.3602,10.3764,-0.4566,0.7863,11.1109,-0.8106,0.7903,11.1115,-0.8137,0.7887,11.1074,-0.8121,1.2473,11.9987,-1.6006,1.4121,12.3148,-1.8731,1.6506,12.7563,-2.2908,1.8988,13.2170,-2.7136,2.3412,14.0301,-3.4634,2.3485,14.0470,-3.4765,2.3580,14.0897,-3.4854,2.8447,14.9418,-4.3122,3.1656,15.5218,-4.8478,3.4914,16.1149,-5.3913,3.4913,16.1144,-5.3906,0.3030,10.2935,-0.4187,0.7886,11.1093,-0.8121,1.4036,12.2950,-1.8665
-0.1144,-0.0128,10.7646,-0.3007,0.3903,11.5556,-0.5612,0.9290,12.6139,-0.3139,0.4121,11.5630,-0.3048,0.3965,11.5654,-0.3217,0.4271,11.5618,-0.3238,0.4312,11.5454,-1.9479,1.8387,14.6610,-1.5503,1.5819,14.0724,-3.0546,2.5438,16.3224,-4.8124,3.6227,18.8851,-0.3072,0.4002,11.5748,-0.3079,0.4022,11.5647,-0.3141,0.4122,11.5625,-0.3153,0.4124,11.5614,-0.3218,0.4270,11.5655,-0.3240,0.4317,11.5437,-0.3237,0.4313,11.5399,-0.3217,0.4272,11.5597,-0.5658,0.9333,12.6235,-0.5701,0.9376,12.6285,-0.5691,0.9360,12.6250,-1.3029,1.4208,13.7113,-1.5495,1.5815,14.0616,-1.9507,1.8415,14.6728,-2.3462,2.0925,15.2466,-3.0447,2.5354,16.2835,-3.0587,2.5476,16.3402,-3.0527,2.5400,16.3055,-3.8361,3.0235,17.4311,-4.3273,3.3251,18.1558,-4.8177,3.6268,18.9081,-4.8171,3.6266,18.9016,-0.3048,0.3966,11.5608,-0.5684,0.9359,12.6253,-1.5503,1.5819,14.0723
9.7430,-0.0216,0.0082,10.4780,-0.3107,0.3492,10.5520,-0.3152,0.3726,10.4829,-0.3219,0.3636,11.2168,-0.8667,0.6769,10.4674,-0.3245,0.3648,10.4617,-0.3277,0.3653,10.6334,-0.3587,0.4366,10.6080,-0.3465,0.4184,10.6864,-0.3875,0.4803,10.7456,-0.4108,0.5163,11.6591,-1.2004,0.8736,10.4782,-0.3152,0.3552,10.4859,-0.3228,0.3649,10.5025,-0.3279,0.3718,10.4682,-0.3241,0.3647,10.4610,-0.3280,0.3654,10.4609,-0.3284,0.3654,10.4671,-0.3247,0.3648,10.5617,-0.3191,0.3777,10.5731,-0.3240,0.3846,10.5758,-0.3243,0.3850,10.5926,-0.3386,0.4069,10.6066,-0.3473,0.4185,10.6316,-0.3586,0.4368,10.6604,-0.3708,0.4549,10.6930,-0.3872,0.4797,10.6840,-0.3875,0.4805,10.6854,-0.3890,0.4805,10.7409,-0.4057,0.5073,10.7518,-0.4110,0.5158,10.7431,-0.4107,0.5166,10.7436,-0.4107,0.5165,11.2179,-0.8678,0.6775,10.5709,-0.3228,0.3831,10.6080,-0.3465,0.4184
0.0015,9.5724,-0.0392,0.3828,10.1964,-0.3270,0.3940,10.1890,-0.3306,0.4157,10.2404,-0.3495,0.6929,10.9072,-0.9087,0.4463,10.2942,-0.3707,0.4698,10.3523,-0.3883,0.4143,10.1580,-0.3462,0.4114,10.1712,-0.3437,0.4260,10.1356,-0.3565,0.4243,10.0964,-0.3553,0.8765,11.3266,-1.2566,0.3963,10.2137,-0.3365,0.4159,10.2399,-0.3497,0.4161,10.2339,-0.3495,0.4427,10.2872,-0.3683,0.4725,10.3589,-0.3904,0.4749,10.3650,-0.3921,0.4482,10.2987,-0.3720,0.3958,10.1880,-0.3321,0.3991,10.1883,-0.3344,0.3978,10.1850,-0.3332,0.4071,10.1752,-0.3406,0.4188,10.1840,-0.3483,0.4144,10.1575,-0.3466,0.4173,10.1454,-0.3485,0.4222,10.1289,-0.3528,0.4260,10.1351,-0.3569,0.4346,10.1553,-0.3626,0.4235,10.1060,-0.3536,0.4240,10.0983,-0.3543,0.4244,10.0959,-0.3557,0.4244,10.0957,-0.3556,0.6972,10.9189,-0.9123,0.3977,10.1866,-0.3333,0.4114,10.1712,-0.3437
-0.0284,-0.0034,10.3486,-0.2114,0.3844,11.1188,-0.2125,0.4173,11.1759,-0.2236,0.4050,11.1260,-0.7274,0.6686,11.8966,-0.2310,0.4193,11.1248,-0.2328,0.4229,11.1093,-0.2584,0.4840,11.2782,-0.2466,0.4674,11.2507,-0.2920,0.5312,11.3609,-0.3101,0.5551,11.4012,-1.0375,0.8402,12.3686,-0.2181,0.3957,11.1276,-0.2237,0.4051,11.1255,-0.2245,0.4052,11.1245,-0.2311,0.4192,11.1284,-0.2330,0.4234,11.1076,-0.2327,0.4230,11.1039,-0.2310,0.4193,11.1229,-0.2156,0.4210,11.1831,-0.2184,0.4246,11.1866,-0.2175,0.4231,11.1839,-0.2393,0.4569,11.2362,-0.2465,0.4676,11.2434,-0.2601,0.4864,11.2850,-0.2689,0.4983,11.3009,-0.2865,0.5231,11.3429,-0.2942,0.5343,11.3693,-0.2918,0.5314,11.3515,-0.2984,0.5378,11.3657,-0.3048,0.5466,11.3824,-0.3123,0.5582,11.4097,-0.3119,0.5579,11.4077,-0.7273,0.6682,11.8914,-0.2173,0.4230,11.1842,-0.2466,0.4674,11.2506
9.7540,-0.0249,0.0085,10.4892,-0.3140,0.3498,10.5633,-0.3185,0.3731,11.0743,-0.7763,0.6593,10.4856,-0.3148,0.3506,11.0581,-0.7802,0.6611,11.0527,-0.7849,0.6622,10.6448,-0.3620,0.4373,10.6193,-0.3498,0.4190,10.6978,-0.3909,0.4811,10.7572,-0.4142,0.5171,10.4831,-0.3148,0.3508,11.0679,-0.7682,0.6503,11.0778,-0.7774,0.6607,11.0972,-0.7832,0.6679,11.0589,-0.7796,0.6609,11.0520,-0.7854,0.6623,11.0520,-0.7859,0.6625,11.0578,-0.7805,0.6612,10.5730,-0.3223,0.3783,10.5844,-0.3273,0.3851,10.5871,-0.3275,0.3856,10.6039,-0.3419,0.4076,10.6179,-0.3506,0.4191,10.6430,-0.3619,0.4375,10.6718,-0.3742,0.4556,10.7045,-0.3906,0.4804,10.6954,-0.3909,0.4813,10.6969,-0.3924,0.4813,10.7524,-0.4091,0.5081,10.7634,-0.4144,0.5166,10.7547,-0.4141,0.5174,10.7551,-0.4141,0.5173,10.4861,-0.3157,0.3511,10.5822,-0.3261,0.3837,10.6193,-0.3498,0.4190
-0.0012,9.5877,-0.0406,0.3800,10.2130,-0.3290,0.3913,10.2056,-0.3326,0.6891,10.8025,-0.8201,0.3855,10.2233,-0.3334,0.7212,10.8653,-0.8449,0.7453,10.9336,-0.8651,0.4117,10.1745,-0.3483,0.4087,10.1877,-0.3457,0.4233,10.1520,-0.3585,0.4216,10.1127,-0.3574,0.3856,10.2226,-0.3338,0.6692,10.7710,-0.8050,0.6893,10.8020,-0.8202,0.6889,10.7953,-0.8198,0.7174,10.8572,-0.8422,0.7481,10.9414,-0.8674,0.7506,10.9485,-0.8693,0.7231,10.8706,-0.8464,0.3931,10.2045,-0.3341,0.3964,10.2048,-0.3364,0.3951,10.2016,-0.3352,0.4044,10.1917,-0.3426,0.4161,10.2006,-0.3503,0.4118,10.1740,-0.3486,0.4146,10.1619,-0.3506,0.4196,10.1453,-0.3548,0.4234,10.1516,-0.3590,0.4320,10.1718,-0.3647,0.4209,10.1224,-0.3557,0.4214,10.1147,-0.3564,0.4217,10.1123,-0.3578,0.4217,10.1120,-0.3577,0.3897,10.2323,-0.3363,0.3950,10.2032,-0.3353,0.4087,10.1877,-0.3457
-0.0302,-0.0077,10.3432,-0.2130,0.3789,11.1135,-0.2142,0.4118,11.1705,-0.6367,0.6535,11.7193,-0.2169,0.3849,11.1228,-0.6443,0.6666,11.7189,-0.6456,0.6681,11.7023,-0.2601,0.4786,11.2726,-0.2483,0.4620,11.2452,-0.2937,0.5258,11.3552,-0.3118,0.5497,11.3955,-0.2192,0.3884,11.1317,-0.6306,0.6446,11.7201,-0.6369,0.6536,11.7188,-0.6382,0.6540,11.7180,-0.6445,0.6667,11.7228,-0.6458,0.6683,11.7005,-0.6453,0.6677,11.6964,-0.6442,0.6664,11.7168,-0.2173,0.4155,11.1776,-0.2201,0.4192,11.1812,-0.2192,0.4177,11.1784,-0.2410,0.4515,11.2307,-0.2481,0.4622,11.2379,-0.2618,0.4810,11.2794,-0.2706,0.4929,11.2954,-0.2882,0.5178,11.3373,-0.2958,0.5289,11.3637,-0.2935,0.5260,11.3459,-0.3001,0.5324,11.3600,-0.3065,0.5412,11.3767,-0.3140,0.5528,11.4041,-0.3136,0.5525,11.4020,-0.2169,0.3850,11.1184,-0.2189,0.4176,11.1788,-0.2483,0.4620,11.2451
9.7767,-0.0318,0.0051,10.5125,-0.3206,0.3463,10.5867,-0.3252,0.3698,11.9334,-1.4358,1.0840,10.5089,-0.3215,0.3472,11.9162,-1.4415,1.0866,11.9112,-1.4484,1.0886,10.6685,-0.3688,0.4342,10.6429,-0.3566,0.4158,10.7217,-0.3979,0.4782,10.7812,-0.4212,0.5144,10.5064,-0.3214,0.3474,11.0910,-0.7746,0.6473,12.0869,-1.5488,1.1520,12.1111,-1.5558,1.1598,11.9169,-1.4406,1.0863,11.9105,-1.4492,1.0888,11.9106,-1.4500,1.0891,11.9160,-1.4420,1.0868,10.5965,-0.3290,0.3750,10.6079,-0.3340,0.3818,10.6106,-0.3342,0.3822,10.6275,-0.3487,0.4043,10.6415,-0.3574,0.4160,10.6666,-0.3688,0.4344,10.6956,-0.3811,0.4525,10.7284,-0.3975,0.4775,10.7193,-0.3978,0.4784,10.7207,-0.3994,0.4784,10.7764,-0.4161,0.5053,10.7874,-0.4214,0.5138,10.7787,-0.4211,0.5146,10.7791,-0.4211,0.5146,10.5094,-0.3224,0.3476,10.6057,-0.3328,0.3803,10.6429,-0.3566,0.4158
-0.0063,9.6363,-0.0448,0.3757,10.2649,-0.3344,0.3870,10.2573,-0.3381,1.0837,11.6436,-1.5034,0.3812,10.2751,-0.3388,1.1180,11.7195,-1.5336,1.1431,11.8029,-1.5574,0.4076,10.2260,-0.3540,0.4046,10.2393,-0.3514,0.4193,10.2034,-0.3645,0.4177,10.1639,-0.3634,0.3813,10.2745,-0.3393,0.6653,10.8256,-0.8122,1.1450,11.7837,-1.6190,1.1437,11.7758,-1.6183,1.1141,11.7098,-1.5304,1.1461,11.8124,-1.5602,1.1486,11.8210,-1.5624,1.1200,11.7259,-1.5354,0.3888,10.2563,-0.3397,0.3922,10.2566,-0.3420,0.3908,10.2533,-0.3408,0.4002,10.2433,-0.3483,0.4120,10.2522,-0.3560,0.4077,10.2256,-0.3544,0.4105,10.2133,-0.3564,0.4155,10.1967,-0.3607,0.4194,10.2030,-0.3650,0.4280,10.2233,-0.3707,0.4169,10.1737,-0.3616,0.4174,10.1659,-0.3624,0.4178,10.1634,-0.3639,0.4178,10.1632,-0.3637,0.3854,10.2842,-0.3417,0.3908,10.2549,-0.3408,0.4046,10.2394,-0.3514
-0.0335,-0.0192,10.3672,-0.2167,0.3661,11.1407,-0.2179,0.3991,11.1978,-1.2338,1.0066,12.6123,-0.2206,0.3721,11.1501,-1.2418,1.0180,12.6131,-1.2424,1.0164,12.5949,-0.2640,0.4661,11.3000,-0.2521,0.4495,11.2726,-0.2977,0.5136,11.3826,-0.3159,0.5376,11.4229,-0.2230,0.3757,11.1590,-0.6345,0.6300,11.7500,-1.3368,1.0631,12.7656,-1.3388,1.0640,12.7651,-1.2421,1.0183,12.6176,-1.2426,1.0163,12.5930,-1.2419,1.0153,12.5883,-1.2416,1.0176,12.6107,-0.2210,0.4028,11.2049,-0.2239,0.4065,11.2085,-0.2229,0.4050,11.2057,-0.2448,0.4390,11.2580,-0.2520,0.4497,11.2652,-0.2657,0.4685,11.3068,-0.2745,0.4805,11.3227,-0.2922,0.5055,11.3646,-0.2998,0.5167,11.3910,-0.2975,0.5138,11.3733,-0.3041,0.5202,11.3874,-0.3105,0.5290,11.4041,-0.3180,0.5407,11.4315,-0.3177,0.5404,11.4294,-0.2206,0.3722,11.1456,-0.2227,0.4049,11.2060,-0.2521,0.4495,11.2725
9.8016,-0.0319,0.0051,10.5393,-0.3214,0.3471,10.6137,-0.3260,0.3707,11.9637,-1.4394,1.0868,10.5357,-0.3223,0.3481,11.9465,-1.4451,1.0894,11.9415,-1.4521,1.0914,10.6956,-0.3698,0.4353,10.6700,-0.3575,0.4169,10.7490,-0.3989,0.4794,10.8086,-0.4222,0.5157,10.5331,-0.3223,0.3482,11.1192,-0.7766,0.6489,12.1176,-1.5528,1.1550,13.1130,-2.2890,1.5925,11.9472,-1.4442,1.0890,11.9408,-1.4529,1.0916,11.9410,-1.4537,1.0918,11.9463,-1.4457,1.0896,10.6235,-0.3299,0.3759,10.6350,-0.3348,0.3828,10.6376,-0.3351,0.3832,10.6546,-0.3496,0.4054,10.6686,-0.3583,0.4170,10.6938,-0.3697,0.4355,10.7228,-0.3820,0.4537,10.7557,-0.3985,0.4787,10.7465,-0.3989,0.4796,10.7480,-0.4004,0.4796,10.8039,-0.4172,0.5066,10.8148,-0.4225,0.5151,10.8061,-0.4222,0.5159,10.8066,-0.4222,0.5159,10.5361,-0.3232,0.3485,10.6327,-0.3336,0.3813,10.6700,-0.3575,0.4169
-0.0107,9.6372,-0.0447,0.3703,10.2666,-0.3346,0.3817,10.2590,-0.3383,1.0759,11.6473,-1.5035,0.3758,10.2769,-0.3390,1.1102,11.7231,-1.5337,1.1353,11.8065,-1.5575,0.4022,10.2277,-0.3542,0.3992,10.2410,-0.3516,0.4140,10.2051,-0.3647,0.4123,10.1656,-0.3636,0.3759,10.2762,-0.3395,0.6589,10.8281,-0.8124,1.1368,11.7877,-1.6191,1.5296,12.6952,-2.3709,1.1062,11.7135,-1.5305,1.1382,11.8159,-1.5602,1.1408,11.8246,-1.5624,1.1121,11.7296,-1.5355,0.3835,10.2580,-0.3398,0.3868,10.2583,-0.3422,0.3854,10.2550,-0.3410,0.3948,10.2450,-0.3485,0.4067,10.2539,-0.3562,0.4023,10.2273,-0.3546,0.4052,10.2150,-0.3566,0.4102,10.1983,-0.3610,0.4141,10.2046,-0.3652,0.4227,10.2249,-0.3709,0.4115,10.1753,-0.3618,0.4121,10.1675,-0.3626,0.4124,10.1651,-0.3641,0.4124,10.1649,-0.3640,0.3801,10.2859,-0.3419,0.3854,10.2566,-0.3410,0.3992,10.2410,-0.3516
-0.0356,-0.0191,10.3666,-0.2185,0.3662,11.1393,-0.2197,0.3993,11.1964,-1.2345,1.0075,12.6088,-0.2223,0.3722,11.1487,-1.2424,1.0189,12.6096,-1.2431,1.0173,12.5913,-0.2659,0.4663,11.2987,-0.2540,0.4496,11.2712,-0.2996,0.5138,11.3814,-0.3179,0.5378,11.4217,-0.2247,0.3758,11.1576,-0.6358,0.6304,11.7477,-1.3373,1.0640,12.7618,-2.0051,1.4289,13.7559,-1.2428,1.0193,12.6140,-1.2432,1.0172,12.5894,-1.2426,1.0162,12.5847,-1.2422,1.0185,12.6072,-0.2228,0.4030,11.2036,-0.2257,0.4066,11.2071,-0.2247,0.4051,11.2044,-0.2466,0.4391,11.2567,-0.2538,0.4499,11.2639,-0.2676,0.4687,11.3055,-0.2764,0.4807,11.3214,-0.2941,0.5057,11.3634,-0.3017,0.5169,11.3898,-0.2994,0.5140,11.3720,-0.3061,0.5204,11.3861,-0.3125,0.5293,11.4028,-0.3200,0.5409,11.4302,-0.3197,0.5406,11.4282,-0.2223,0.3723,11.1442,-0.2245,0.4051,11.2047,-0.2540,0.4496,11.2711
9.7704,-0.0414,-0.0001,10.5042,-0.3286,0.3394,10.5784,-0.3332,0.3630,11.9194,-1.4389,1.0755,10.5006,-0.3296,0.3404,13.1828,-2.4517,1.7376,13.1785,-2.4621,1.7408,10.6602,-0.3770,0.4276,10.6346,-0.3648,0.4092,10.7133,-0.4061,0.4717,10.7728,-0.4293,0.5079,10.4981,-0.3295,0.3406,11.0804,-0.7807,0.6397,11.9236,-1.4402,1.0769,11.9470,-1.4469,1.0845,13.1834,-2.4503,1.7370,13.1779,-2.4633,1.7412,13.1782,-2.4645,1.7417,13.1828,-2.4526,1.7379,10.5882,-0.3371,0.3682,10.5997,-0.3421,0.3751,10.6023,-0.3423,0.3755,10.6192,-0.3568,0.3977,10.6332,-0.3656,0.4094,10.6583,-0.3769,0.4278,10.6872,-0.3892,0.4460,10.7200,-0.4057,0.4710,10.7109,-0.4061,0.4719,10.7123,-0.4077,0.4719,10.7681,-0.4243,0.4988,10.7791,-0.4296,0.5073,10.7703,-0.4293,0.5081,10.7708,-0.4293,0.5081,10.5011,-0.3305,0.3408,10.5974,-0.3409,0.3736,10.6346,-0.3648,0.4092
-0.0054,9.7007,-0.0512,0.3794,10.3321,-0.3421,0.3908,10.3245,-0.3459,1.0942,11.7159,-1.5171,0.3849,10.3424,-0.3465,1.7440,13.0126,-2.5911,1.7707,13.1192,-2.6205,0.4116,10.2929,-0.3622,0.4086,10.3063,-0.3595,0.4235,10.2702,-0.3729,0.4219,10.2303,-0.3719,0.3850,10.3418,-0.3470,0.6718,10.8948,-0.8224,1.0943,11.7153,-1.5172,1.0931,11.7076,-1.5165,1.7398,13.0005,-2.5871,1.7738,13.1312,-2.6239,1.7764,13.1422,-2.6265,1.7461,13.0208,-2.5933,0.3927,10.3234,-0.3475,0.3960,10.3237,-0.3498,0.3947,10.3204,-0.3486,0.4042,10.3104,-0.3563,0.4160,10.3193,-0.3641,0.4117,10.2925,-0.3626,0.4146,10.2801,-0.3646,0.4197,10.2633,-0.3691,0.4236,10.2697,-0.3734,0.4323,10.2902,-0.3791,0.4210,10.2402,-0.3700,0.4216,10.2323,-0.3708,0.4220,10.2299,-0.3723,0.4220,10.2296,-0.3722,0.3892,10.3516,-0.3495,0.3946,10.3220,-0.3487,0.4086,10.3063,-0.3595
-0.0331,-0.0350,10.4053,-0.2178,0.3483,11.1847,-0.2189,0.3814,11.2418,-1.2378,0.9814,12.6697,-0.2217,0.3544,11.1941,-2.1580,1.5564,14.0034,-2.1577,1.5500,13.9827,-0.2650,0.4488,11.3440,-0.2532,0.4320,11.3166,-0.2987,0.4965,11.4267,-0.3169,0.5206,11.4670,-0.2240,0.3579,11.2030,-0.6368,0.6092,11.7995,-1.2382,0.9816,12.6692,-1.2401,0.9824,12.6686,-2.1586,1.5573,14.0087,-2.1577,1.5494,13.9806,-2.1568,1.5479,13.9749,-2.1577,1.5557,14.0005,-0.2220,0.3852,11.2490,-0.2249,0.3888,11.2525,-0.2239,0.3873,11.2498,-0.2458,0.4215,11.3021,-0.2530,0.4323,11.3092,-0.2667,0.4512,11.3508,-0.2755,0.4632,11.3668,-0.2932,0.4883,11.4087,-0.3009,0.4996,11.4351,-0.2986,0.4967,11.4173,-0.3052,0.5031,11.4314,-0.3116,0.5120,11.4481,-0.3191,0.5237,11.4755,-0.3188,0.5234,11.4735,-0.2216,0.3545,11.1896,-0.2237,0.3873,11.2501,-0.2532,0.4320,11.3165
9.7667,-0.0506,-0.0016,10.4975,-0.3358,0.3374,10.5718,-0.3405,0.3611,11.9037,-1.4411,1.0754,10.4939,-0.3369,0.3384,13.1590,-2.4493,1.7393,14.8531,-3.7571,2.5103,10.6536,-0.3844,0.4258,10.6280,-0.3722,0.4074,10.7069,-0.4137,0.4699,10.7665,-0.4369,0.5062,10.4914,-0.3368,0.3386,11.0700,-0.7859,0.6385,11.9080,-1.4424,1.0769,11.9314,-1.4491,1.0845,13.1596,-2.4478,1.7387,15.0744,-3.9287,2.6113,14.8538,-3.7604,2.5117,13.1590,-2.4501,1.7397,10.5816,-0.3444,0.3663,10.5930,-0.3494,0.3732,10.5957,-0.3496,0.3736,10.6126,-0.3642,0.3958,10.6267,-0.3731,0.4075,10.6518,-0.3844,0.4260,10.6807,-0.3967,0.4442,10.7136,-0.4132,0.4692,10.7045,-0.4136,0.4701,10.7059,-0.4153,0.4702,10.7617,-0.4318,0.4970,10.7727,-0.4371,0.5056,10.7639,-0.4368,0.5064,10.7644,-0.4368,0.5064,10.4944,-0.3378,0.3389,10.5908,-0.3482,0.3717,10.6280,-0.3722,0.4073
-0.0055,9.8064,-0.0533,0.3836,10.4443,-0.3471,0.3952,10.4366,-0.3510,1.1067,11.8421,-1.5344,0.3892,10.4548,-0.3516,1.7639,13.1520,-2.6196,2.4939,14.9274,-3.9954,0.4162,10.4047,-0.3675,0.4131,10.4183,-0.3648,0.4282,10.3817,-0.3784,0.4266,10.3415,-0.3774,0.3893,10.4542,-0.3521,0.6794,11.0128,-0.8324,1.1067,11.8416,-1.5345,1.1055,11.8337,-1.5338,1.7597,13.1397,-2.6155,2.5880,15.1590,-4.1735,2.5001,14.9592,-4.0037,1.7660,13.1602,-2.6218,0.3970,10.4355,-0.3526,0.4004,10.4358,-0.3550,0.3990,10.4325,-0.3538,0.4086,10.4224,-0.3616,0.4207,10.4314,-0.3695,0.4163,10.4043,-0.3679,0.4192,10.3918,-0.3700,0.4244,10.3748,-0.3745,0.4283,10.3812,-0.3789,0.4371,10.4020,-0.3847,0.4257,10.3514,-0.3755,0.4263,10.3434,-0.3764,0.4267,10.3410,-0.3779,0.4267,10.3408,-0.3778,0.3935,10.4640,-0.3546,0.3990,10.4341,-0.3538,0.4131,10.4183,-0.3648
-0.0330,-0.0550,10.4221,-0.2188,0.3252,11.2062,-0.2199,0.3583,11.2631,-1.2397,0.9484,12.7021,-0.2227,0.3312,11.2155,-2.1606,1.5143,14.0459,-3.3339,2.1390,15.7963,-0.2660,0.4259,11.3651,-0.2541,0.4091,11.3378,-0.2997,0.4737,11.4476,-0.3179,0.4979,11.4878,-0.2251,0.3348,11.2244,-0.6382,0.5820,11.8254,-1.2400,0.9485,12.7016,-1.2420,0.9494,12.7010,-2.1613,1.5151,14.0512,-3.4869,2.2214,16.0236,-3.3326,2.1354,15.7864,-2.1603,1.5136,14.0430,-0.2230,0.3620,11.2703,-0.2259,0.3657,11.2738,-0.2249,0.3642,11.2710,-0.2468,0.3985,11.3233,-0.2540,0.4093,11.3304,-0.2677,0.4283,11.3719,-0.2765,0.4404,11.3878,-0.2942,0.4655,11.4296,-0.3018,0.4768,11.4561,-0.2995,0.4740,11.4382,-0.3061,0.4803,11.4523,-0.3125,0.4892,11.4690,-0.3200,0.5010,11.4964,-0.3197,0.5007,11.4943,-0.2227,0.3313,11.2110,-0.2247,0.3641,11.2714,-0.2541,0.4091,11.3377
9.7663,-0.0514,-0.0013,10.4968,-0.3365,0.3377,10.5711,-0.3411,0.3614,11.9021,-1.4413,1.0761,10.4932,-0.3375,0.3386,13.1566,-2.4491,1.7404,14.8492,-3.7562,2.5119,10.6529,-0.3851,0.4261,10.6273,-0.3728,0.4076,10.7062,-0.4143,0.4702,10.7658,-0.4375,0.5064,10.4907,-0.3374,0.3388,11.0689,-0.7863,0.6390,11.9063,-1.4426,1.0775,11.9297,-1.4493,1.0852,13.1571,-2.4477,1.7398,14.8489,-3.7578,2.5124,16.2558,-4.8393,3.1481,13.1565,-2.4500,1.7407,10.5809,-0.3450,0.3666,10.5923,-0.3500,0.3735,10.5950,-0.3502,0.3739,10.6119,-0.3649,0.3961,10.6260,-0.3737,0.4078,10.6511,-0.3850,0.4262,10.6800,-0.3973,0.4444,10.7129,-0.4138,0.4695,10.7038,-0.4143,0.4704,10.7052,-0.4160,0.4704,10.7611,-0.4324,0.4973,10.7720,-0.4377,0.5059,10.7633,-0.4374,0.5067,10.7637,-0.4374,0.5066,10.4937,-0.3384,0.3391,10.5901,-0.3488,0.3720,10.6273,-0.3728,0.4076
-0.0055,9.8152,-0.0532,0.3839,10.4538,-0.3473,0.3955,10.4461,-0.3512,1.1076,11.8530,-1.5357,0.3895,10.4642,-0.3518,1.7654,13.1641,-2.6219,2.4960,14.9413,-3.9991,0.4166,10.4141,-0.3677,0.4135,10.4277,-0.3650,0.4286,10.3911,-0.3786,0.4270,10.3508,-0.3776,0.3896,10.4636,-0.3523,0.6800,11.0228,-0.8331,1.1077,11.8524,-1.5358,1.1065,11.8445,-1.5351,1.7612,13.1518,-2.6179,2.4994,14.9581,-4.0038,3.0779,16.3379,-5.1096,1.7675,13.1723,-2.6241,0.3974,10.4450,-0.3528,0.4008,10.4453,-0.3551,0.3994,10.4420,-0.3539,0.4090,10.4318,-0.3617,0.4210,10.4409,-0.3696,0.4166,10.4137,-0.3681,0.4196,10.4012,-0.3702,0.4247,10.3842,-0.3747,0.4287,10.3906,-0.3791,0.4375,10.4114,-0.3849,0.4261,10.3608,-0.3757,0.4267,10.3528,-0.3765,0.4271,10.3503,-0.3781,0.4271,10.3501,-0.3779,0.3939,10.4735,-0.3548,0.3993,10.4436,-0.3540,0.4135,10.4277,-0.3650
-0.0330,-0.0567,10.4207,-0.2189,0.3232,11.2050,-0.2199,0.3563,11.2619,-1.2395,0.9454,12.7014,-0.2227,0.3292,11.2143,-2.1603,1.5104,14.0457,-3.3333,2.1337,15.7970,-0.2660,0.4238,11.3639,-0.2542,0.4071,11.3365,-0.2997,0.4717,11.4463,-0.3178,0.4959,11.4865,-0.2251,0.3328,11.2232,-0.6381,0.5796,11.8244,-1.2399,0.9455,12.7009,-1.2418,0.9464,12.7003,-2.1609,1.5113,14.0510,-3.3333,2.1323,15.7945,-4.3014,2.6605,17.2450,-2.1600,1.5097,14.0428,-0.2230,0.3600,11.2691,-0.2259,0.3637,11.2726,-0.2249,0.3622,11.2698,-0.2468,0.3965,11.3220,-0.2540,0.4073,11.3292,-0.2677,0.4263,11.3707,-0.2765,0.4384,11.3865,-0.2942,0.4635,11.4284,-0.3018,0.4748,11.4548,-0.2995,0.4720,11.4369,-0.3061,0.4783,11.4510,-0.3125,0.4872,11.4676,-0.3200,0.4990,11.4950,-0.3197,0.4987,11.4930,-0.2227,0.3293,11.2098,-0.2247,0.3621,11.2702,-0.2542,0.4071,11.3364
9.7696,-0.0433,-0.0000,10.5029,-0.3302,0.3395,10.5771,-0.3348,0.3631,11.9162,-1.4396,1.0761,10.4993,-0.3312,0.3404,14.1394,-3.2103,2.2347,13.1737,-2.4621,1.7421,10.6588,-0.3786,0.4277,10.6333,-0.3664,0.4093,10.7120,-0.4078,0.4717,10.7715,-0.4310,0.5080,10.4968,-0.3311,0.3406,11.0783,-0.7819,0.6400,11.9205,-1.4409,1.0776,11.9438,-1.4476,1.0852,13.1786,-2.4503,1.7382,13.1731,-2.4633,1.7424,13.1734,-2.4646,1.7429,14.6575,-3.6055,2.4675,10.5869,-0.3387,0.3683,10.5983,-0.3437,0.3752,10.6010,-0.3439,0.3756,10.6179,-0.3585,0.3977,10.6319,-0.3673,0.4094,10.6570,-0.3786,0.4278,10.6859,-0.3909,0.4460,10.7187,-0.4073,0.4710,10.7096,-0.4077,0.4720,10.7110,-0.4094,0.4720,10.7668,-0.4259,0.4989,10.7778,-0.4312,0.5074,10.7690,-0.4309,0.5082,10.7695,-0.4309,0.5082,10.4997,-0.3321,0.3409,10.5961,-0.3424,0.3737,10.6333,-0.3664,0.4093
-0.0054,9.7165,-0.0513,0.3800,10.3489,-0.3426,0.3915,10.3413,-0.3465,1.0960,11.7350,-1.5196,0.3856,10.3593,-0.3471,2.2057,13.9447,-3.3748,1.7736,13.1406,-2.6248,0.4123,10.3097,-0.3628,0.4092,10.3231,-0.3601,0.4242,10.2869,-0.3735,0.4226,10.2470,-0.3725,0.3857,10.3587,-0.3476,0.6729,10.9126,-0.8237,1.0961,11.7345,-1.5197,1.0949,11.7267,-1.5190,1.7427,13.0217,-2.5913,1.7767,13.1527,-2.6281,1.7793,13.1636,-2.6308,2.4202,14.4507,-3.7831,0.3933,10.3402,-0.3480,0.3967,10.3405,-0.3504,0.3953,10.3372,-0.3492,0.4048,10.3272,-0.3569,0.4167,10.3362,-0.3647,0.4124,10.3093,-0.3632,0.4153,10.2969,-0.3652,0.4204,10.2801,-0.3697,0.4243,10.2864,-0.3740,0.4330,10.3070,-0.3797,0.4217,10.2569,-0.3706,0.4223,10.2490,-0.3714,0.4227,10.2466,-0.3730,0.4227,10.2463,-0.3728,0.3899,10.3684,-0.3500,0.3953,10.3388,-0.3492,0.4092,10.3232,-0.3601
-0.0331,-0.0385,10.4059,-0.2179,0.3442,11.1860,-0.2190,0.3773,11.2430,-1.2378,0.9753,12.6726,-0.2218,0.3503,11.1953,-2.8404,1.9747,15.0045,-2.1576,1.5421,13.9872,-0.2651,0.4447,11.3452,-0.2533,0.4280,11.3178,-0.2988,0.4924,11.4278,-0.3170,0.5165,11.4680,-0.2241,0.3538,11.2043,-0.6369,0.6043,11.8014,-1.2382,0.9755,12.6721,-1.2401,0.9763,12.6715,-2.1585,1.5493,14.0131,-2.1576,1.5414,13.9851,-2.1567,1.5399,13.9794,-3.1975,2.1691,15.5379,-0.2221,0.3810,11.2502,-0.2250,0.3847,11.2537,-0.2240,0.3832,11.2510,-0.2459,0.4174,11.3032,-0.2531,0.4282,11.3104,-0.2668,0.4471,11.3520,-0.2756,0.4592,11.3679,-0.2933,0.4842,11.4098,-0.3010,0.4955,11.4362,-0.2987,0.4927,11.4184,-0.3053,0.4990,11.4325,-0.3117,0.5079,11.4492,-0.3192,0.5196,11.4766,-0.3188,0.5194,11.4745,-0.2218,0.3504,11.1909,-0.2238,0.3832,11.2513,-0.2533,0.4280,11.3177
9.8584,-0.0286,0.0187,10.6036,-0.3211,0.3629,11.6348,-0.7210,0.8394,10.6084,-0.3324,0.3774,10.6000,-0.3220,0.3638,10.5926,-0.3351,0.3786,10.5868,-0.3383,0.3792,11.7335,-0.7720,0.9136,11.7028,-0.7579,0.8926,11.7977,-0.8058,0.9643,11.8689,-0.8322,1.0052,10.5974,-0.3219,0.3640,10.6037,-0.3257,0.3690,10.6114,-0.3334,0.3787,10.6282,-0.3385,0.3858,10.5935,-0.3347,0.3786,10.5861,-0.3387,0.3793,10.5860,-0.3391,0.3793,10.5923,-0.3353,0.3787,12.0983,-1.0599,1.0432,12.1144,-1.0666,1.0512,12.1179,-1.0669,1.0516,11.6841,-0.7486,0.8794,11.7017,-0.7595,0.8929,11.7313,-0.7719,0.9139,11.7661,-0.7862,0.9345,11.8056,-0.8052,0.9632,11.7947,-0.8056,0.9647,11.7971,-0.8085,0.9647,11.8634,-0.8267,0.9944,11.8765,-0.8328,1.0042,11.8658,-0.8320,1.0056,11.8663,-0.8320,1.0055,10.6004,-0.3228,0.3643,12.1110,-1.0650,1.0495,11.7028,-0.7579,0.8926
-0.0008,9.5923,-0.0647,0.3780,10.2193,-0.3548,0.8895,11.0504,-0.7543,0.4110,10.2631,-0.3773,0.3834,10.2295,-0.3592,0.4419,10.3168,-0.3984,0.4654,10.3748,-0.4160,0.9151,11.0168,-0.7772,0.9109,11.0317,-0.7731,0.9301,10.9927,-0.7929,0.9300,10.9467,-0.7927,0.3835,10.2289,-0.3596,0.3916,10.2365,-0.3643,0.4113,10.2626,-0.3774,0.4115,10.2566,-0.3773,0.4382,10.3098,-0.3960,0.4681,10.3814,-0.4180,0.4706,10.3875,-0.4197,0.4437,10.3213,-0.3997,1.0764,11.4693,-1.1056,1.0800,11.4705,-1.1087,1.0784,11.4658,-1.1069,0.9056,11.0359,-0.7688,0.9188,11.0472,-0.7784,0.9152,11.0164,-0.7780,0.9191,11.0025,-0.7808,0.9258,10.9840,-0.7875,0.9303,10.9923,-0.7939,0.9393,11.0168,-0.7999,0.9284,10.9573,-0.7891,0.9295,10.9485,-0.7907,0.9302,10.9463,-0.7937,0.9302,10.9460,-0.7934,0.3877,10.2385,-0.3620,1.0785,11.4679,-1.1071,0.9109,11.0318,-0.7731
-0.0539,-0.0016,10.4312,-0.2394,0.3894,11.2066,-0.4990,0.9124,12.2446,-0.2517,0.4103,11.2138,-0.2433,0.3954,11.2160,-0.2591,0.4248,11.2126,-0.2609,0.4285,11.1969,-0.5587,0.9868,12.3721,-0.5432,0.9683,12.3378,-0.6022,1.0394,12.4749,-0.6272,1.0666,12.5255,-0.2456,0.3990,11.2251,-0.2461,0.4009,11.2154,-0.2518,0.4104,11.2133,-0.2527,0.4106,11.2123,-0.2592,0.4247,11.2162,-0.2611,0.4290,11.1952,-0.2608,0.4286,11.1915,-0.2591,0.4248,11.2107,-0.8135,1.0847,12.7169,-0.8179,1.0890,12.7229,-0.8169,1.0875,12.7191,-0.5335,0.9565,12.3195,-0.5428,0.9686,12.3291,-0.5608,0.9894,12.3803,-0.5728,1.0030,12.4007,-0.5958,1.0307,12.4528,-0.6047,1.0427,12.4851,-0.6018,1.0396,12.4637,-0.6125,1.0475,12.4822,-0.6208,1.0574,12.5029,-0.6297,1.0699,12.5359,-0.6293,1.0696,12.5333,-0.2432,0.3955,11.2116,-0.8162,1.0873,12.7193,-0.5432,0.9683,12.3377
9.8768,-0.0297,0.0173,10.6234,-0.3226,0.3617,11.6565,-0.7230,0.8387,10.6281,-0.3339,0.3763,10.6197,-0.3235,0.3627,10.6123,-0.3366,0.3776,10.6065,-0.3399,0.3781,11.7554,-0.7741,0.9130,11.7247,-0.7600,0.8920,11.8196,-0.8079,0.9638,11.8910,-0.8344,1.0048,10.6172,-0.3234,0.3629,10.6234,-0.3271,0.3678,10.6312,-0.3349,0.3776,10.6480,-0.3400,0.3847,10.6132,-0.3362,0.3775,10.6058,-0.3402,0.3782,10.6057,-0.3406,0.3782,10.6120,-0.3368,0.3776,12.1208,-1.0622,1.0425,12.9687,-1.6971,1.4463,12.5965,-1.4191,1.2810,11.7059,-0.7506,0.8788,11.7235,-0.7615,0.8923,11.7532,-0.7739,0.9133,11.7881,-0.7883,0.9340,11.8276,-0.8073,0.9627,11.8167,-0.8078,0.9642,11.8191,-0.8107,0.9642,11.8855,-0.8289,0.9940,11.8986,-0.8350,1.0038,11.8879,-0.8342,1.0052,11.8884,-0.8342,1.0051,10.6202,-0.3243,0.3631,12.5890,-1.4171,1.2787,11.7247,-0.7600,0.8920
-0.0045,9.6014,-0.0662,0.3737,10.2295,-0.3565,0.8846,11.0618,-0.7564,0.4069,10.2733,-0.3791,0.3792,10.2396,-0.3609,0.4377,10.3270,-0.4002,0.4613,10.3850,-0.4178,0.9102,11.0282,-0.7794,0.9060,11.0431,-0.7753,0.9252,11.0040,-0.7952,0.9252,10.9579,-0.7951,0.3793,10.2390,-0.3614,0.3874,10.2466,-0.3661,0.4072,10.2728,-0.3792,0.4074,10.2668,-0.3791,0.4340,10.3200,-0.3978,0.4640,10.3916,-0.4198,0.4665,10.3977,-0.4215,0.4396,10.3315,-0.4015,1.0707,11.4815,-1.1077,1.4437,12.2518,-1.7667,1.2886,11.8966,-1.4735,0.9007,11.0473,-0.7710,0.9139,11.0586,-0.7806,0.9103,11.0278,-0.7802,0.9142,11.0138,-0.7830,0.9210,10.9953,-0.7898,0.9254,11.0036,-0.7962,0.9344,11.0281,-0.8023,0.9236,10.9686,-0.7915,0.9246,10.9597,-0.7930,0.9254,10.9576,-0.7960,0.9254,10.9573,-0.7958,0.3835,10.2486,-0.3638,1.2887,11.8988,-1.4737,0.9060,11.0432,-0.7753
-0.0565,-0.0034,10.4413,-0.2419,0.3877,11.2173,-0.5014,0.9108,12.2560,-0.2543,0.4087,11.2244,-0.2458,0.3938,11.2267,-0.2617,0.4231,11.2233,-0.2635,0.4269,11.2075,-0.5613,0.9854,12.3835,-0.5457,0.9668,12.3493,-0.6049,1.0380,12.4864,-0.6299,1.0652,12.5371,-0.2482,0.3973,11.2357,-0.2487,0.3992,11.2261,-0.2544,0.4087,11.2240,-0.2553,0.4089,11.2229,-0.2618,0.4230,11.2269,-0.2637,0.4274,11.2059,-0.2634,0.4270,11.2022,-0.2617,0.4232,11.2213,-0.8158,1.0831,12.7283,-1.4016,1.4252,13.5871,-1.1416,1.2845,13.1974,-0.5360,0.9550,12.3309,-0.5453,0.9671,12.3405,-0.5633,0.9879,12.3918,-0.5754,1.0015,12.4122,-0.5985,1.0293,12.4644,-0.6074,1.0413,12.4967,-0.6044,1.0382,12.4753,-0.6152,1.0462,12.4938,-0.6235,1.0560,12.5145,-0.6324,1.0686,12.5475,-0.6320,1.0683,12.5449,-0.2458,0.3938,11.2222,-1.1409,1.2843,13.1975,-0.5457,0.9668,12.3491
9.8787,-0.0293,0.0180,10.6255,-0.3223,0.3627,11.6588,-0.7229,0.8399,10.6302,-0.3336,0.3773,10.6218,-0.3232,0.3636,10.6144,-0.3363,0.3785,10.6086,-0.3396,0.3791,11.7578,-0.7740,0.9143,11.7270,-0.7599,0.8932,11.8220,-0.8079,0.9651,11.8933,-0.8343,1.0061,10.6193,-0.3231,0.3638,10.6256,-0.3269,0.3688,10.6333,-0.3346,0.3786,10.6501,-0.3398,0.3856,10.6153,-0.3359,0.3784,10.6079,-0.3400,0.3791,10.6078,-0.3403,0.3791,10.6141,-0.3366,0.3785,12.1233,-1.0623,1.0440,12.5953,-1.4191,1.2821,13.1249,-1.8088,1.5133,11.7083,-0.7505,0.8800,11.7258,-0.7615,0.8935,11.7555,-0.7739,0.9146,11.7904,-0.7883,0.9352,11.8300,-0.8073,0.9639,11.8191,-0.8077,0.9655,11.8214,-0.8106,0.9655,11.8879,-0.8288,0.9953,11.9010,-0.8349,1.0051,11.8903,-0.8341,1.0065,11.8908,-0.8341,1.0064,10.6223,-0.3240,0.3641,12.5916,-1.4174,1.2803,11.7270,-0.7599,0.8932
-0.0049,9.5972,-0.0656,0.3731,10.2251,-0.3559,0.8836,11.0574,-0.7557,0.4063,10.2689,-0.3784,0.3786,10.2353,-0.3603,0.4371,10.3226,-0.3995,0.4607,10.3806,-0.4171,0.9092,11.0238,-0.7787,0.9050,11.0387,-0.7746,0.9243,10.9996,-0.7945,0.9242,10.9535,-0.7943,0.3787,10.2346,-0.3608,0.3868,10.2422,-0.3654,0.4066,10.2684,-0.3785,0.4068,10.2624,-0.3784,0.4334,10.3156,-0.3972,0.4634,10.3872,-0.4191,0.4658,10.3933,-0.4208,0.4390,10.3271,-0.4008,1.0696,11.4771,-1.1070,1.2889,11.8974,-1.4746,1.5025,12.3818,-1.8799,0.8998,11.0429,-0.7703,0.9129,11.0541,-0.7799,0.9094,11.0234,-0.7795,0.9133,11.0094,-0.7823,0.9200,10.9909,-0.7891,0.9245,10.9992,-0.7954,0.9335,11.0237,-0.8015,0.9226,10.9642,-0.7907,0.9236,10.9553,-0.7923,0.9244,10.9532,-0.7953,0.9244,10.9529,-0.7950,0.3829,10.2443,-0.3632,1.2874,11.8944,-1.4729,0.9050,11.0387,-0.7746
-0.0566,-0.0026,10.4357,-0.2419,0.3886,11.2110,-0.5012,0.9115,12.2489,-0.2542,0.4095,11.2182,-0.2458,0.3946,11.2205,-0.2617,0.4239,11.2170,-0.2635,0.4277,11.2013,-0.5611,0.9861,12.3764,-0.5454,0.9675,12.3421,-0.6046,1.0387,12.4793,-0.6296,1.0659,12.5299,-0.2482,0.3981,11.2295,-0.2487,0.4000,11.2198,-0.2544,0.4095,11.2177,-0.2553,0.4097,11.2167,-0.2618,0.4238,11.2206,-0.2637,0.4282,11.1996,-0.2634,0.4278,11.1959,-0.2617,0.4239,11.2151,-0.8154,1.0840,12.7208,-1.1421,1.2869,13.1935,-1.5030,1.4813,13.7278,-0.5358,0.9557,12.3238,-0.5451,0.9678,12.3334,-0.5631,0.9886,12.3847,-0.5751,1.0023,12.4050,-0.5982,1.0300,12.4572,-0.6071,1.0420,12.4895,-0.6042,1.0389,12.4681,-0.6149,1.0469,12.4866,-0.6233,1.0567,12.5073,-0.6322,1.0692,12.5403,-0.6318,1.0690,12.5377,-0.2458,0.3946,11.2160,-1.1402,1.2852,13.1895,-0.5454,0.9675,12.3420
9.9298,-0.0320,0.0043,10.6826,-0.3266,0.3471,11.7245,-0.7292,0.8218,10.6873,-0.3380,0.3618,10.6789,-0.3275,0.3481,10.6714,-0.3407,0.3631,10.6655,-0.3441,0.3637,12.8214,-1.5377,1.3902,12.7840,-1.5215,1.3685,12.9003,-1.5763,1.4420,12.9862,-1.6066,1.4846,10.6764,-0.3274,0.3483,10.6827,-0.3311,0.3533,10.6904,-0.3390,0.3631,10.7072,-0.3441,0.3703,10.6723,-0.3404,0.3630,10.6647,-0.3445,0.3637,10.6647,-0.3448,0.3638,10.6711,-0.3410,0.3631,11.7367,-0.7338,0.8277,11.7508,-0.7399,0.8356,11.7540,-0.7401,0.8360,12.7611,-1.5106,1.3548,12.7831,-1.5237,1.3692,12.8188,-1.5373,1.3903,12.8611,-1.5541,1.4119,12.9093,-1.5758,1.4414,12.8968,-1.5759,1.4420,12.9000,-1.5799,1.4428,12.9792,-1.6009,1.4741,12.9951,-1.6077,1.4841,12.9826,-1.6062,1.4847,12.9832,-1.6062,1.4848,10.6794,-0.3283,0.3485,11.7479,-0.7384,0.8338,12.7840,-1.5215,1.3685
-0.0154,9.6133,-0.0806,0.3608,10.2413,-0.3703,0.8686,11.0737,-0.7691,0.3941,10.2852,-0.3929,0.3663,10.2515,-0.3747,0.4251,10.3390,-0.4141,0.4487,10.3971,-0.4317,1.3581,11.9373,-1.5795,1.3541,11.9536,-1.5743,1.3733,11.9126,-1.5997,1.3719,11.8595,-1.5996,0.3664,10.2509,-0.3753,0.3745,10.2585,-0.3799,0.3944,10.2847,-0.3931,0.3946,10.2787,-0.3929,0.4213,10.3320,-0.4117,0.4514,10.4037,-0.4337,0.4539,10.4098,-0.4354,0.4269,10.3435,-0.4154,0.8708,11.0727,-0.7713,0.8746,11.0734,-0.7742,0.8731,11.0693,-0.7726,1.3489,11.9577,-1.5689,1.3624,11.9724,-1.5806,1.3584,11.9370,-1.5806,1.3618,11.9214,-1.5840,1.3684,11.9014,-1.5927,1.3737,11.9124,-1.6011,1.3828,11.9424,-1.6081,1.3698,11.8710,-1.5945,1.3708,11.8612,-1.5966,1.3723,11.8592,-1.6010,1.3723,11.8589,-1.6007,0.3706,10.2605,-0.3776,0.8730,11.0712,-0.7727,1.3541,11.9537,-1.5742
-0.0668,-0.0069,10.5186,-0.2530,0.3867,11.2992,-0.5134,0.9129,12.3440,-0.2655,0.4078,11.3064,-0.2569,0.3927,11.3087,-0.2730,0.4224,11.3052,-0.2749,0.4263,11.2893,-1.2773,1.4209,13.4980,-1.2575,1.4003,13.4558,-1.3319,1.4782,13.6247,-1.3646,1.5098,13.6869,-0.2593,0.3963,11.3178,-0.2598,0.3982,11.3081,-0.2657,0.4079,11.3059,-0.2666,0.4081,11.3049,-0.2731,0.4223,11.3088,-0.2751,0.4268,11.2877,-0.2748,0.4264,11.2839,-0.2730,0.4224,11.3032,-0.5177,0.9171,12.3533,-0.5217,0.9213,12.3582,-0.5207,0.9197,12.3548,-1.2453,1.3874,13.4330,-1.2568,1.4000,13.4457,-1.2797,1.4236,13.5081,-1.2953,1.4390,13.5335,-1.3245,1.4696,13.5976,-1.3349,1.4816,13.6372,-1.3311,1.4772,13.6119,-1.3464,1.4892,13.6346,-1.3570,1.5001,13.6598,-1.3676,1.5133,13.6996,-1.3672,1.5131,13.6963,-0.2569,0.3928,11.3042,-0.5201,0.9196,12.3551,-1.2575,1.4003,13.4557
9.9583,-0.0358,0.0002,10.7130,-0.3306,0.3429,11.7576,-0.7337,0.8174,10.7177,-0.3422,0.3577,10.7093,-0.3316,0.3439,10.7017,-0.3450,0.3590,10.6958,-0.3485,0.3596,13.1859,-1.7941,1.5517,13.1463,-1.7772,1.5297,13.2697,-1.8344,1.6038,13.3606,-1.8661,1.6470,10.7068,-0.3315,0.3441,10.7131,-0.3353,0.3491,10.7208,-0.3431,0.3590,10.7377,-0.3483,0.3662,10.7026,-0.3446,0.3589,10.6951,-0.3489,0.3597,10.6950,-0.3493,0.3597,10.7014,-0.3453,0.3590,11.7698,-0.7383,0.8234,11.7840,-0.7444,0.8313,11.7872,-0.7445,0.8317,12.7964,-1.5159,1.3506,14.1252,-2.5298,2.0264,13.1832,-1.7937,1.5517,13.2280,-1.8113,1.5737,13.2792,-1.8339,1.6034,13.2661,-1.8339,1.6038,13.2696,-1.8384,1.6048,13.3531,-1.8603,1.6366,13.3700,-1.8674,1.6466,13.3569,-1.8656,1.6470,13.3575,-1.8656,1.6471,10.7098,-0.3324,0.3443,11.7811,-0.7429,0.8295,13.1463,-1.7772,1.5297
-0.0214,9.6404,-0.0853,0.3545,10.2704,-0.3756,0.8618,11.1054,-0.7752,0.3879,10.3144,-0.3983,0.3601,10.2806,-0.3801,0.4191,10.3683,-0.4195,0.4428,10.4265,-0.4372,1.5073,12.2712,-1.8507,1.5034,12.2881,-1.8451,1.5226,12.2464,-1.8725,1.5207,12.1908,-1.8724,0.3602,10.2800,-0.3806,0.3683,10.2876,-0.3852,0.3883,10.3139,-0.3985,0.3885,10.3078,-0.3983,0.4153,10.3612,-0.4172,0.4455,10.4332,-0.4392,0.4480,10.4393,-0.4408,0.4209,10.3728,-0.4208,0.8640,11.1044,-0.7774,0.8678,11.1050,-0.7804,0.8664,11.1010,-0.7788,1.3415,11.9919,-1.5762,1.9814,13.2087,-2.6411,1.5076,12.2710,-1.8520,1.5109,12.2549,-1.8555,1.5175,12.2343,-1.8650,1.5231,12.2461,-1.8740,1.5323,12.2780,-1.8812,1.5185,12.2026,-1.8668,1.5194,12.1924,-1.8691,1.5212,12.1905,-1.8739,1.5212,12.1902,-1.8736,0.3643,10.2896,-0.3829,0.8663,11.1029,-0.7789,1.5034,12.2882,-1.8451
-0.0716,-0.0134,10.5454,-0.2580,0.3801,11.3283,-0.5188,0.9060,12.3762,-0.2706,0.4013,11.3355,-0.2620,0.3862,11.3378,-0.2782,0.4160,11.3343,-0.2801,0.4199,11.3184,-1.5173,1.5565,13.8723,-1.4960,1.5351,13.8275,-1.5756,1.6153,14.0068,-1.6108,1.6485,14.0728,-0.2643,0.3898,11.3470,-0.2649,0.3917,11.3372,-0.2708,0.4014,11.3350,-0.2718,0.4016,11.3340,-0.2783,0.4159,11.3379,-0.2803,0.4204,11.3167,-0.2800,0.4200,11.3129,-0.2781,0.4160,11.3323,-0.5231,0.9102,12.3855,-0.5271,0.9144,12.3904,-0.5262,0.9128,12.3870,-1.2515,1.3800,13.4681,-2.1893,1.9604,14.8246,-1.5198,1.5592,13.8829,-1.5365,1.5752,13.9100,-1.5678,1.6068,13.9781,-1.5787,1.6188,14.0200,-1.5745,1.6139,13.9934,-1.5914,1.6273,14.0175,-1.6027,1.6386,14.0443,-1.6140,1.6520,14.0862,-1.6135,1.6518,14.0827,-0.2620,0.3863,11.3333,-0.5256,0.9127,12.3873,-1.4960,1.5352,13.8274
10.0071,-0.0341,-0.0079,10.7677,-0.3310,0.3344,11.8205,-0.7368,0.8084,10.7724,-0.3425,0.3493,10.7640,-0.3319,0.3354,10.7563,-0.3454,0.3505,10.7503,-0.3488,0.3512,13.7890,-2.2026,1.8043,13.2214,-1.7853,1.5182,13.8807,-2.2454,1.8570,13.9795,-2.2792,1.9012,10.7614,-0.3319,0.3356,10.7677,-0.3356,0.3406,10.7755,-0.3435,0.3506,10.7924,-0.3487,0.3578,10.7572,-0.3450,0.3505,10.7495,-0.3492,0.3512,10.7494,-0.3496,0.3512,10.7559,-0.3456,0.3506,11.8328,-0.7415,0.8144,11.8470,-0.7476,0.8223,11.8502,-0.7478,0.8227,12.8685,-1.5227,1.3397,13.2205,-1.7877,1.5190,14.3925,-2.6459,2.0694,13.8349,-2.2210,1.8267,13.8908,-2.2450,1.8569,13.8768,-2.2449,1.8568,13.8808,-2.2499,1.8583,13.9712,-2.2733,1.8909,13.9896,-2.2808,1.9010,13.9755,-2.2787,1.9010,13.9761,-2.2787,1.9012,10.7645,-0.3328,0.3358,11.8441,-0.7461,0.8206,13.2214,-1.7853,1.5182
-0.0307,9.6275,-0.0932,0.3425,10.2566,-0.3827,0.8460,11.0906,-0.7811,0.3759,10.3005,-0.4054,0.3480,10.2668,-0.3872,0.4071,10.3543,-0.4266,0.4308,10.4125,-0.4442,1.7363,12.7316,-2.2729,1.4828,12.2711,-1.8470,1.7517,12.7065,-2.2970,1.7492,12.6472,-2.2970,0.3481,10.2661,-0.3878,0.3562,10.2738,-0.3923,0.3763,10.3000,-0.4056,0.3765,10.2939,-0.4055,0.4033,10.3473,-0.4243,0.4336,10.4191,-0.4462,0.4360,10.4252,-0.4479,0.4090,10.3588,-0.4279,0.8482,11.0896,-0.7833,0.8521,11.0902,-0.7863,0.8506,11.0862,-0.7847,1.3221,11.9754,-1.5791,1.4913,12.2909,-1.8537,1.9865,13.2898,-2.7448,1.7397,12.7144,-2.2782,1.7463,12.6931,-2.2887,1.7523,12.7063,-2.2988,1.7616,12.7411,-2.3065,1.7466,12.6595,-2.2906,1.7476,12.6487,-2.2932,1.7497,12.6470,-2.2988,1.7497,12.6467,-2.2983,0.3523,10.2758,-0.3901,0.8505,11.0881,-0.7848,1.4828,12.2711,-1.8470
-0.0796,-0.0101,10.5951,-0.2660,0.3861,11.3796,-0.5268,0.9158,12.4294,-0.2787,0.4075,11.3868,-0.2700,0.3923,11.3891,-0.2864,0.4222,11.3856,-0.2883,0.4261,11.3696,-1.9013,1.8017,14.4679,-1.5071,1.5517,13.8818,-1.9657,1.8631,14.6153,-2.0051,1.8986,14.6877,-0.2724,0.3959,11.3983,-0.2729,0.3978,11.3885,-0.2789,0.4075,11.3863,-0.2799,0.4078,11.3853,-0.2864,0.4221,11.3893,-0.2885,0.4266,11.3679,-0.2882,0.4262,11.3641,-0.2863,0.4223,11.3836,-0.5311,0.9200,12.4387,-0.5352,0.9242,12.4437,-0.5342,0.9226,12.4403,-1.2619,1.3948,13.5221,-1.5063,1.5512,13.8712,-2.3227,2.0279,15.1032,-1.9227,1.8214,14.5094,-1.9573,1.8546,14.5839,-1.9691,1.8667,14.6297,-1.9644,1.8610,14.6010,-1.9838,1.8766,14.6274,-1.9963,1.8884,14.6567,-2.0086,1.9022,14.7022,-2.0081,1.9020,14.6983,-0.2700,0.3924,11.3846,-0.5336,0.9225,12.4405,-1.5071,1.5517,13.8817
10.0541,-0.0349,-0.0127,10.8192,-0.3332,0.3300,11.8781,-0.7410,0.8045,10.8238,-0.3448,0.3450,10.8154,-0.3342,0.3310,10.8076,-0.3477,0.3463,10.8016,-0.3512,0.3469,13.8583,-2.2125,1.8008,13.2873,-1.7936,1.5146,14.4840,-2.6569,2.1184,14.5908,-2.6929,2.1635,10.8128,-0.3341,0.3312,10.8192,-0.3379,0.3363,10.8269,-0.3458,0.3463,10.8439,-0.3510,0.3535,10.8085,-0.3473,0.3462,10.8008,-0.3515,0.3470,10.8007,-0.3519,0.3470,10.8073,-0.3480,0.3463,11.8904,-0.7457,0.8106,11.9047,-0.7518,0.8185,11.9079,-0.7520,0.8189,12.9323,-1.5300,1.3360,13.2864,-1.7961,1.5153,13.8554,-2.2121,1.8006,14.4341,-2.6310,2.0880,14.4947,-2.6566,2.1186,14.4799,-2.6562,2.1180,14.4843,-2.6618,2.1199,14.5817,-2.6868,2.1534,14.6016,-2.6948,2.1636,14.5865,-2.6922,2.1631,14.5872,-2.6922,2.1634,10.8159,-0.3350,0.3315,11.9018,-0.7503,0.8168,13.2873,-1.7936,1.5146
-0.0402,9.6333,-0.0983,0.3310,10.2635,-0.3879,0.8317,11.0990,-0.7864,0.3645,10.3073,-0.4106,0.3365,10.2737,-0.3924,0.3957,10.3611,-0.4318,0.4195,10.4193,-0.4493,1.7159,12.7427,-2.2767,1.4642,12.2814,-1.8512,1.9822,13.1954,-2.7242,1.9789,13.1324,-2.7242,0.3366,10.2730,-0.3929,0.3448,10.2806,-0.3975,0.3648,10.3068,-0.4108,0.3651,10.3008,-0.4107,0.3920,10.3541,-0.4294,0.4223,10.4259,-0.4513,0.4247,10.4320,-0.4530,0.3976,10.3657,-0.4331,0.8339,11.0980,-0.7886,0.8378,11.0986,-0.7916,0.8363,11.0946,-0.7900,1.3046,11.9853,-1.5836,1.4726,12.3013,-1.8579,1.7164,12.7424,-2.2781,1.9700,13.2028,-2.7036,1.9764,13.1807,-2.7151,1.9829,13.1953,-2.7262,1.9922,13.2329,-2.7343,1.9761,13.1451,-2.7170,1.9770,13.1338,-2.7198,1.9796,13.1322,-2.7262,1.9795,13.1318,-2.7257,0.3408,10.2827,-0.3952,0.8362,11.0965,-0.7901,1.4642,12.2815,-1.8511
-0.0874,-0.0111,10.6215,-0.2736,0.3861,11.4066,-0.5339,0.9171,12.4573,-0.2864,0.4076,11.4139,-0.2776,0.3923,11.4163,-0.2940,0.4223,11.4127,-0.2960,0.4263,11.3966,-1.9096,1.8071,14.4956,-1.5151,1.5559,13.9095,-2.3514,2.0985,15.1935,-2.3949,2.1363,15.2720,-0.2799,0.3959,11.4255,-0.2805,0.3978,11.4156,-0.2866,0.4076,11.4134,-0.2876,0.4079,11.4124,-0.2941,0.4222,11.4164,-0.2962,0.4268,11.3949,-0.2959,0.4264,11.3911,-0.2940,0.4224,11.4107,-0.5383,0.9213,12.4667,-0.5425,0.9256,12.4716,-0.5415,0.9240,12.4682,-1.2696,1.3983,13.5499,-1.5143,1.5555,13.8989,-1.9123,1.8099,14.5072,-2.3047,2.0554,15.0787,-2.3425,2.0900,15.1595,-2.3550,2.1021,15.2091,-2.3499,2.0958,15.1783,-2.3717,2.1135,15.2070,-2.3854,2.1259,15.2387,-2.3986,2.1400,15.2877,-2.3981,2.1398,15.2835,-0.2776,0.3924,11.4117,-0.5409,0.9239,12.4684,-1.5151,1.5559,13.9094
10.1181,-0.0362,-0.0231,10.8898,-0.3366,0.3191,11.9580,-0.7471,0.7930,10.8944,-0.3482,0.3342,10.8860,-0.3375,0.3202,10.8780,-0.3512,0.3355,10.8719,-0.3547,0.3362,13.9565,-2.2258,1.7863,13.3801,-1.8048,1.5009,15.5198,-3.3730,2.5650,15.6402,-3.4127,2.6116,10.8834,-0.3375,0.3204,10.8898,-0.3413,0.3255,10.8975,-0.3492,0.3356,10.9146,-0.3545,0.3429,10.8789,-0.3508,0.3355,10.8712,-0.3551,0.3362,10.8711,-0.3554,0.3363,10.8777,-0.3514,0.3356,11.9704,-0.7518,0.7991,11.9847,-0.7580,0.8072,11.9880,-0.7582,0.8075,13.0219,-1.5399,1.3229,13.3792,-1.8073,1.5017,13.9535,-2.2253,1.7861,14.5375,-2.6463,2.0726,15.5315,-3.3728,2.5658,15.5152,-3.3721,2.5643,15.5204,-3.3787,2.5669,15.6296,-3.4064,2.6018,15.6523,-3.4151,2.6122,15.6354,-3.4118,2.6110,15.6362,-3.4118,2.6114,10.8865,-0.3384,0.3206,11.9818,-0.7564,0.8053,13.3801,-1.8048,1.5009
-0.0527,9.6419,-0.1091,0.3159,10.2728,-0.3983,0.8130,11.1093,-0.7962,0.3496,10.3166,-0.4211,0.3215,10.2830,-0.4028,0.3809,10.3704,-0.4423,0.4048,10.4286,-0.4598,1.6906,12.7535,-2.2833,1.4407,12.2921,-1.8587,2.3975,14.0437,-3.4729,2.3928,13.9741,-3.4729,0.3216,10.2823,-0.4034,0.3298,10.2899,-0.4080,0.3499,10.3161,-0.4213,0.3502,10.3101,-0.4212,0.3771,10.3634,-0.4400,0.4075,10.4352,-0.4618,0.4100,10.4414,-0.4635,0.3828,10.3750,-0.4436,0.8152,11.1083,-0.7985,0.8191,11.1089,-0.8015,0.8176,11.1048,-0.7999,1.2823,11.9959,-1.5917,1.4492,12.3120,-1.8654,1.6911,12.7533,-2.2847,1.9427,13.2138,-2.7093,2.3911,14.0267,-3.4623,2.3983,14.0436,-3.4752,2.4078,14.0864,-3.4842,2.3897,13.9876,-3.4643,2.3905,13.9754,-3.4676,2.3937,13.9740,-3.4752,2.3936,13.9736,-3.4747,0.3258,10.2920,-0.4057,0.8175,11.1067,-0.8000,1.4407,12.2922,-1.8587
-0.0982,-0.0130,10.6842,-0.2846,0.3866,11.4723,-0.5452,0.9205,12.5269,-0.2976,0.4082,11.4797,-0.2886,0.3928,11.4820,-0.3053,0.4231,11.4784,-0.3073,0.4270,11.4623,-1.9258,1.8180,14.5704,-1.5299,1.5647,13.9829,-3.0278,2.5136,16.2288,-3.0785,2.5555,16.3180,-0.2910,0.3964,11.4913,-0.2916,0.3984,11.4814,-0.2978,0.4082,11.4792,-0.2989,0.4085,11.4781,-0.3054,0.4230,11.4821,-0.3075,0.4276,11.4606,-0.3072,0.4272,11.4567,-0.3053,0.4231,11.4764,-0.5497,0.9248,12.5363,-0.5539,0.9291,12.5413,-0.5529,0.9275,12.5379,-1.2836,1.4058,13.6224,-1.5291,1.5642,13.9722,-1.9285,1.8208,14.5821,-2.3223,2.0684,15.1551,-3.0179,2.5052,16.1902,-3.0319,2.5174,16.2464,-3.0259,2.5098,16.2121,-3.0520,2.5312,16.2447,-3.0678,2.5446,16.2806,-3.0826,2.5593,16.3358,-3.0821,2.5591,16.3309,-0.2886,0.3928,11.4774,-0.5522,0.9274,12.5381,-1.5299,1.5647,13.9828
10.1188,-0.0372,-0.0287,10.8912,-0.3375,0.3123,11.9604,-0.7480,0.7844,10.8957,-0.3492,0.3274,10.8874,-0.3385,0.3133,10.8793,-0.3522,0.3287,10.8733,-0.3557,0.3293,13.9608,-2.2254,1.7736,13.3839,-1.8048,1.4894,16.5207,-4.0925,2.9785,15.6462,-3.4113,2.5957,10.8848,-0.3384,0.3135,10.8911,-0.3422,0.3186,10.8988,-0.3502,0.3287,10.9159,-0.3554,0.3360,10.8803,-0.3518,0.3286,10.8725,-0.3561,0.3294,10.8724,-0.3565,0.3294,10.8790,-0.3524,0.3287,11.9727,-0.7527,0.7905,11.9871,-0.7589,0.7986,11.9903,-0.7590,0.7989,13.0253,-1.5401,1.3121,13.3830,-1.8073,1.4902,13.9578,-2.2250,1.7735,14.5424,-2.6456,2.0587,15.5375,-3.3715,2.5499,16.8981,-4.3688,3.1444,16.5223,-4.0990,2.9810,15.6356,-3.4051,2.5859,15.6582,-3.4137,2.5963,15.6414,-3.4105,2.5951,15.6421,-3.4105,2.5955,10.8878,-0.3393,0.3138,11.9841,-0.7573,0.7968,13.3839,-1.8048,1.4894
-0.0525,9.6524,-0.1137,0.3166,10.2829,-0.4025,0.8143,11.1188,-0.7999,0.3503,10.3268,-0.4254,0.3222,10.2931,-0.4071,0.3817,10.3807,-0.4467,0.4056,10.4390,-0.4642,1.6945,12.7607,-2.2867,1.4439,12.3000,-1.8622,2.8163,14.9572,-4.2482,2.3990,13.9794,-3.4761,0.3223,10.2924,-0.4077,0.3305,10.3001,-0.4123,0.3506,10.3263,-0.4256,0.3509,10.3202,-0.4255,0.3779,10.3737,-0.4443,0.4083,10.4457,-0.4662,0.4108,10.4518,-0.4679,0.3836,10.3853,-0.4480,0.8165,11.1178,-0.8022,0.8204,11.1184,-0.8053,0.8189,11.1143,-0.8036,1.2850,12.0041,-1.5952,1.4524,12.3199,-1.8689,1.6950,12.7605,-2.2881,1.9474,13.2204,-2.7125,2.3971,14.0321,-3.4653,2.9755,15.3061,-4.5480,2.8270,15.0075,-4.2615,2.3957,13.9929,-3.4674,2.3966,13.9807,-3.4708,2.3998,13.9793,-3.4785,2.3998,13.9789,-3.4779,0.3265,10.3021,-0.4099,0.8188,11.1163,-0.8037,1.4439,12.3001,-1.8621
-0.0986,-0.0152,10.7267,-0.2858,0.3855,11.5183,-0.5475,0.9210,12.5776,-0.2988,0.4072,11.5256,-0.2898,0.3917,11.5280,-0.3065,0.4221,11.5244,-0.3085,0.4261,11.5082,-1.9335,1.8204,14.6305,-1.5360,1.5666,14.0403,-3.7263,2.8826,17.3229,-3.0905,2.5596,16.3860,-0.2922,0.3954,11.5374,-0.2928,0.3973,11.5274,-0.2990,0.4072,11.5252,-0.3001,0.4075,11.5241,-0.3066,0.4220,11.5281,-0.3088,0.4267,11.5065,-0.3084,0.4263,11.5026,-0.3065,0.4222,11.5224,-0.5520,0.9253,12.5871,-0.5562,0.9296,12.5921,-0.5552,0.9280,12.5886,-1.2887,1.4073,13.6781,-1.5352,1.5661,14.0295,-1.9362,1.8232,14.6423,-2.3315,2.0714,15.2178,-3.0298,2.5091,16.2577,-3.9947,3.0264,17.7374,-3.7239,2.8775,17.3040,-3.0640,2.5352,16.3124,-3.0798,2.5487,16.3484,-3.0947,2.5635,16.4039,-3.0942,2.5632,16.3990,-0.2898,0.3918,11.5234,-0.5546,0.9278,12.5889,-1.5360,1.5666,14.0401
10.1173,-0.0397,-0.0269,10.8884,-0.3393,0.3144,11.9559,-0.7489,0.7869,10.8930,-0.3511,0.3296,10.8847,-0.3403,0.3154,10.8766,-0.3541,0.3309,10.8706,-0.3577,0.3316,13.9517,-2.2246,1.7786,13.3761,-1.8045,1.4937,16.5046,-4.0890,2.9870,15.6333,-3.4092,2.6027,10.8821,-0.3403,0.3157,10.8884,-0.3441,0.3208,10.8961,-0.3521,0.3309,10.9132,-0.3573,0.3382,10.8776,-0.3537,0.3308,10.8698,-0.3582,0.3316,10.8697,-0.3585,0.3316,10.8763,-0.3544,0.3309,11.9682,-0.7536,0.7931,11.9826,-0.7598,0.8011,11.9858,-0.7599,0.8015,13.0183,-1.5401,1.3160,13.3752,-1.8070,1.4945,13.9487,-2.2241,1.7785,14.5320,-2.6443,2.0644,15.5246,-3.3693,2.5568,16.4993,-4.0879,2.9860,18.9517,-5.8728,4.0555,15.6227,-3.4029,2.5929,15.6454,-3.4115,2.6033,15.6285,-3.4083,2.6020,15.6293,-3.4083,2.6025,10.8851,-0.3412,0.3159,11.9796,-0.7582,0.7993,13.3761,-1.8045,1.4937
-0.0527,9.6821,-0.1128,0.3175,10.3148,-0.4027,0.8167,11.1537,-0.8016,0.3513,10.3589,-0.4257,0.3231,10.3250,-0.4073,0.3828,10.4129,-0.4470,0.4067,10.4714,-0.4646,1.6992,12.8018,-2.2935,1.4479,12.3393,-1.8675,2.8238,15.0067,-4.2620,2.4054,14.0251,-3.4870,0.3232,10.3244,-0.4079,0.3314,10.3320,-0.4125,0.3516,10.3583,-0.4258,0.3519,10.3522,-0.4257,0.3790,10.4059,-0.4446,0.4095,10.4780,-0.4666,0.4120,10.4842,-0.4682,0.3847,10.4175,-0.4483,0.8189,11.1527,-0.8039,0.8228,11.1533,-0.8070,0.8213,11.1492,-0.8053,1.2886,12.0424,-1.5997,1.4565,12.3593,-1.8742,1.6997,12.8015,-2.2949,1.9527,13.2632,-2.7208,2.4035,14.0779,-3.4762,2.8249,15.0069,-4.2646,3.8497,17.3063,-6.1820,2.4022,14.0387,-3.4783,2.4030,14.0264,-3.4817,2.4062,14.0250,-3.4893,2.4062,14.0246,-3.4888,0.3274,10.3341,-0.4102,0.8212,11.1511,-0.8054,1.4479,12.3394,-1.8675
-0.0983,-0.0206,10.7158,-0.2855,0.3786,11.5076,-0.5473,0.9121,12.5672,-0.2985,0.4003,11.5149,-0.2895,0.3848,11.5173,-0.3063,0.4153,11.5137,-0.3083,0.4193,11.4975,-1.9314,1.8067,14.6211,-1.5345,1.5543,14.0306,-3.7219,2.8622,17.3155,-3.0870,2.5422,16.3771,-0.2919,0.3885,11.5266,-0.2925,0.3905,11.5167,-0.2987,0.4004,11.5144,-0.2998,0.4006,11.5134,-0.3063,0.4152,11.5174,-0.3085,0.4198,11.4958,-0.3082,0.4194,11.4919,-0.3062,0.4153,11.5117,-0.5517,0.9164,12.5767,-0.5560,0.9207,12.5817,-0.5550,0.9191,12.5782,-1.2875,1.3959,13.6682,-1.5337,1.5538,14.0198,-1.9342,1.8095,14.6328,-2.3290,2.0563,15.2087,-3.0264,2.4917,16.2491,-3.7267,2.8662,17.3359,-5.4027,3.7501,19.8116,-3.0605,2.5178,16.3036,-3.0763,2.5313,16.3396,-3.0911,2.5461,16.3950,-3.0906,2.5458,16.3901,-0.2895,0.3849,11.5127,-0.5543,0.9189,12.5785,-1.5345,1.5543,14.0304
10.1902,-0.0364,-0.0293,10.9686,-0.3391,0.3139,12.0462,-0.7528,0.7890,10.9732,-0.3508,0.3291,10.9648,-0.3400,0.3149,10.9567,-0.3538,0.3304,10.9506,-0.3573,0.3310,14.0629,-2.2411,1.7837,13.4813,-1.8174,1.4979,15.6405,-3.3958,2.5634,16.8378,-4.2359,3.1408,10.9622,-0.3400,0.3151,10.9686,-0.3438,0.3203,10.9763,-0.3518,0.3304,10.9935,-0.3571,0.3378,10.9576,-0.3534,0.3303,10.9498,-0.3577,0.3311,10.9497,-0.3581,0.3311,10.9564,-0.3541,0.3304,12.0587,-0.7576,0.7951,12.0731,-0.7638,0.8033,12.0764,-0.7639,0.8036,13.1198,-1.5508,1.3197,13.4804,-1.8199,1.4987,14.0599,-2.2406,1.7836,14.6492,-2.6644,2.0704,15.6524,-3.3956,2.5643,15.6359,-3.3949,2.5627,15.6412,-3.4015,2.5654,16.8256,-4.2294,3.1313,16.8513,-4.2389,3.1419,16.8325,-4.2348,3.1397,16.8333,-4.2349,3.1404,10.9653,-0.3409,0.3154,12.0701,-0.7622,0.8014,13.4813,-1.8174,1.4979
-0.0672,9.6438,-0.1148,0.2980,10.2762,-0.4041,0.7904,11.1149,-0.8022,0.3318,10.3200,-0.4270,0.3036,10.2864,-0.4087,0.3632,10.3737,-0.4481,0.3871,10.4318,-0.4656,1.6576,12.7632,-2.2862,1.4107,12.3006,-1.8625,2.3561,14.0566,-3.4734,2.8576,14.9390,-4.3235,0.3037,10.2857,-0.4093,0.3119,10.2933,-0.4138,0.3321,10.3194,-0.4271,0.3324,10.3134,-0.4270,0.3594,10.3666,-0.4458,0.3899,10.4384,-0.4676,0.3923,10.4445,-0.4692,0.3651,10.3782,-0.4494,0.7926,11.1139,-0.8045,0.7965,11.1145,-0.8075,0.7950,11.1104,-0.8059,1.2542,12.0036,-1.5960,1.4193,12.3205,-1.8692,1.6581,12.7629,-2.2877,1.9066,13.2247,-2.7113,2.3497,14.0396,-3.4628,2.3570,14.0565,-3.4758,2.3664,14.0992,-3.4847,2.8540,14.9534,-4.3135,2.8547,14.9401,-4.3173,2.8587,14.9390,-4.3263,2.8586,14.9385,-4.3257,0.3079,10.2954,-0.4115,0.7949,11.1123,-0.8060,1.4107,12.3007,-1.8625
-0.1104,-0.0128,10.7189,-0.2963,0.3884,11.5073,-0.5561,0.9247,12.5620,-0.3094,0.4102,11.5146,-0.3003,0.3946,11.5170,-0.3172,0.4251,11.5134,-0.3192,0.4291,11.4971,-1.9379,1.8293,14.6031,-1.5417,1.5740,14.0163,-3.0407,2.5304,16.2596,-3.8497,3.0332,17.4478,-0.3027,0.3983,11.5263,-0.3034,0.4003,11.5163,-0.3096,0.4102,11.5141,-0.3108,0.4105,11.5131,-0.3172,0.4250,11.5171,-0.3194,0.4296,11.4954,-0.3191,0.4292,11.4916,-0.3171,0.4251,11.5114,-0.5607,0.9290,12.5715,-0.5649,0.9333,12.5765,-0.5639,0.9317,12.5731,-1.2951,1.4138,13.6562,-1.5409,1.5735,14.0055,-1.9407,1.8321,14.6149,-2.3348,2.0817,15.1870,-3.0308,2.5220,16.2208,-3.0448,2.5342,16.2773,-3.0388,2.5266,16.2428,-3.8196,3.0074,17.3651,-3.8376,3.0219,17.4058,-3.8543,3.0372,17.4679,-3.8537,3.0370,17.4623,-0.3003,0.3947,11.5124,-0.5633,0.9316,12.5733,-1.5417,1.5740,14.0161
10.2120,-0.0364,-0.0331,10.9929,-0.3399,0.3098,12.0739,-0.7547,0.7847,10.9974,-0.3516,0.3251,10.9891,-0.3408,0.3109,10.9809,-0.3546,0.3264,10.9747,-0.3581,0.3270,14.0973,-2.2455,1.7780,13.5138,-1.8211,1.4926,15.6804,-3.4023,2.5566,17.5506,-4.7411,3.4631,10.9865,-0.3408,0.3111,10.9928,-0.3446,0.3162,11.0006,-0.3526,0.3265,11.0178,-0.3579,0.3338,10.9818,-0.3542,0.3264,10.9739,-0.3585,0.3271,10.9738,-0.3589,0.3271,10.9806,-0.3549,0.3264,12.0863,-0.7594,0.7908,12.1008,-0.7656,0.7990,12.1041,-0.7658,0.7994,13.1510,-1.5541,1.3146,13.5128,-1.8236,1.4934,14.0943,-2.2451,1.7779,14.6856,-2.6696,2.0643,15.6922,-3.4021,2.5574,15.6757,-3.4014,2.5559,15.6810,-3.4080,2.5586,16.8694,-4.2374,3.1237,17.5649,-4.7445,3.4645,17.5449,-4.7399,3.4618,17.5458,-4.7400,3.4626,10.9895,-0.3417,0.3114,12.0978,-0.7641,0.7972,13.5138,-1.8211,1.4926
-0.0715,9.6438,-0.1187,0.2928,10.2763,-0.4077,0.7838,11.1149,-0.8054,0.3266,10.3200,-0.4306,0.2984,10.2864,-0.4123,0.3580,10.3737,-0.4517,0.3820,10.4317,-0.4692,1.6486,12.7628,-2.2879,1.4024,12.3003,-1.8646,2.3451,14.0558,-3.4738,3.1652,15.5324,-4.8557,0.2986,10.2857,-0.4129,0.3067,10.2933,-0.4174,0.3270,10.3194,-0.4307,0.3273,10.3134,-0.4307,0.3543,10.3666,-0.4494,0.3847,10.4384,-0.4712,0.3872,10.4445,-0.4728,0.3599,10.3782,-0.4530,0.7860,11.1139,-0.8077,0.7900,11.1145,-0.8108,0.7884,11.1105,-0.8092,1.2463,12.0034,-1.5984,1.4110,12.3202,-1.8713,1.6491,12.7625,-2.2893,1.8969,13.2241,-2.7125,2.3387,14.0388,-3.4631,2.3460,14.0557,-3.4761,2.3555,14.0984,-3.4851,2.8416,14.9524,-4.3128,3.1620,15.5335,-4.8489,3.1664,15.5326,-4.8587,3.1663,15.5320,-4.8580,0.3028,10.2954,-0.4151,0.7883,11.1124,-0.8092,1.4024,12.3004,-1.8646
-0.1141,-0.0128,10.7414,-0.3001,0.3894,11.5307,-0.5600,0.9270,12.5867,-0.3132,0.4112,11.5381,-0.3041,0.3957,11.5405,-0.3211,0.4262,11.5368,-0.3231,0.4302,11.5206,-1.9437,1.8347,14.6294,-1.5470,1.5785,14.0421,-3.0480,2.5383,16.2872,-4.3309,3.3296,18.1616,-0.3065,0.3993,11.5498,-0.3072,0.4013,11.5398,-0.3135,0.4113,11.5376,-0.3147,0.4116,11.5365,-0.3211,0.4261,11.5406,-0.3233,0.4307,11.5188,-0.3230,0.4303,11.5150,-0.3210,0.4262,11.5348,-0.5646,0.9313,12.5962,-0.5688,0.9356,12.6013,-0.5678,0.9340,12.5978,-1.3001,1.4178,13.6818,-1.5462,1.5780,14.0313,-1.9465,1.8375,14.6412,-2.3411,2.0880,15.2137,-3.0381,2.5299,16.2484,-3.0521,2.5421,16.3049,-3.0461,2.5345,16.2704,-3.8279,3.0169,17.3935,-4.3180,3.3179,18.1167,-4.3358,3.3336,18.1832,-4.3352,3.3334,18.1771,-0.3041,0.3958,11.5358,-0.5672,0.9339,12.5981,-1.5470,1.5785,14.0420
10.2132,-0.0364,-0.0385,10.9952,-0.3400,0.3032,12.0778,-0.7551,0.7763,10.9997,-0.3518,0.3185,10.9914,-0.3410,0.3042,10.9831,-0.3548,0.3198,10.9770,-0.3583,0.3204,14.1048,-2.2454,1.7650,13.5202,-1.8211,1.4809,15.6908,-3.4017,2.5398,18.2332,-5.2364,3.7713,10.9888,-0.3409,0.3045,10.9951,-0.3447,0.3096,11.0028,-0.3528,0.3198,11.0200,-0.3581,0.3272,10.9841,-0.3543,0.3197,10.9762,-0.3587,0.3205,10.9761,-0.3591,0.3205,10.9828,-0.3550,0.3198,12.0902,-0.7599,0.7825,12.1046,-0.7661,0.7906,12.1079,-0.7662,0.7910,13.1569,-1.5542,1.3037,13.5193,-1.8236,1.4817,14.1018,-2.2450,1.7648,14.6942,-2.6693,2.0499,15.7027,-3.4015,2.5406,15.6861,-3.4008,2.5391,15.6914,-3.4074,2.5418,16.8820,-4.2364,3.1041,17.5789,-4.7434,3.4432,18.6131,-5.5114,3.9363,18.2281,-5.2352,3.7707,10.9918,-0.3418,0.3047,12.1017,-0.7645,0.7888,13.5202,-1.8212,1.4809
-0.0711,9.6424,-0.1239,0.2932,10.2737,-0.4123,0.7842,11.1107,-0.8090,0.3270,10.3174,-0.4352,0.2988,10.2838,-0.4169,0.3584,10.3712,-0.4564,0.3824,10.4293,-0.4739,1.6506,12.7541,-2.2895,1.4040,12.2930,-1.8668,2.3485,14.0437,-3.4738,3.4915,16.1099,-5.3868,0.2989,10.2832,-0.4175,0.3071,10.2908,-0.4221,0.3273,10.3169,-0.4354,0.3277,10.3108,-0.4353,0.3547,10.3641,-0.4541,0.3851,10.4359,-0.4759,0.3876,10.4420,-0.4775,0.3603,10.3757,-0.4577,0.7864,11.1097,-0.8114,0.7904,11.1103,-0.8144,0.7888,11.1062,-0.8128,1.2476,11.9968,-1.6010,1.4126,12.3128,-1.8735,1.6511,12.7539,-2.2909,1.8994,13.2142,-2.7135,2.3420,14.0267,-3.4631,2.3493,14.0436,-3.4761,2.3588,14.0864,-3.4851,2.8458,14.9378,-4.3115,3.1668,15.5174,-4.8468,3.6525,16.4574,-5.6884,3.4927,16.1095,-5.3894,0.3031,10.2928,-0.4197,0.7887,11.1081,-0.8129,1.4040,12.2930,-1.8668
-0.1145,-0.0128,10.7764,-0.3011,0.3907,11.5683,-0.5618,0.9300,12.6278,-0.3143,0.4126,11.5757,-0.3051,0.3970,11.5781,-0.3221,0.4276,11.5745,-0.3241,0.4316,11.5581,-1.9501,1.8407,14.6771,-1.5520,1.5837,14.0879,-3.0579,2.5466,16.3404,-4.8177,3.6267,18.9058,-0.3075,0.4006,11.5875,-0.3082,0.4026,11.5774,-0.3145,0.4126,11.5752,-0.3157,0.4129,11.5741,-0.3222,0.4275,11.5782,-0.3244,0.4322,11.5564,-0.3241,0.4318,11.5525,-0.3221,0.4276,11.5724,-0.5664,0.9343,12.6373,-0.5707,0.9387,12.6424,-0.5697,0.9370,12.6389,-1.3043,1.4224,13.7264,-1.5512,1.5832,14.0771,-1.9528,1.8435,14.6889,-2.3487,2.0948,15.2634,-3.0480,2.5382,16.3014,-3.0621,2.5504,16.3581,-3.0560,2.5428,16.3234,-3.8404,3.0268,17.4502,-4.3321,3.3287,18.1758,-5.0887,3.7710,19.3242,-4.8224,3.6306,18.9223,-0.3051,0.3971,11.5735,-0.5691,0.9369,12.6391,-1.5520,1.5837,14.0878
10.2132,-0.0364,-0.0381,10.9951,-0.3400,0.3037,12.0777,-0.7551,0.7768,10.9997,-0.3518,0.3189,10.9913,-0.3410,0.3047,10.9831,-0.3547,0.3202,10.9769,-0.3583,0.3209,14.1047,-2.2454,1.7656,13.5201,-1.8211,1.4815,15.6905,-3.4016,2.5405,18.2328,-5.2363,3.7722,10.9887,-0.3409,0.3050,10.9951,-0.3447,0.3101,11.0028,-0.3528,0.3203,11.0200,-0.3580,0.3277,10.9840,-0.3543,0.3202,10.9761,-0.3587,0.3209,10.9760,-0.3590,0.3210,10.9828,-0.3550,0.3203,12.0902,-0.7598,0.7830,12.1046,-0.7660,0.7911,12.1079,-0.7662,0.7915,13.1567,-1.5541,1.3043,13.5192,-1.8236,1.4823,14.1016,-2.2449,1.7654,14.6940,-2.6692,2.0506,15.7024,-3.4014,2.5414,15.6859,-3.4008,2.5398,15.6911,-3.4074,2.5425,16.8817,-4.2364,3.1049,17.5785,-4.7433,3.4441,18.2269,-5.2350,3.7708,18.8958,-5.7316,4.1025,10.9918,-0.3418,0.3052,12.1016,-0.7645,0.7893,13.5201,-1.8211,1.4815
-0.0712,9.6425,-0.1240,0.2932,10.2738,-0.4125,0.7842,11.1108,-0.8093,0.3270,10.3175,-0.4354,0.2988,10.2839,-0.4171,0.3584,10.3713,-0.4566,0.3824,10.4294,-0.4740,1.6506,12.7545,-2.2899,1.4040,12.2932,-1.8672,2.3485,14.0441,-3.4743,3.4914,16.1105,-5.3876,0.2989,10.2833,-0.4177,0.3071,10.2909,-0.4223,0.3273,10.3170,-0.4356,0.3276,10.3109,-0.4355,0.3547,10.3642,-0.4542,0.3851,10.4360,-0.4760,0.3876,10.4421,-0.4777,0.3603,10.3758,-0.4579,0.7864,11.1099,-0.8116,0.7904,11.1104,-0.8147,0.7889,11.1064,-0.8131,1.2476,11.9971,-1.6013,1.4125,12.3131,-1.8738,1.6511,12.7542,-2.2914,1.8994,13.2146,-2.7140,2.3420,14.0272,-3.4636,2.3493,14.0441,-3.4767,2.3588,14.0868,-3.4856,2.8458,14.9383,-4.3121,3.1668,15.5180,-4.8475,3.4927,16.1107,-5.3908,3.8139,16.7043,-5.9243,0.3031,10.2929,-0.4199,0.7887,11.1083,-0.8132,1.4040,12.2933,-1.8672
-0.1144,-0.0128,10.7723,-0.3010,0.3906,11.5639,-0.5616,0.9296,12.6230,-0.3141,0.4124,11.5713,-0.3050,0.3968,11.5737,-0.3220,0.4274,11.5701,-0.3240,0.4315,11.5537,-1.9493,1.8400,14.6715,-1.5514,1.5831,14.0825,-3.0568,2.5456,16.3342,-4.8159,3.6253,18.8986,-0.3074,0.4005,11.5831,-0.3081,0.4025,11.5730,-0.3144,0.4125,11.5708,-0.3156,0.4127,11.5697,-0.3220,0.4273,11.5738,-0.3243,0.4320,11.5520,-0.3239,0.4316,11.5481,-0.3220,0.4275,11.5680,-0.5662,0.9339,12.6325,-0.5705,0.9383,12.6376,-0.5695,0.9367,12.6341,-1.3038,1.4218,13.7212,-1.5507,1.5826,14.0717,-1.9521,1.8428,14.6834,-2.3479,2.0940,15.2576,-3.0468,2.5372,16.2952,-3.0609,2.5494,16.3519,-3.0549,2.5418,16.3172,-3.8389,3.0256,17.4436,-4.3304,3.3275,18.1689,-4.8212,3.6294,18.9216,-5.2920,3.9145,19.5990,-0.3050,0.3969,11.5691,-0.5688,0.9365,12.6343,-1.5514,1.5831,14.0824
9.7434,-0.0227,0.0100,10.4777,-0.3115,0.3514,10.5517,-0.3161,0.3747,10.4826,-0.3227,0.3657,11.2151,-0.8671,0.6801,10.4671,-0.3254,0.3669,10.4614,-0.3286,0.3676,10.6332,-0.3595,0.4388,10.6077,-0.3474,0.4205,10.6862,-0.3884,0.4825,10.7455,-0.4117,0.5185,11.2121,-0.8668,0.6800,10.4779,-0.3160,0.3574,10.4856,-0.3237,0.3670,10.5022,-0.3288,0.3740,10.4679,-0.3250,0.3669,10.4607,-0.3290,0.3676,10.4606,-0.3293,0.3676,10.4668,-0.3256,0.3670,10.5615,-0.3199,0.3799,10.5729,-0.3248,0.3867,10.5755,-0.3251,0.3872,10.5924,-0.3395,0.4091,10.6064,-0.3481,0.4207,10.6314,-0.3595,0.4390,10.6602,-0.3717,0.4570,10.6929,-0.3881,0.4818,10.6838,-0.3884,0.4827,10.6852,-0.3899,0.4827,10.7408,-0.4066,0.5095,10.7517,-0.4119,0.5179,10.7430,-0.4116,0.5187,10.7434,-0.4116,0.5187,11.8090,-1.3132,0.9444,10.5706,-0.3236,0.3852,10.6077,-0.3474,0.4205
0.0013,9.5876,-0.0379,0.3830,10.2129,-0.3264,0.3943,10.2055,-0.3300,0.4160,10.2570,-0.3490,0.6933,10.9256,-0.9095,0.4467,10.3108,-0.3701,0.4702,10.3690,-0.3878,0.4146,10.1744,-0.3456,0.4117,10.1876,-0.3431,0.4262,10.1520,-0.3558,0.4245,10.1127,-0.3546,0.6936,10.9252,-0.9102,0.3966,10.2302,-0.3359,0.4163,10.2565,-0.3491,0.4164,10.2505,-0.3489,0.4430,10.3038,-0.3678,0.4729,10.3756,-0.3898,0.4753,10.3817,-0.3915,0.4486,10.3154,-0.3715,0.3961,10.2044,-0.3315,0.3994,10.2048,-0.3338,0.3980,10.2015,-0.3326,0.4074,10.1916,-0.3400,0.4191,10.2005,-0.3476,0.4147,10.1740,-0.3459,0.4176,10.1618,-0.3479,0.4225,10.1452,-0.3521,0.4263,10.1515,-0.3562,0.4349,10.1718,-0.3620,0.4238,10.1224,-0.3529,0.4243,10.1146,-0.3536,0.4246,10.1122,-0.3550,0.4246,10.1120,-0.3549,0.9405,11.4991,-1.3757,0.3980,10.2031,-0.3327,0.4117,10.1877,-0.3431
-0.0285,-0.0062,10.3361,-0.2114,0.3806,11.1059,-0.2125,0.4135,11.1628,-0.2235,0.4012,11.1130,-0.7266,0.6635,11.8834,-0.2309,0.4155,11.1119,-0.2327,0.4192,11.0963,-0.2583,0.4801,11.2650,-0.2465,0.4636,11.2376,-0.2919,0.5273,11.3475,-0.3099,0.5512,11.3878,-0.7295,0.6672,11.8947,-0.2180,0.3919,11.1146,-0.2237,0.4013,11.1126,-0.2245,0.4014,11.1116,-0.2310,0.4154,11.1154,-0.2330,0.4196,11.0947,-0.2326,0.4192,11.0910,-0.2309,0.4155,11.1100,-0.2156,0.4172,11.1700,-0.2184,0.4208,11.1736,-0.2174,0.4193,11.1708,-0.2392,0.4531,11.2230,-0.2464,0.4637,11.2302,-0.2600,0.4825,11.2718,-0.2688,0.4944,11.2877,-0.2864,0.5192,11.3296,-0.2940,0.5304,11.3559,-0.2917,0.5275,11.3382,-0.2982,0.5339,11.3523,-0.3046,0.5427,11.3690,-0.3121,0.5543,11.3963,-0.3118,0.5540,11.3943,-1.1356,0.8850,12.4900,-0.2172,0.4192,11.1711,-0.2465,0.4636,11.2375
9.8719,-0.0293,0.0180,10.6181,-0.3221,0.3624,11.6507,-0.7224,0.8394,10.6229,-0.3334,0.3770,10.6145,-0.3230,0.3633,10.6071,-0.3361,0.3782,10.6013,-0.3394,0.3788,11.7496,-0.7735,0.9137,11.7189,-0.7594,0.8926,11.8138,-0.8073,0.9644,11.8851,-0.8337,1.0054,10.6119,-0.3229,0.3635,10.6182,-0.3266,0.3685,10.6259,-0.3344,0.3783,10.6427,-0.3395,0.3854,10.6080,-0.3357,0.3781,10.6005,-0.3397,0.3789,10.6004,-0.3401,0.3789,10.6068,-0.3363,0.3782,12.1149,-1.0616,1.0432,12.5866,-1.4182,1.2812,12.5904,-1.4184,1.2817,11.7001,-0.7500,0.8794,11.7177,-0.7609,0.8929,11.7474,-0.7733,0.9140,11.7822,-0.7877,0.9346,11.8218,-0.8067,0.9633,11.8109,-0.8071,0.9648,11.8132,-0.8100,0.9648,11.8797,-0.8283,0.9946,11.8928,-0.8343,1.0044,11.8820,-0.8335,1.0058,11.8826,-0.8335,1.0057,10.6149,-0.3238,0.3638,12.5829,-1.4164,1.2794,11.7189,-0.7594,0.8926
-0.0037,9.5969,-0.0656,0.3746,10.2247,-0.3558,0.8854,11.0566,-0.7556,0.4077,10.2685,-0.3783,0.3801,10.2348,-0.3602,0.4385,10.3221,-0.3995,0.4621,10.3801,-0.4171,0.9110,11.0230,-0.7786,0.9068,11.0379,-0.7745,0.9260,10.9988,-0.7943,0.9260,10.9528,-0.7942,0.3801,10.2342,-0.3607,0.3882,10.2418,-0.3653,0.4080,10.2679,-0.3785,0.4082,10.2619,-0.3783,0.4348,10.3151,-0.3971,0.4648,10.3867,-0.4191,0.4673,10.3928,-0.4208,0.4404,10.3266,-0.4008,1.0716,11.4761,-1.1069,1.2912,11.8962,-1.4745,1.2895,11.8911,-1.4725,0.9015,11.0421,-0.7702,0.9147,11.0534,-0.7798,0.9111,11.0226,-0.7794,0.9150,11.0086,-0.7822,0.9218,10.9901,-0.7889,0.9262,10.9984,-0.7953,0.9352,11.0229,-0.8014,0.9244,10.9634,-0.7906,0.9254,10.9546,-0.7921,0.9262,10.9524,-0.7951,0.9262,10.9522,-0.7949,0.3843,10.2438,-0.3631,1.2897,11.8933,-1.4727,0.9068,11.0380,-0.7745
-0.0560,-0.0026,10.4359,-0.2414,0.3885,11.2114,-0.5008,0.9115,12.2495,-0.2537,0.4094,11.2186,-0.2453,0.3945,11.2208,-0.2611,0.4239,11.2174,-0.2629,0.4277,11.2017,-0.5607,0.9860,12.3770,-0.5450,0.9674,12.3428,-0.6042,1.0386,12.4799,-0.6292,1.0659,12.5305,-0.2476,0.3981,11.2298,-0.2481,0.4000,11.2202,-0.2539,0.4095,11.2181,-0.2548,0.4097,11.2171,-0.2612,0.4238,11.2210,-0.2632,0.4282,11.2000,-0.2628,0.4278,11.1963,-0.2611,0.4239,11.2154,-0.8151,1.0839,12.7216,-1.1419,1.2867,13.1946,-1.1408,1.2853,13.1904,-0.5354,0.9557,12.3244,-0.5447,0.9677,12.3340,-0.5627,0.9886,12.3853,-0.5747,1.0022,12.4056,-0.5978,1.0300,12.4578,-0.6067,1.0419,12.4902,-0.6037,1.0388,12.4687,-0.6145,1.0468,12.4872,-0.6228,1.0566,12.5079,-0.6317,1.0692,12.5409,-0.6313,1.0689,12.5383,-0.2452,0.3946,11.2163,-1.1401,1.2850,13.1905,-0.5450,0.9675,12.3426
9.7600,-0.0327,0.0001,10.5005,-0.3221,0.3359,11.5253,-0.7177,0.8010,10.5051,-0.3333,0.3504,10.4969,-0.3230,0.3369,10.4894,-0.3361,0.3517,10.4836,-0.3394,0.3523,12.9272,-1.7580,1.5199,12.8883,-1.7414,1.4984,13.0093,-1.7974,1.5709,13.0983,-1.8285,1.6133,10.4944,-0.3229,0.3371,10.5005,-0.3266,0.3420,10.5081,-0.3343,0.3517,10.5247,-0.3394,0.3587,10.4903,-0.3357,0.3516,10.4829,-0.3398,0.3523,10.4828,-0.3402,0.3523,10.4891,-0.3363,0.3517,11.5373,-0.7223,0.8068,11.5512,-0.7282,0.8146,11.5543,-0.7284,0.8149,12.5450,-1.4850,1.3230,12.8875,-1.7438,1.4991,12.9245,-1.7576,1.5199,12.9684,-1.7748,1.5414,13.0186,-1.7970,1.5706,13.0057,-1.7970,1.5709,13.0092,-1.8013,1.5719,13.0910,-1.8228,1.6031,13.1076,-1.8297,1.6129,13.0947,-1.8280,1.6132,13.0953,-1.8280,1.6134,10.4973,-0.3238,0.3373,11.5483,-0.7267,0.8129,23.3933,-1.7414,1.4984
-0.0209,9.4301,-0.0834,0.3468,10.0463,-0.3674,0.8430,10.8631,-0.7583,0.3795,10.0893,-0.3896,0.3522,10.0563,-0.3718,0.4099,10.1421,-0.4104,0.4331,10.1991,-0.4276,1.4744,12.0035,-1.8104,1.4706,12.0200,-1.8048,1.4894,11.9792,-1.8316,1.4876,11.9248,-1.8315,0.3523,10.0557,-0.3723,0.3602,10.0632,-0.3768,0.3798,10.0888,-0.3898,0.3800,10.0829,-0.3896,0.4063,10.1352,-0.4081,0.4358,10.2055,-0.4296,0.4382,10.2116,-0.4312,0.4118,10.1465,-0.4117,0.8451,10.8621,-0.7605,0.8489,10.8628,-0.7633,0.8474,10.8588,-0.7618,1.3122,11.7302,-1.5418,1.4788,12.0394,-1.8114,1.4747,12.0032,-1.8115,1.4779,11.9875,-1.8151,1.4843,11.9674,-1.8243,1.4898,11.9790,-1.8331,1.4988,12.0102,-1.8402,1.4853,11.9364,-1.8260,1.4863,11.9264,-1.8283,1.4880,11.9245,-1.8330,1.4880,11.9242,-1.8327,0.3564,10.0651,-0.3746,0.8474,10.8606,-0.7619,1.4706,22.2224,-1.8048
-0.0703,-0.0089,10.3338,-0.2528,0.3776,11.1001,-0.5081,0.8942,12.1258,-0.2651,0.3984,11.1072,-0.2566,0.3835,11.1095,-0.2725,0.4127,11.1060,-0.2743,0.4165,11.0904,-1.4868,1.5339,13.5901,-1.4659,1.5130,13.5461,-1.5439,1.5916,13.7220,-1.5785,1.6241,13.7867,-0.2589,0.3871,11.1184,-0.2595,0.3889,11.1088,-0.2653,0.3984,11.1067,-0.2662,0.3986,11.1057,-0.2726,0.4126,11.1096,-0.2746,0.4170,11.0888,-0.2742,0.4166,11.0851,-0.2725,0.4127,11.1041,-0.5123,0.8982,12.1349,-0.5162,0.9024,12.1398,-0.5153,0.9008,12.1364,-1.2263,1.3604,13.1944,-1.4651,1.5125,13.5358,-1.4892,1.5365,13.6005,-1.5056,1.5522,13.6271,-1.5363,1.5832,13.6938,-1.5470,1.5950,13.7349,-1.5429,1.5902,13.7088,-1.5595,1.6033,13.7325,-1.5705,1.6144,13.7587,-1.5816,1.6275,13.7998,-1.5812,1.6273,13.7964,-0.2566,0.3836,11.1050,-0.5147,0.9007,12.1367,-1.4659,1.5130,24.3399