13.1958,-0.0550,0.1263,13.4905,-0.0954,0.2342,13.8916,-0.1425,0.3622,13.5324,-0.1408,0.2993,13.4778,-0.0978,0.2382,13.4788,-0.1458,0.3017,13.4643,-0.1526,0.3020,14.4203,-0.3942,0.7049,14.2589,-0.3235,0.6055,14.7789,-0.5615,0.9489,15.1578,-0.6978,1.1527,13.4671,-0.0976,0.2393,13.4996,-0.1135,0.2614,13.5467,-0.1454,0.3054,13.6250,-0.1698,0.3388,13.4811,-0.1451,0.3019,13.4622,-0.1534,0.3020,13.4627,-0.1542,0.3017,13.4783,-0.1463,0.3016,13.9434,-0.1613,0.3884,14.0039,-0.1853,0.4227,14.0162,-0.1869,0.4248,14.1597,-0.2780,0.5441,14.2576,-0.3261,0.6052,14.4112,-0.3939,0.7063,14.5912,-0.4648,0.8049,14.8105,-0.5604,0.9441,14.7662,-0.5610,0.9507,14.7825,-0.5679,0.9489,15.1184,-0.6688,1.0996,15.1930,-0.6998,1.1483,15.1440,-0.6971,1.1546,15.1462,-0.6971,1.1542,13.4819,-0.1000,0.2399,13.9910,-0.1798,0.4152,14.2589,-0.3235,0.6055
0.0390,11.6908,-0.0905,0.1244,11.7697,-0.1051,0.1664,11.7516,-0.1130,0.2581,11.9499,-0.2041,0.1456,11.8097,-0.1214,0.3829,12.1760,-0.2973,0.4779,12.4339,-0.3767,0.2439,11.6425,-0.1682,0.2325,11.6906,-0.1599,0.2896,11.5639,-0.2047,0.2842,11.4200,-0.1974,0.1456,11.8074,-0.1222,0.1791,11.8399,-0.1461,0.2594,11.9480,-0.2048,0.2604,11.9240,-0.2045,0.3682,12.1465,-0.2870,0.4888,12.4640,-0.3856,0.4986,12.4921,-0.3933,0.3904,12.1953,-0.3031,0.1737,11.7479,-0.1185,0.1868,11.7493,-0.1276,0.1816,11.7365,-0.1232,0.2156,11.7044,-0.1483,0.2621,11.7400,-0.1795,0.2440,11.6412,-0.1690,0.2556,11.5962,-0.1761,0.2753,11.5371,-0.1908,0.2898,11.5628,-0.2059,0.3240,11.6387,-0.2314,0.2817,11.4521,-0.1930,0.2838,11.4246,-0.1950,0.2843,11.4191,-0.1986,0.2843,11.4183,-0.1983,0.1623,11.8452,-0.1336,0.1813,11.7427,-0.1233,0.2325,11.6906,-0.1599
-0.2044,0.0271,16.8584,-0.2393,0.2274,17.2586,-0.2794,0.4075,17.6042,-0.3186,0.3269,17.3158,-0.2639,0.2570,17.3178,-0.3701,0.3977,17.3025,-0.3831,0.4183,17.2020,-0.5951,0.7360,18.2940,-0.5122,0.6544,18.1023,-0.8363,0.9666,18.8848,-0.9755,1.0849,19.1908,-0.2786,0.2743,17.3745,-0.2825,0.2818,17.3183,-0.3192,0.3271,17.3144,-0.3225,0.3276,17.3163,-0.3704,0.3971,17.3260,-0.3848,0.4210,17.1912,-0.3828,0.4194,17.1674,-0.3700,0.3981,17.2899,-0.2981,0.4251,17.6557,-0.3155,0.4425,17.6852,-0.3094,0.4352,17.6685,-0.4612,0.6026,18.0019,-0.5116,0.6559,18.0521,-0.6063,0.7472,18.3397,-0.6702,0.8068,18.4584,-0.7985,0.9286,18.7590,-0.8509,0.9810,18.9442,-0.8354,0.9683,18.8189,-0.8899,1.0020,18.9408,-0.9376,1.0449,19.0626,-0.9903,1.0991,19.2509,-0.9882,1.0981,19.2353,-0.2639,0.2578,17.2902,-0.3082,0.4351,17.6682,-0.5122,0.6544,18.1039
13.6490,-0.1359,0.2344,14.7535,-0.5042,0.7512,15.2112,-0.5597,0.9064,14.8030,-0.5643,0.8298,14.7388,-0.5085,0.7576,14.7425,-0.5797,0.8371,14.7276,-0.6002,0.8391,15.8165,-0.8415,1.3035,15.6317,-0.7629,1.1888,16.2266,-1.0283,1.5875,16.6612,-1.1782,1.8192,14.7260,-0.5079,0.7601,14.7641,-0.5279,0.7848,14.8197,-0.5695,0.8366,14.9114,-0.5969,0.8735,14.7447,-0.5774,0.8372,14.7255,-0.6025,0.8393,14.7264,-0.6049,0.8389,14.7421,-0.5812,0.8370,15.2716,-0.5810,0.9365,15.3418,-0.6088,0.9756,15.3560,-0.6102,0.9773,15.5178,-0.7116,1.1181,15.6310,-0.7682,1.1885,15.8058,-0.8409,1.3059,16.0126,-0.9202,1.4181,16.2635,-1.0265,1.5792,16.2116,-1.0273,1.5907,16.2318,-1.0391,1.5875,16.6176,-1.1475,1.7553,16.7028,-1.1815,1.8118,16.6450,-1.1771,1.8225,16.6475,-1.1771,1.8218,14.7441,-0.5128,0.7595,15.3266,-0.6022,0.9668,15.6317,-0.7629,1.1889
0.0777,11.9529,-0.3053,0.5858,12.7105,-0.6608,0.6430,12.6853,-0.6855,0.7347,12.9200,-0.7791,0.6094,12.7578,-0.6826,0.8713,13.1823,-0.8887,0.9739,13.4839,-0.9779,0.7490,12.5579,-0.7739,0.7304,12.6139,-0.7578,0.8146,12.4664,-0.8375,0.8208,12.2984,-0.8383,0.6100,12.7554,-0.6860,0.6471,12.7924,-0.7112,0.7362,12.9177,-0.7798,0.7383,12.8899,-0.7790,0.8555,13.1481,-0.8774,0.9857,13.5190,-0.9879,0.9962,13.5517,-0.9960,0.8793,13.2048,-0.8950,0.6522,12.6813,-0.6938,0.6680,12.6830,-0.7053,0.6623,12.6679,-0.6994,0.7085,12.6302,-0.7409,0.7623,12.6709,-0.7789,0.7495,12.5566,-0.7768,0.7675,12.5038,-0.7885,0.7979,12.4348,-0.8160,0.8152,12.4652,-0.8415,0.8515,12.5534,-0.8660,0.8136,12.3354,-0.8237,0.8192,12.3034,-0.8303,0.8214,12.2974,-0.8423,0.8214,12.2966,-0.8411,0.6274,12.7993,-0.6958,0.6616,12.6751,-0.6996,0.7304,12.6139,-0.7578
-0.3388,0.0292,17.5481,-0.6127,0.6292,18.8432,-0.6768,0.8338,19.2359,-0.7036,0.7396,18.9105,-0.6400,0.6612,18.9116,-0.7590,0.8175,18.8964,-0.7719,0.8402,18.7840,-1.0570,1.2014,20.0253,-0.9562,1.1097,19.8060,-1.3462,1.4591,20.7017,-1.5201,1.5937,21.0518,-0.6564,0.6797,18.9764,-0.6619,0.6891,18.9120,-0.7049,0.7399,18.9090,-0.7119,0.7413,18.9118,-0.7595,0.8166,18.9230,-0.7737,0.8432,18.7720,-0.7712,0.8415,18.7450,-0.7587,0.8179,18.8823,-0.7001,0.8534,19.2953,-0.7224,0.8732,19.3297,-0.7160,0.8654,19.3106,-0.8944,1.0515,19.6909,-0.9551,1.1117,19.7491,-1.0695,1.2134,20.0776,-1.1493,1.2813,20.2138,-1.3043,1.4178,20.5576,-1.3625,1.4747,20.7696,-1.3448,1.4611,20.6270,-1.4204,1.5022,20.7667,-1.4780,1.5502,20.9059,-1.5366,1.6091,21.1206,-1.5343,1.6080,21.1024,-0.6400,0.6622,18.8805,-0.7135,0.8649,19.3101,-0.9562,1.1097,19.8077
14.1770,-0.1748,0.3291,15.3289,-0.5550,0.8633,16.9462,-1.0637,1.5951,15.3784,-0.6176,0.9463,15.3133,-0.5595,0.8707,15.3143,-0.6341,0.9542,15.2980,-0.6565,0.9559,17.6556,-1.3867,2.0589,17.4391,-1.2971,1.9256,18.1359,-1.6003,2.3915,18.6452,-1.7696,2.6580,15.3000,-0.5588,0.8739,15.3391,-0.5796,0.8991,15.3957,-0.6229,0.9534,15.4904,-0.6511,0.9918,15.3166,-0.6317,0.9545,15.2957,-0.6590,0.9561,15.2966,-0.6616,0.9555,15.3138,-0.6358,0.9541,17.0181,-1.0885,1.6301,17.1013,-1.1212,1.6751,17.1182,-1.1224,1.6765,17.3053,-1.2380,1.8434,17.4394,-1.3057,1.9253,17.6427,-1.3857,2.0625,17.8857,-1.4767,2.1916,18.1795,-1.5978,2.3795,18.1179,-1.5988,2.3962,18.1432,-1.6164,2.3916,18.5954,-1.7362,2.5813,18.6949,-1.7745,2.6472,18.6258,-1.7680,2.6627,18.6287,-1.7680,2.6618,15.3187,-0.5642,0.8725,17.0831,-1.1132,1.6646,17.4391,-1.2971,1.9258
0.1209,12.0646,-0.4910,0.6283,12.8295,-0.8595,1.2739,13.7314,-1.3528,0.7810,13.0376,-0.9786,0.6525,12.8764,-0.8822,0.9197,13.2998,-1.0883,1.0239,13.6020,-1.1765,1.4129,13.5840,-1.4796,1.3860,13.6491,-1.4545,1.5015,13.4785,-1.5746,1.5216,13.2819,-1.5841,0.6531,12.8738,-0.8863,0.6912,12.9106,-0.9108,0.7827,13.0353,-0.9793,0.7858,13.0071,-0.9784,0.9037,13.2656,-1.0774,1.0359,13.6372,-1.1864,1.0465,13.6700,-1.1942,0.9278,13.3224,-1.0944,1.2853,13.7272,-1.3643,1.3040,13.7294,-1.3786,1.2978,13.7115,-1.3708,1.3581,13.6681,-1.4315,1.4203,13.7153,-1.4777,1.4138,13.5827,-1.4850,1.4394,13.5210,-1.5017,1.4823,13.4407,-1.5439,1.5027,13.4773,-1.5816,1.5412,13.5806,-1.6054,1.5088,13.3243,-1.5576,1.5185,13.2872,-1.5694,1.5228,13.2809,-1.5912,1.5227,13.2800,-1.5892,0.6709,12.9180,-0.8950,1.2966,13.7200,-1.3713,1.3860,13.6491,-1.4547
-0.4953,0.0324,18.1710,-0.7884,0.6540,19.5094,-1.1932,1.4091,21.1426,-0.8832,0.7698,19.5776,-0.8165,0.6874,19.5800,-0.9398,0.8515,19.5626,-0.9532,0.8762,19.4459,-1.6553,1.8233,22.0586,-1.5317,1.7195,21.8041,-2.0053,2.1132,22.8433,-2.2236,2.2682,23.2493,-0.8333,0.7067,19.6470,-0.8395,0.7167,19.5800,-0.8847,0.7702,19.5761,-0.8930,0.7719,19.5785,-0.9404,0.8505,19.5901,-0.9549,0.8794,19.4334,-0.9524,0.8778,19.4055,-0.9395,0.8520,19.5479,-1.2225,1.4311,21.2122,-1.2508,1.4537,21.2530,-1.2441,1.4454,21.2307,-1.4560,1.6536,21.6702,-1.5300,1.7219,21.7393,-1.6693,1.8363,22.1191,-1.7695,1.9143,22.2776,-1.9583,2.0685,22.6762,-2.0236,2.1301,22.9218,-2.0033,2.1151,22.7580,-2.1062,2.1666,22.9202,-2.1761,2.2207,23.0814,-2.2421,2.2850,23.3289,-2.2396,2.2838,23.3076,-0.8166,0.6886,19.5477,-1.2400,1.4446,21.2299,-1.5317,1.7195,21.8061
13.8048,-0.2010,0.2251,14.9153,-0.5685,0.7405,15.3782,-0.6248,0.8991,16.5910,-1.8671,1.7515,14.9003,-0.5737,0.7474,16.5236,-1.8960,1.7641,16.5109,-1.9344,1.7708,15.9904,-0.9107,1.3045,15.8034,-0.8312,1.1876,16.4052,-1.1002,1.5947,16.8453,-1.2507,1.8304,14.8873,-0.5732,0.7501,15.5863,-1.0920,1.1521,16.6126,-1.8737,1.7591,16.7313,-1.9072,1.7993,16.5252,-1.8914,1.7633,16.5090,-1.9388,1.7716,16.5107,-1.9434,1.7720,16.5236,-1.8990,1.7645,15.4394,-0.6465,0.9300,15.5104,-0.6748,0.9698,15.5249,-0.6760,0.9715,15.6882,-0.7792,1.1155,15.8026,-0.8372,1.1876,15.9795,-0.9101,1.3071,16.1890,-0.9902,1.4214,16.4428,-1.0977,1.5858,16.3900,-1.0992,1.5981,16.4103,-1.1122,1.5949,16.8014,-1.2195,1.7649,16.8875,-1.2538,1.8225,16.8287,-1.2496,1.8338,16.8313,-1.2496,1.8331,14.9056,-0.5786,0.7495,15.4950,-0.6680,0.9607,15.8034,-0.8312,1.1877
0.0572,12.3055,-0.4000,0.5749,13.0822,-0.7668,0.6346,13.0546,-0.7953,1.5258,14.8215,-2.2935,0.5995,13.1308,-0.7899,1.6824,15.1739,-2.4438,1.7956,15.5842,-2.5600,0.7469,12.9213,-0.8935,0.7270,12.9796,-0.8749,0.8169,12.8257,-0.9650,0.8248,12.6518,-0.9692,0.6002,13.1283,-0.7938,0.9645,13.7813,-1.3919,1.5265,14.8190,-2.2942,1.5237,14.7842,-2.2918,1.6650,15.1286,-2.4292,1.8087,15.6320,-2.5731,1.8199,15.6761,-2.5832,1.6910,15.2044,-2.4518,0.6443,13.0504,-0.8044,0.6608,13.0521,-0.8167,0.6549,13.0366,-0.8104,0.7038,12.9967,-0.8564,0.7599,13.0383,-0.8963,0.7475,12.9199,-0.8969,0.7668,12.8652,-0.9103,0.7994,12.7933,-0.9417,0.8177,12.8244,-0.9696,0.8551,12.9154,-0.9939,0.8166,12.6904,-0.9519,0.8228,12.6572,-0.9598,0.8255,12.6507,-0.9738,0.8255,12.6498,-0.9725,0.6181,13.1735,-0.8032,0.6541,13.0440,-0.8106,0.7270,12.9796,-0.8750
-0.3722,-0.0471,17.8380,-0.6526,0.5492,19.1642,-0.7190,0.7574,19.5613,-1.9118,1.2712,21.0428,-0.6804,0.5819,19.2334,-1.9730,1.3366,21.0384,-1.9837,1.3362,20.9146,-1.1074,1.1336,20.3593,-1.0044,1.0398,20.1376,-1.4025,1.3973,21.0434,-1.5805,1.5351,21.3972,-0.6969,0.6009,19.2991,-1.1797,0.8569,19.9795,-1.9138,1.2719,21.0415,-1.9252,1.2761,21.0464,-1.9744,1.3378,21.0691,-1.9852,1.3365,20.9015,-1.9817,1.3322,20.8699,-1.9723,1.3353,21.0221,-0.7430,0.7776,19.6213,-0.7660,0.7979,19.6559,-0.7595,0.7899,19.6365,-0.9412,0.9801,20.0213,-1.0036,1.0418,20.0799,-1.1200,1.1459,20.4123,-1.2018,1.2154,20.5497,-1.3601,1.3551,20.8974,-1.4190,1.4132,21.1122,-1.4014,1.3994,20.9677,-1.4793,1.4417,21.1085,-1.5380,1.4907,21.2493,-1.5971,1.5509,21.4669,-1.5948,1.5497,21.4485,-0.6805,0.5830,19.2019,-0.7568,0.7895,19.6360,-1.0044,1.0398,20.1394
13.6571,-0.1439,0.2265,14.7620,-0.5115,0.7410,15.2199,-0.5671,0.8965,14.8115,-0.5722,0.8200,15.5940,-1.1300,1.1673,14.7508,-0.5881,0.8275,14.7358,-0.6093,0.8297,15.8254,-0.8492,1.2945,15.6405,-0.7705,1.1797,16.2356,-1.0362,1.5792,16.6704,-1.1860,1.8114,15.5792,-1.1286,1.1687,14.7726,-0.5354,0.7747,14.8282,-0.5774,0.8268,14.9199,-0.6047,0.8637,14.7530,-0.5858,0.8276,14.7337,-0.6117,0.8300,14.7346,-0.6141,0.8296,14.7504,-0.5897,0.8274,15.2803,-0.5884,0.9268,15.3505,-0.6162,0.9659,15.3648,-0.6176,0.9676,15.5266,-0.7192,1.1088,15.6398,-0.7760,1.1794,15.8146,-0.8486,1.2970,16.0216,-0.9279,1.4094,16.2725,-1.0343,1.5709,16.2206,-1.0353,1.5825,16.2407,-1.0472,1.5793,16.6268,-1.1553,1.7473,16.7120,-1.1893,1.8039,16.6541,-1.1850,1.8147,16.6566,-1.1850,1.8140,15.6017,-1.1355,1.1698,15.3353,-0.6096,0.9570,15.6405,-0.7705,1.1798
0.0778,12.0264,-0.3296,0.5891,12.7865,-0.6868,0.6469,12.7607,-0.7126,0.7392,12.9973,-0.8061,0.9705,13.6155,-1.4089,0.8768,13.2615,-0.9165,0.9800,13.5653,-1.0062,0.7544,12.6321,-0.8035,0.7355,12.6886,-0.7867,0.8210,12.5397,-0.8692,0.8277,12.3704,-0.8709,0.9718,13.6138,-1.4137,0.6509,12.8689,-0.7377,0.7407,12.9950,-0.8068,0.7428,12.9671,-0.8061,0.8608,13.2271,-0.9053,0.9919,13.6007,-1.0163,1.0024,13.6336,-1.0244,0.8848,13.2841,-0.9229,0.6562,12.7567,-0.7211,0.6722,12.7584,-0.7328,0.6664,12.7432,-0.7268,0.7132,12.7051,-0.7694,0.7675,12.7460,-0.8079,0.7549,12.6307,-0.8066,0.7732,12.5776,-0.8186,0.8042,12.5079,-0.8472,0.8217,12.5385,-0.8733,0.8582,12.6274,-0.8978,0.8202,12.4077,-0.8556,0.8259,12.3755,-0.8625,0.8283,12.3694,-0.8750,0.8283,12.3685,-0.8738,0.9892,13.6669,-1.4248,0.6656,12.7504,-0.7269,0.7355,12.6886,-0.7868
-0.3421,0.0166,17.6717,-0.6184,0.6185,18.9782,-0.6830,0.8245,19.3733,-0.7101,0.7298,19.0458,-1.2341,0.9229,19.9885,-0.7659,0.8083,19.0316,-0.7790,0.8312,18.9184,-1.0658,1.1949,20.1675,-0.9642,1.1026,19.9468,-1.3569,1.4547,20.8479,-1.5320,1.5903,21.2002,-1.2529,0.9420,20.0636,-0.6680,0.6789,19.0474,-0.7113,0.7301,19.0443,-0.7184,0.7315,19.0471,-0.7664,0.8074,19.0583,-0.7808,0.8342,18.9063,-0.7783,0.8325,18.8791,-0.7656,0.8087,19.0173,-0.7065,0.8443,19.4331,-0.7289,0.8642,19.4676,-0.7224,0.8564,19.4484,-0.9020,1.0439,19.8310,-0.9632,1.1046,19.8896,-1.0783,1.2071,20.2201,-1.1587,1.2754,20.3570,-1.3147,1.4130,20.7029,-1.3733,1.4703,20.9163,-1.3555,1.4567,20.7728,-1.4317,1.4981,20.9133,-1.4896,1.5464,21.0533,-1.5486,1.6058,21.2693,-1.5463,1.6047,21.2511,-1.2337,0.9222,19.9543,-0.7199,0.8559,19.4478,-0.9642,1.1026,19.9486
13.8046,-0.2620,0.2196,14.9073,-0.6249,0.7304,15.3705,-0.6815,0.8905,16.5580,-1.9078,1.7382,14.8921,-0.6308,0.7377,19.0393,-3.9386,3.2527,17.9324,-3.1293,2.6174,15.9833,-0.9683,1.2991,15.7960,-0.8888,1.1814,16.3985,-1.1583,1.5915,16.8394,-1.3079,1.8282,14.8790,-0.6304,0.7405,15.5681,-1.1421,1.1408,16.5798,-1.9143,1.7457,16.6987,-1.9476,1.7861,17.9438,-3.0676,2.6046,17.9306,-3.1356,2.6186,17.9332,-3.1423,2.6198,19.0401,-3.9437,3.2538,15.4317,-0.7033,0.9217,15.5029,-0.7318,0.9618,15.5175,-0.7328,0.9634,15.6807,-0.8365,1.1087,15.7951,-0.8955,1.1816,15.9723,-0.9677,1.3018,16.1822,-1.0477,1.4166,16.4363,-1.1554,1.5822,16.3832,-1.1575,1.5951,16.4036,-1.1714,1.5921,16.7956,-1.2767,1.7621,16.8819,-1.3110,1.8201,16.8228,-1.3069,1.8318,16.8253,-1.3069,1.8311,14.8974,-0.6363,0.7399,15.4875,-0.7248,0.9526,15.7960,-0.8888,1.1815
0.0609,12.6404,-0.4699,0.5935,13.4328,-0.8464,0.6554,13.4036,-0.8779,1.5768,15.2059,-2.4087,0.6189,13.4828,-0.8706,3.0017,18.0251,-4.7899,2.5918,17.4970,-3.9888,0.7729,13.2656,-0.9835,0.7518,13.3258,-0.9631,0.8463,13.1665,-1.0609,0.8553,12.9872,-1.0673,0.6197,13.4802,-0.8749,0.9964,14.1454,-1.4863,1.5775,15.2033,-2.4093,1.5748,15.1675,-2.4070,2.4503,16.9305,-3.8299,2.6059,17.5563,-4.0048,2.6178,17.6110,-4.0167,3.0111,18.0677,-4.8006,0.6655,13.3993,-0.8877,0.6826,13.4009,-0.9005,0.6765,13.3850,-0.8940,0.7277,13.3435,-0.9434,0.7856,13.3862,-0.9848,0.7735,13.2641,-0.9873,0.7938,13.2076,-1.0019,0.8281,13.1333,-1.0362,0.8471,13.1652,-1.0660,0.8855,13.2589,-1.0903,0.8463,13.0271,-1.0479,0.8530,12.9928,-1.0569,0.8561,12.9860,-1.0723,0.8561,12.9851,-1.0709,0.6381,13.5268,-0.8841,0.6757,13.3926,-0.8941,0.7518,13.3258,-0.9632
-0.3744,-0.1224,18.0260,-0.6611,0.4666,19.3804,-0.7277,0.6767,19.7794,-1.9335,1.1569,21.3194,-0.6892,0.4999,19.4499,-3.8377,2.1997,24.1917,-3.0609,1.7488,22.8367,-1.1189,1.0579,20.5810,-1.0152,0.9628,20.3583,-1.4161,1.3251,21.2683,-1.5951,1.4647,21.6235,-0.7059,0.5192,19.5160,-1.1937,0.7617,20.2206,-1.9355,1.1575,21.3180,-1.9469,1.1618,21.3227,-3.0547,1.7743,23.0045,-3.0622,1.7466,22.8226,-3.0578,1.7399,22.7870,-3.8362,2.1956,24.1722,-0.7519,0.6972,19.8397,-0.7751,0.7178,19.8743,-0.7685,0.7097,19.8548,-0.9515,0.9024,20.2416,-1.0146,0.9649,20.3002,-1.1316,1.0704,20.6343,-1.2140,1.1408,20.7722,-1.3733,1.2824,21.1215,-1.4326,1.3412,21.3375,-1.4152,1.3273,21.1920,-1.4934,1.3700,21.3331,-1.5524,1.4197,21.4746,-1.6119,1.4807,21.6936,-1.6095,1.4795,21.6751,-0.6895,0.5010,19.4181,-0.7658,0.7092,19.8544,-1.0152,0.9628,20.3601
13.8050,-0.3051,0.2203,14.8992,-0.6637,0.7301,15.3633,-0.7207,0.8913,16.5236,-1.9343,1.7440,14.8840,-0.6702,0.7377,17.8840,-3.0897,2.6175,19.8000,-4.6337,3.6479,15.9778,-1.0087,1.3016,15.7900,-0.9291,1.1835,16.3941,-1.1996,1.5952,16.8363,-1.3487,1.8324,14.8708,-0.6698,0.7406,15.5492,-1.1759,1.1431,16.5453,-1.9408,1.7516,16.6646,-1.9740,1.7920,17.8851,-3.0826,2.6157,19.7996,-4.6420,3.6496,19.8044,-4.6508,3.6517,17.8845,-3.0943,2.6184,15.4248,-0.7427,0.9226,15.4962,-0.7714,0.9630,15.5108,-0.7722,0.9645,15.6743,-0.8766,1.1105,15.7891,-0.9363,1.1839,15.9668,-1.0082,1.3043,16.1772,-1.0883,1.4195,16.4320,-1.1962,1.5856,16.3787,-1.1987,1.5988,16.3992,-1.2135,1.5960,16.7925,-1.3174,1.7660,16.8790,-1.3517,1.8242,16.8197,-1.3478,1.8360,16.8222,-1.3477,1.8352,14.8893,-0.6760,0.7401,15.4807,-0.7643,0.9537,15.7900,-0.9291,1.1836
0.0633,13.0308,-0.4987,0.6126,13.8463,-0.8866,0.6766,13.8160,-0.9196,1.6278,15.6706,-2.4954,0.6388,13.8979,-0.9116,2.5490,17.5025,-3.9769,3.5058,20.0258,-5.7889,0.7981,13.6734,-1.0297,0.7763,13.7355,-1.0083,0.8742,13.5711,-1.1105,0.8837,13.3860,-1.1176,0.6397,13.8951,-0.9162,1.0286,14.5795,-1.5456,1.6286,15.6679,-2.4961,1.6258,15.6310,-2.4937,2.5297,17.4452,-3.9587,3.5215,20.1050,-5.8103,3.5345,20.1773,-5.8262,2.5585,17.5416,-3.9867,0.6870,13.8115,-0.9298,0.7046,13.8132,-0.9431,0.6983,13.7968,-0.9364,0.7513,13.7539,-0.9878,0.8111,13.7978,-1.0307,0.7988,13.6719,-1.0336,0.8198,13.6136,-1.0489,0.8554,13.5368,-1.0847,0.8751,13.5697,-1.1158,0.9146,13.6664,-1.1407,0.8743,13.4273,-1.0972,0.8813,13.3919,-1.1067,0.8846,13.3848,-1.1228,0.8845,13.3839,-1.1213,0.6585,13.9432,-0.9256,0.6975,13.8046,-0.9365,0.7763,13.7355,-1.0084
-0.3745,-0.1909,18.0833,-0.6651,0.3892,19.4526,-0.7316,0.5997,19.8514,-1.9425,1.0511,21.4288,-0.6933,0.4226,19.5221,-3.0660,1.6380,23.1141,-4.4165,2.2068,25.1632,-1.1232,0.9830,20.6521,-1.0194,0.8874,20.4296,-1.4207,1.2518,21.3387,-1.5997,1.3922,21.6934,-0.7100,0.4420,19.5882,-1.1997,0.6730,20.3080,-1.9445,1.0517,21.4273,-1.9558,1.0561,21.4319,-3.0681,1.6414,23.1484,-4.4177,2.2012,25.1475,-4.4119,2.1912,25.1051,-3.0649,1.6349,23.0959,-0.7558,0.6203,19.9116,-0.7790,0.6411,19.9460,-0.7724,0.6330,19.9265,-0.9556,0.8267,20.3131,-1.0189,0.8894,20.3714,-1.1359,0.9956,20.7054,-1.2184,1.0664,20.8429,-1.3778,1.2088,21.1919,-1.4372,1.2679,21.4079,-1.4200,1.2539,21.2624,-1.4979,1.2970,21.4030,-1.5569,1.3470,21.5444,-1.6164,1.4082,21.7634,-1.6140,1.4071,21.7450,-0.6937,0.4237,19.4902,-0.7698,0.6325,19.9261,-1.0194,0.8874,20.4314
15.0843,-0.2144,0.2579,16.3237,-0.6185,0.7990,18.0661,-1.1585,1.5379,16.3741,-0.6866,0.8889,16.3068,-0.6238,0.8074,16.3046,-0.7062,0.8982,16.2863,-0.7319,0.9007,21.1798,-3.1244,3.2376,20.2616,-2.5681,2.7448,21.8266,-3.3937,3.6037,22.5035,-3.6093,3.9046,16.2926,-0.6232,0.8110,16.3336,-0.6454,0.8378,16.3923,-0.6923,0.8965,16.4924,-0.7219,0.9377,16.3073,-0.7034,0.8985,16.2838,-0.7348,0.9010,16.2846,-0.7377,0.9004,16.3041,-0.7081,0.8980,18.1420,-1.1849,1.5757,18.2298,-1.2197,1.6241,18.2477,-1.2208,1.6255,19.6951,-2.2143,2.4394,20.2633,-2.5804,2.7463,21.1633,-3.1222,3.2396,21.4870,-3.2390,3.3870,21.8810,-3.3920,3.5959,21.8039,-3.3908,3.6062,21.8382,-3.4169,3.6072,22.4332,-3.5699,3.8249,22.5668,-3.6180,3.8971,22.4790,-3.6063,3.9069,22.4825,-3.6063,3.9071,16.3122,-0.6290,0.8094,18.2107,-1.2111,1.6128,20.2617,-2.5681,2.7451
0.0117,12.2229,-0.7521,0.4988,12.9961,-1.1310,1.1122,13.9106,-1.6336,0.6572,13.2043,-1.2537,0.5241,13.0430,-1.1556,0.8004,13.4678,-1.3643,0.9075,13.7724,-1.4512,2.2830,15.6128,-3.6067,1.9512,15.1604,-3.0441,2.3789,15.4933,-3.7566,2.3907,15.2455,-3.7789,0.5251,13.0400,-1.1612,0.5642,13.0769,-1.1847,0.6590,13.2019,-1.2545,0.6627,13.1733,-1.2542,0.7840,13.4332,-1.3538,0.9198,13.8079,-1.4610,0.9306,13.8411,-1.4683,0.8087,13.4906,-1.3702,1.1246,13.9060,-1.6472,1.1444,13.9078,-1.6631,1.1379,13.8899,-1.6548,1.7363,14.8472,-2.6881,1.9882,15.2423,-3.0714,2.2854,15.6115,-3.6160,2.3085,15.5367,-3.6419,2.3534,15.4411,-3.7099,2.3821,15.4921,-3.7688,2.4216,15.6312,-3.7946,2.3721,15.2969,-3.7325,2.3823,15.2514,-3.7529,2.3938,15.2446,-3.7911,2.3936,15.2434,-3.7879,0.5430,13.0849,-1.1679,1.1366,13.8984,-1.6550,1.9512,15.1604,-3.0444
-0.7303,0.0057,19.2397,-1.0404,0.6629,20.6369,-1.4662,1.4596,22.3377,-1.1442,0.7875,20.7085,-1.0702,0.6985,20.7121,-1.2047,0.8748,20.6922,-1.2199,0.9020,20.5681,-3.6010,2.7697,25.7787,-2.9862,2.4102,24.7784,-4.0753,3.1169,26.7985,-4.3834,3.3188,27.3225,-1.0878,0.7189,20.7834,-1.0957,0.7301,20.7116,-1.1462,0.7881,20.7067,-1.1575,0.7906,20.7089,-1.2051,0.8737,20.7215,-1.2218,0.9055,20.5548,-1.2193,0.9038,20.5251,-1.2045,0.8755,20.6766,-1.4992,1.4835,22.4114,-1.5314,1.5083,22.4543,-1.5245,1.4995,22.4307,-2.6097,2.1847,24.1938,-2.9832,2.4099,24.7020,-3.6185,2.7841,25.8568,-3.7593,2.8826,26.0638,-4.0173,3.0703,26.5807,-4.0982,3.1357,26.8999,-4.0709,3.1109,26.6939,-4.2279,3.1986,26.8997,-4.3234,3.2650,27.1078,-4.4065,3.3376,27.4252,-4.4035,3.3364,27.3969,-1.0707,0.6999,20.6777,-1.5194,1.4984,22.4299,-2.9862,2.4102,24.7806
14.8248,-0.2080,0.2769,16.0388,-0.6048,0.8152,17.7451,-1.1351,1.5507,16.0889,-0.6716,0.9033,16.0223,-0.6100,0.8233,16.0209,-0.6906,0.9123,16.0032,-0.7156,0.9146,20.1611,-2.6302,2.8989,19.8926,-2.5237,2.7541,20.7602,-2.8837,3.2558,21.3891,-3.0859,3.5469,16.0084,-0.6093,0.8268,16.0488,-0.6311,0.8532,16.1069,-0.6772,0.9107,16.2054,-0.7064,0.9511,16.0235,-0.6878,0.9126,16.0007,-0.7185,0.9149,16.0015,-0.7213,0.9143,16.0204,-0.6925,0.9121,17.8198,-1.1610,1.5877,17.9063,-1.1953,1.6352,17.9239,-1.1964,1.6366,19.3384,-2.1751,2.4496,19.8943,-2.5358,2.7555,20.1456,-2.6283,2.9014,20.4462,-2.7378,3.0436,20.8115,-2.8816,3.2467,20.7388,-2.8812,3.2589,20.7706,-2.9050,3.2583,21.3247,-3.0482,3.4680,21.4485,-3.0934,3.5385,21.3660,-3.0833,3.5500,21.3694,-3.0833,3.5499,16.0277,-0.6150,0.8252,17.8874,-1.1868,1.6241,19.8926,-2.5237,2.7543
0.0439,12.2046,-0.6892,0.5381,12.9762,-1.0659,1.1622,13.8878,-1.5667,0.6953,13.1848,-1.1880,0.5631,13.0231,-1.0901,0.8376,13.4486,-1.2986,0.9441,13.7533,-1.3861,2.0430,15.0598,-3.0158,2.0158,15.1348,-2.9792,2.1375,14.9439,-3.1511,2.1520,14.7101,-3.1703,0.5641,13.0203,-1.0954,0.6030,13.0572,-1.1191,0.6971,13.1824,-1.1887,0.7006,13.1539,-1.1883,0.8212,13.4140,-1.2880,0.9563,13.7888,-1.3959,0.9671,13.8219,-1.4034,0.8458,13.4714,-1.3046,1.1744,13.8833,-1.5798,1.1940,13.8852,-1.5953,1.1875,13.8673,-1.5871,1.7971,14.8223,-2.6225,2.0525,15.2167,-3.0068,2.0450,15.0585,-3.0241,2.0690,14.9872,-3.0476,2.1137,14.8957,-3.1088,2.1401,14.9427,-3.1620,2.1794,15.0719,-3.1871,2.1349,14.7591,-3.1291,2.1450,14.7158,-3.1473,2.1545,14.7092,-3.1811,2.1544,14.7080,-3.1783,0.5819,13.0651,-1.1026,1.1862,13.8758,-1.5874,2.0158,15.1348,-2.9794
-0.6634,0.0075,18.9700,-0.9694,0.6546,20.3543,-1.3903,1.4393,22.0408,-1.0708,0.7770,20.4250,-0.9988,0.6897,20.4283,-1.1303,0.8629,20.4090,-1.1451,0.8894,20.2868,-3.0498,2.4902,24.7756,-2.8929,2.3694,24.4666,-3.4892,2.8218,25.7295,-3.7719,3.0107,26.2204,-1.0162,0.7098,20.4985,-1.0236,0.7207,20.4279,-1.0727,0.7775,20.4233,-1.0831,0.7798,20.4255,-1.1308,0.8618,20.4379,-1.1470,0.8929,20.2737,-1.1445,0.8912,20.2444,-1.1302,0.8635,20.3936,-1.4223,1.4627,22.1134,-1.4534,1.4869,22.1558,-1.4465,1.4782,22.1325,-2.5207,2.1488,23.8852,-2.8898,2.3690,24.3913,-3.0664,2.5042,24.8488,-3.1957,2.5971,25.0421,-3.4343,2.7756,25.5259,-3.5108,2.8401,25.8245,-3.4855,2.8180,25.6303,-3.6270,2.8956,25.8238,-3.7153,2.9586,26.0187,-3.7937,3.0290,26.3166,-3.7909,3.0278,26.2903,-0.9992,0.6911,20.3945,-1.4417,1.4773,22.1317,-2.8929,2.3694,24.4687
15.6958,-0.2356,0.1940,16.9956,-0.6567,0.7381,18.8246,-1.2190,1.4797,17.0467,-0.7283,0.8325,16.9779,-0.6625,0.7471,16.9737,-0.7497,0.8426,16.9541,-0.7774,0.8456,22.1016,-3.2501,3.1799,21.1351,-2.6755,2.6872,25.8697,-5.5645,5.0623,25.4468,-5.0225,4.8238,16.9632,-0.6620,0.7509,17.0054,-0.6850,0.7789,17.0656,-0.7342,0.8404,17.1692,-0.7648,0.8835,16.9766,-0.7468,0.8429,16.9513,-0.7806,0.8460,16.9521,-0.7837,0.8454,16.9731,-0.7518,0.8425,18.9031,-1.2465,1.5194,18.9940,-1.2827,1.5700,19.0126,-1.2837,1.5715,20.5390,-2.3100,2.3818,21.1365,-2.6883,2.6888,22.0845,-3.2479,3.1820,23.0976,-3.8234,3.6759,24.7049,-4.7705,4.4944,25.8410,-5.5598,5.0615,25.8889,-5.5950,5.0701,25.3605,-4.9786,4.7430,25.5201,-5.0341,4.8194,25.4184,-5.0184,4.8242,25.4224,-5.0185,4.8254,16.9834,-0.6680,0.7492,18.9743,-1.2737,1.5581,21.1351,-2.6755,2.6875
-0.0607,12.3188,-0.9353,0.4125,13.0959,-1.3204,1.0039,14.0166,-1.8280,0.5747,13.3039,-1.4457,0.4386,13.1426,-1.3464,0.7209,13.5682,-1.5568,0.8298,13.8745,-1.6428,2.1367,15.7244,-3.7994,1.8166,15.2704,-3.2375,3.6269,18.0582,-6.4327,3.1029,16.7665,-5.4736,0.4398,13.1394,-1.3531,0.4796,13.1765,-1.3758,0.5766,13.3015,-1.4465,0.5807,13.2726,-1.4466,0.7041,13.5334,-1.5466,0.8423,13.9101,-1.6525,0.8533,13.9435,-1.6595,0.7293,13.5911,-1.5626,1.0170,14.0116,-1.8430,1.0376,14.0131,-1.8601,1.0309,13.9952,-1.8514,1.6086,14.9561,-2.8823,1.8543,15.3528,-3.2640,2.1394,15.7230,-3.8098,2.4658,16.1744,-4.3646,3.0675,16.9905,-5.3832,3.6323,18.0578,-6.4502,3.6732,18.2493,-6.4837,3.0799,16.8248,-5.4121,3.0903,16.7728,-5.4389,3.1075,16.7657,-5.4897,3.1071,16.7642,-5.4857,0.4578,13.1848,-1.3583,1.0294,14.0038,-1.8515,1.8166,15.2704,-3.2378
-0.8989,-0.0076,20.0657,-1.2226,0.6783,21.5092,-1.6655,1.5091,23.2631,-1.3331,0.8097,21.5834,-1.2538,0.7157,21.5878,-1.3965,0.9012,21.5663,-1.4129,0.9300,21.4365,-3.8791,2.8932,26.7942,-3.2419,2.5133,25.7678,-6.5550,4.3049,31.1995,-6.0797,4.1715,30.4846,-1.2720,0.7370,21.6625,-1.2811,0.7490,21.5870,-1.3355,0.8103,21.5815,-1.3488,0.8134,21.5835,-1.3968,0.8999,21.5969,-1.4150,0.9338,21.4225,-1.4125,0.9321,21.3914,-1.3963,0.9019,21.5499,-1.7012,1.5344,23.3400,-1.7362,1.5608,23.3847,-1.7292,1.5516,23.3599,-2.8515,2.2749,25.1686,-3.2392,2.5132,25.6879,-3.8972,2.9081,26.8758,-4.5167,3.2581,27.7943,-5.6347,3.8853,29.6087,-6.5843,4.3257,31.3307,-6.5469,4.2881,31.0703,-5.8941,4.0370,29.9876,-6.0097,4.1129,30.2330,-6.1065,4.1918,30.6055,-6.1031,4.1906,30.5718,-1.2545,0.7173,21.5519,-1.7233,1.5504,23.3591,-3.2419,2.5133,25.7701
16.2217,-0.2367,0.1633,17.5727,-0.6735,0.7165,19.4747,-1.2574,1.4701,17.6249,-0.7472,0.8140,17.5544,-0.6795,0.7258,17.5492,-0.7691,0.8243,17.5285,-0.7973,0.8274,22.8909,-3.3549,3.1909,21.8832,-2.7615,2.6923,25.5426,-4.9262,4.5230,29.4778,-7.1775,6.3992,17.5392,-0.6790,0.7298,17.5826,-0.7027,0.7586,17.6443,-0.7533,0.8223,17.7510,-0.7848,0.8668,17.5522,-0.7661,0.8246,17.5257,-0.8005,0.8278,17.5265,-0.8036,0.8271,17.5485,-0.7712,0.8242,19.5555,-1.2857,1.5112,19.6492,-1.3231,1.5636,19.6684,-1.3242,1.5652,21.2619,-2.3841,2.3832,21.8845,-2.7746,2.6940,22.8733,-3.3527,3.1930,23.9292,-3.9469,3.6927,25.6071,-4.9252,4.5190,25.5155,-4.9221,4.5235,25.5575,-4.9549,4.5294,27.6833,-6.0396,5.4636,28.7179,-6.6487,5.9688,29.4440,-7.1717,6.3962,29.4488,-7.1719,6.3990,17.5600,-0.6851,0.7280,19.6288,-1.3138,1.5514,21.8832,-2.7615,2.6926
-0.1292,12.2730,-1.0158,0.3261,13.0514,-1.4028,0.8914,13.9763,-1.9119,0.4892,13.2569,-1.5280,0.3524,13.0975,-1.4291,0.6360,13.5187,-1.6381,0.7452,13.8223,-1.7226,1.9686,15.6927,-3.8675,1.6651,15.2359,-3.3102,2.8822,17.0291,-5.4971,4.3532,19.0750,-7.9803,0.3538,13.0942,-1.4363,0.3937,13.1309,-1.4584,0.4912,13.2545,-1.5288,0.4955,13.2258,-1.5292,0.6193,13.4841,-1.6282,0.7578,13.8576,-1.7322,0.7688,13.8907,-1.7389,0.6444,13.5414,-1.6437,0.9048,13.9713,-1.9276,0.9256,13.9726,-1.9450,0.9188,13.9548,-1.9363,1.4672,14.9201,-2.9581,1.7029,15.3178,-3.3361,1.9714,15.6912,-3.8783,2.2806,16.1455,-4.4278,2.8513,16.9665,-5.4372,2.8870,17.0279,-5.5137,2.9275,17.1940,-5.5400,3.4943,17.8412,-6.5414,3.9179,18.4322,-7.2511,4.3598,19.0744,-8.0009,4.3593,19.0726,-7.9960,0.3717,13.1394,-1.4408,0.9173,13.9634,-1.9363,1.6651,15.2360,-3.3105
-1.0343,0.0039,20.4062,-1.3634,0.7066,21.8583,-1.8124,1.5577,23.6184,-1.4775,0.8411,21.9336,-1.3951,0.7446,21.9386,-1.5420,0.9344,21.9161,-1.5590,0.9641,21.7838,-4.0558,2.9964,27.1456,-3.4103,2.6013,26.1205,-5.8992,4.0778,30.2179,-8.4768,5.4264,34.0982,-1.4135,0.7663,22.0148,-1.4235,0.7788,21.9375,-1.4802,0.8418,21.9317,-1.4951,0.8453,21.9336,-1.5423,0.9331,21.9474,-1.5612,0.9679,21.7696,-1.5587,0.9663,21.7379,-1.5419,0.9351,21.8995,-1.8498,1.5837,23.6968,-1.8865,1.6110,23.7423,-1.8796,1.6017,23.7170,-3.0146,2.3532,25.5227,-3.4077,2.6015,26.0389,-4.0740,3.0116,27.2288,-4.7017,3.3764,28.1436,-5.8318,4.0289,29.9550,-5.9260,4.0983,30.3397,-5.8932,4.0660,30.0956,-7.0642,4.6803,31.7588,-7.7968,5.0651,32.9190,-8.5085,5.4482,34.2430,-8.5048,5.4470,34.2019,-1.3960,0.7463,21.9019,-1.8731,1.6003,23.7162,-3.4103,2.6013,26.1228
13.6567,-0.1438,0.2213,14.7628,-0.5115,0.7342,15.2204,-0.5670,0.8897,14.8121,-0.5722,0.8132,15.5969,-1.1296,1.1574,14.7513,-0.5881,0.8207,14.7363,-0.6093,0.8229,15.8254,-0.8490,1.2880,15.6406,-0.7704,1.1730,16.2353,-1.0360,1.5729,16.6698,-1.1857,1.8052,16.0903,-1.4986,1.4121,14.7733,-0.5355,0.7679,14.8288,-0.5774,0.8200,14.9204,-0.6047,0.8569,14.7535,-0.5858,0.8208,14.7342,-0.6117,0.8232,14.7350,-0.6141,0.8228,14.7509,-0.5897,0.8206,15.2807,-0.5883,0.9200,15.3509,-0.6161,0.9591,15.3651,-0.6175,0.9609,15.5268,-0.7191,1.1021,15.6399,-0.7758,1.1728,15.8146,-0.8484,1.2905,16.0215,-0.9277,1.4029,16.2723,-1.0341,1.5645,16.2203,-1.0351,1.5761,16.2404,-1.0470,1.5729,16.6263,-1.1549,1.7410,16.7114,-1.1889,1.7976,16.6536,-1.1846,1.8085,16.6561,-1.1846,1.8078,15.6046,-1.1352,1.1598,15.3357,-0.6095,0.9503,15.6406,-0.7704,1.1731
0.0782,12.0260,-0.3431,0.5896,12.7846,-0.6999,0.6477,12.7587,-0.7262,0.7399,12.9956,-0.8194,0.9719,13.6112,-1.4203,0.8776,13.2599,-0.9299,0.9809,13.5639,-1.0196,0.7556,12.6298,-0.8183,0.7366,12.6864,-0.8012,0.8226,12.5373,-0.8851,0.8295,12.3678,-0.8873,1.1882,14.0746,-1.8456,0.6515,12.8671,-0.7510,0.7414,12.9933,-0.8201,0.7435,12.9653,-0.8195,0.8616,13.2255,-0.9187,0.9927,13.5993,-1.0297,1.0033,13.6322,-1.0377,0.8856,13.2826,-0.9362,0.6570,12.7547,-0.7348,0.6729,12.7564,-0.7466,0.6672,12.7412,-0.7405,0.7142,12.7029,-0.7837,0.7686,12.7438,-0.8224,0.7561,12.6285,-0.8215,0.7746,12.5752,-0.8338,0.8057,12.5055,-0.8628,0.8233,12.5361,-0.8892,0.8598,12.6250,-0.9135,0.8219,12.4052,-0.8715,0.8277,12.3729,-0.8787,0.8301,12.3668,-0.8915,0.8301,12.3659,-0.8903,0.9906,13.6627,-1.4361,0.6664,12.7484,-0.7407,0.7366,12.6864,-0.8013
-0.3436,0.0167,17.7477,-0.6211,0.6211,19.0598,-0.6859,0.8280,19.4565,-0.7131,0.7329,19.1276,-1.2394,0.9269,20.0744,-0.7692,0.8117,19.1134,-0.7824,0.8348,18.9997,-1.0703,1.2000,20.2541,-0.9684,1.1073,20.0325,-1.3627,1.4609,20.9375,-1.5386,1.5971,21.2913,-1.6108,1.1117,20.7150,-0.6709,0.6818,19.1292,-0.7144,0.7332,19.1262,-0.7215,0.7346,19.1289,-0.7697,0.8109,19.1402,-0.7841,0.8378,18.9875,-0.7817,0.8361,18.9603,-0.7689,0.8122,19.0990,-0.7095,0.8479,19.5166,-0.7320,0.8679,19.5513,-0.7255,0.8600,19.5319,-0.9059,1.0484,19.9162,-0.9674,1.1093,19.9751,-1.0829,1.2122,20.3070,-1.1637,1.2809,20.4445,-1.3204,1.4191,20.7919,-1.3792,1.4766,21.0061,-1.3614,1.4629,20.8621,-1.4378,1.5045,21.0032,-1.4960,1.5531,21.1438,-1.5552,1.6127,21.3607,-1.5529,1.6116,21.3424,-1.2390,0.9261,20.0400,-0.7230,0.8596,19.5314,-0.9684,1.1073,20.0343
13.7124,-0.1623,0.2277,14.8202,-0.5303,0.7428,15.2799,-0.5861,0.8994,15.5386,-1.0967,1.2007,14.8054,-0.5350,0.7494,15.4752,-1.1175,1.2101,15.4612,-1.1453,1.2140,15.8876,-0.8694,1.3002,15.7020,-0.7904,1.1845,16.2993,-1.0572,1.5869,16.7359,-1.2073,1.8204,14.7925,-0.5344,0.7520,15.4930,-1.0543,1.1526,15.5573,-1.1024,1.2078,15.6600,-1.1323,1.2460,15.4772,-1.1143,1.2098,15.4591,-1.1485,1.2145,15.4604,-1.1517,1.2144,15.4750,-1.1196,1.2102,15.3405,-0.6075,0.9299,15.4110,-0.6355,0.9693,15.4253,-0.6368,0.9710,15.5876,-0.7389,1.1132,15.7012,-0.7961,1.1843,15.8768,-0.8688,1.3027,16.0846,-0.9484,1.4158,16.3365,-1.0552,1.5783,16.2843,-1.0563,1.5902,16.3045,-1.0685,1.5870,16.6923,-1.1764,1.7558,16.7778,-1.2105,1.8127,16.7196,-1.2062,1.8237,16.7221,-1.2062,1.8230,14.8107,-0.5395,0.7514,15.3958,-0.6288,0.9603,15.7020,-0.7904,1.1846
0.0697,12.0969,-0.3556,0.5818,12.8612,-0.7155,0.6402,12.8348,-0.7422,1.0590,13.6957,-1.4093,0.6059,12.9090,-0.7379,1.2039,13.9950,-1.5356,1.3108,14.3412,-1.6358,0.7492,12.7048,-0.8356,0.7300,12.7618,-0.8182,0.8169,12.6115,-0.9033,0.8240,12.4409,-0.9059,0.6065,12.9066,-0.7416,0.9673,13.5491,-1.3317,1.0602,13.6933,-1.4100,1.0603,13.6627,-1.4086,1.1874,13.9562,-1.5231,1.3231,14.3816,-1.6472,1.3339,14.4189,-1.6560,1.2121,14.0208,-1.5426,0.6497,12.8308,-0.7509,0.6658,12.8324,-0.7628,0.6600,12.8172,-0.7567,0.7074,12.7785,-0.8005,0.7622,12.8195,-0.8394,0.7497,12.7034,-0.8388,0.7684,12.6498,-0.8513,0.7998,12.5795,-0.8808,0.8176,12.6102,-0.9075,0.8543,12.6996,-0.9318,0.8162,12.4786,-0.8898,0.8222,12.4461,-0.8971,0.8246,12.4399,-0.9101,0.8246,12.4390,-0.9089,0.6242,12.9511,-0.7511,0.6592,12.8245,-0.7569,0.7300,12.7618,-0.8183
-0.3534,-0.0018,17.7103,-0.6306,0.5981,19.0214,-0.6959,0.8047,19.4168,-1.2008,0.9609,19.8270,-0.6582,0.6305,19.0903,-1.2587,1.0339,19.8169,-1.2707,1.0473,19.6995,-1.0803,1.1767,20.2117,-0.9784,1.0839,19.9908,-1.3727,1.4375,20.8929,-1.5487,1.5738,21.2454,-0.6747,0.6492,19.1556,-1.1557,0.9121,19.8247,-1.2024,0.9614,19.8256,-1.2112,0.9639,19.8293,-1.2596,1.0339,19.8452,-1.2724,1.0492,19.6870,-1.2695,1.0464,19.6580,-1.2582,1.0337,19.8018,-0.7195,0.8245,19.4766,-0.7421,0.8446,19.5112,-0.7356,0.8367,19.4919,-0.9158,1.0250,19.8750,-0.9774,1.0860,19.9335,-1.0929,1.1889,20.2644,-1.1737,1.2576,20.4014,-1.3304,1.3958,20.7477,-1.3891,1.4532,20.9613,-1.3714,1.4396,20.8176,-1.4481,1.4812,20.9581,-1.5063,1.5298,21.0983,-1.5653,1.5893,21.3147,-1.5630,1.5882,21.2964,-0.6583,0.6315,19.0589,-0.7331,0.8363,19.4914,-0.9784,1.0839,19.9926
13.8265,-0.2017,0.2254,14.9387,-0.5698,0.7417,15.4024,-0.6262,0.9006,16.6166,-1.8703,1.7544,14.9237,-0.5750,0.7486,16.5492,-1.8992,1.7670,16.5365,-1.9378,1.7738,16.0156,-0.9125,1.3067,15.8282,-0.8329,1.1896,16.4310,-1.1023,1.5972,16.8718,-1.2530,1.8333,14.9106,-0.5745,0.7513,15.6106,-1.0941,1.1540,16.8097,-2.0023,1.8486,16.9321,-2.0369,1.8893,16.5508,-1.8946,1.7662,16.5345,-1.9422,1.7745,16.5363,-1.9468,1.7750,16.5492,-1.9022,1.7674,15.4636,-0.6479,0.9315,15.5347,-0.6763,0.9714,15.5492,-0.6775,0.9730,15.7128,-0.7808,1.1173,15.8274,-0.8390,1.1895,16.0046,-0.9119,1.3093,16.2144,-0.9921,1.4237,16.4686,-1.0999,1.5883,16.4157,-1.1014,1.6007,16.4361,-1.1144,1.5975,16.8278,-1.2219,1.7678,16.9141,-1.2562,1.8255,16.8552,-1.2520,1.8368,16.8578,-1.2520,1.8361,14.9290,-0.5799,0.7507,15.5194,-0.6694,0.9623,15.8282,-0.8329,1.1897
0.0543,12.3094,-0.4000,0.5716,13.0868,-0.7671,0.6312,13.0592,-0.7956,1.5210,14.8279,-2.2943,0.5961,13.1353,-0.7902,1.6776,15.1802,-2.4445,1.7910,15.5906,-2.5607,0.7436,12.9258,-0.8939,0.7237,12.9841,-0.8752,0.8136,12.8301,-0.9655,0.8215,12.6561,-0.9697,0.5968,13.1328,-0.7941,0.9606,13.7866,-1.3924,1.5932,14.9831,-2.4348,1.5898,14.9475,-2.4322,1.6603,15.1349,-2.4300,1.8040,15.6384,-2.5739,1.8153,15.6825,-2.5839,1.6863,15.2107,-2.4525,0.6410,13.0550,-0.8047,0.6575,13.0566,-0.8170,0.6516,13.0411,-0.8108,0.7005,13.0012,-0.8567,0.7566,13.0428,-0.8966,0.7442,12.9244,-0.8973,0.7635,12.8696,-0.9107,0.7961,12.7977,-0.9421,0.8144,12.8288,-0.9700,0.8518,12.9198,-0.9943,0.8133,12.6948,-0.9523,0.8195,12.6616,-0.9603,0.8222,12.6550,-0.9742,0.8222,12.6542,-0.9729,0.6148,13.1781,-0.8035,0.6507,13.0485,-0.8109,0.7237,12.9841,-0.8753
-0.3748,-0.0476,17.8386,-0.6549,0.5487,19.1645,-0.7216,0.7570,19.5615,-1.9135,1.2710,21.0417,-0.6827,0.5814,19.2337,-1.9746,1.3364,21.0373,-1.9854,1.3360,20.9135,-1.1103,1.1333,20.3597,-1.0072,1.0394,20.1379,-1.4057,1.3971,21.0439,-1.5838,1.5350,21.3977,-0.6993,0.6004,19.2994,-1.1817,0.8565,19.9792,-2.0335,1.3274,21.2279,-2.0453,1.3319,21.2334,-1.9761,1.3376,21.0680,-1.9869,1.3363,20.9003,-1.9835,1.3320,20.8687,-1.9739,1.3351,21.0210,-0.7456,0.7771,19.6216,-0.7686,0.7975,19.6562,-0.7621,0.7895,19.6368,-0.9439,0.9798,20.0216,-1.0064,1.0415,20.0802,-1.1229,1.1456,20.4127,-1.2048,1.2152,20.5501,-1.3632,1.3549,20.8979,-1.4221,1.4130,21.1127,-1.4046,1.3993,20.9682,-1.4826,1.4416,21.1090,-1.5413,1.4906,21.2498,-1.6005,1.5508,21.4674,-1.5981,1.5496,21.4490,-0.6829,0.5825,19.2021,-0.7595,0.7891,19.6363,-1.0072,1.0394,20.1397
13.9446,-0.2034,0.2273,15.0663,-0.5747,0.7480,15.5339,-0.6316,0.9082,16.7586,-1.8863,1.7694,15.0511,-0.5799,0.7550,16.6905,-1.9155,1.7821,16.6777,-1.9543,1.7889,16.1524,-0.9203,1.3178,15.9634,-0.8400,1.1997,16.5713,-1.1117,1.6108,17.0159,-1.2638,1.8490,15.0380,-0.5794,0.7577,15.7440,-1.1034,1.1638,16.9533,-2.0194,1.8644,18.2051,-2.8765,2.4663,16.6922,-1.9108,1.7813,16.6758,-1.9588,1.7897,16.6775,-1.9635,1.7901,16.6906,-1.9185,1.7825,15.5957,-0.6535,0.9394,15.6674,-0.6820,0.9797,15.6821,-0.6833,0.9813,15.8470,-0.7875,1.1268,15.9626,-0.8461,1.1996,16.1413,-0.9197,1.3204,16.3529,-1.0006,1.4358,16.6093,-1.1093,1.6019,16.5560,-1.1108,1.6143,16.5765,-1.1239,1.6111,16.9715,-1.2323,1.7828,17.0586,-1.2670,1.8410,16.9992,-1.2627,1.8524,17.0018,-1.2627,1.8517,15.0565,-0.5849,0.7571,15.6519,-0.6751,0.9705,15.9634,-0.8400,1.1998
0.0385,12.3099,-0.3996,0.5521,13.0898,-0.7676,0.6116,13.0621,-0.7960,1.4921,14.8376,-2.2945,0.5767,13.1383,-0.7906,1.6490,15.1895,-2.4445,1.7625,15.5993,-2.5606,0.7240,12.9285,-0.8944,0.7041,12.9868,-0.8757,0.7941,12.8327,-0.9662,0.8019,12.6588,-0.9706,0.5774,13.1357,-0.7945,0.9372,13.7923,-1.3927,1.5630,14.9939,-2.4350,2.0174,15.9847,-3.3435,1.6315,15.1442,-2.4300,1.7755,15.6470,-2.5737,1.7868,15.6910,-2.5837,1.6576,15.2199,-2.4525,0.6214,13.0579,-0.8052,0.6379,13.0595,-0.8174,0.6320,13.0440,-0.8112,0.6809,13.0040,-0.8572,0.7370,13.0454,-0.8971,0.7246,12.9271,-0.8979,0.7439,12.8723,-0.9113,0.7765,12.8004,-0.9428,0.7948,12.8314,-0.9707,0.8323,12.9222,-0.9950,0.7936,12.6975,-0.9532,0.7999,12.6643,-0.9612,0.8026,12.6577,-0.9752,0.8025,12.6569,-0.9739,0.5954,13.1809,-0.8039,0.6312,13.0514,-0.8113,0.7041,12.9868,-0.8758
-0.3887,-0.0468,17.8429,-0.6678,0.5501,19.1662,-0.7355,0.7588,19.5635,-1.9224,1.2757,21.0342,-0.6956,0.5829,19.2355,-1.9837,1.3412,21.0298,-1.9946,1.3410,20.9059,-1.1260,1.1359,20.3624,-1.0223,1.0419,20.1404,-1.4226,1.4003,21.0474,-1.6019,1.5386,21.4015,-0.7121,0.6018,19.3013,-1.1929,0.8592,19.9772,-2.0417,1.3325,21.2192,-2.8209,1.6996,22.4366,-1.9851,1.3424,21.0605,-1.9961,1.3414,20.8927,-1.9927,1.3371,20.8611,-1.9830,1.3399,21.0135,-0.7597,0.7790,19.6236,-0.7828,0.7994,19.6582,-0.7764,0.7915,19.6388,-0.9587,0.9821,20.0240,-1.0216,1.0439,20.0827,-1.1386,1.1482,20.4155,-1.2210,1.2180,20.5531,-1.3802,1.3581,20.9012,-1.4390,1.4162,21.1163,-1.4216,1.4025,20.9715,-1.5004,1.4450,21.1124,-1.5594,1.4942,21.2534,-1.6185,1.5544,21.4713,-1.6162,1.5532,21.4529,-0.6958,0.5839,19.2039,-0.7736,0.7910,19.6383,-1.0223,1.0419,20.1422
13.8044,-0.2545,0.2188,14.9086,-0.6180,0.7295,15.3716,-0.6744,0.8895,16.5638,-1.9024,1.7356,14.8934,-0.6238,0.7368,17.9525,-3.0704,2.6022,17.9422,-3.1246,2.6132,15.9842,-0.9610,1.2978,15.7970,-0.8816,1.1802,16.3991,-1.1510,1.5901,16.8398,-1.3007,1.8268,14.8804,-0.6233,0.7396,15.5712,-1.1358,1.1392,16.5855,-1.9089,1.7432,16.7043,-1.9423,1.7835,17.9536,-3.0637,2.6006,17.9404,-3.1309,2.6144,17.9430,-3.1375,2.6155,17.9529,-3.0747,2.6031,15.4329,-0.6962,0.9206,15.5040,-0.7247,0.9608,15.5185,-0.7257,0.9623,15.6817,-0.8294,1.1075,15.7961,-0.8882,1.1803,15.9732,-0.9605,1.3005,16.1829,-1.0405,1.4153,16.4369,-1.1481,1.5808,16.3839,-1.1501,1.5937,16.4042,-1.1640,1.5906,16.7960,-1.2695,1.7607,16.8822,-1.3037,1.8187,16.8232,-1.2997,1.8304,16.8258,-1.2996,1.8296,14.8987,-0.6292,0.7390,15.4886,-0.7177,0.9516,15.7970,-0.8816,1.1803
0.0607,12.6010,-0.4684,0.5917,13.3910,-0.8437,0.6534,13.3618,-0.8751,1.5718,15.1585,-2.4011,0.6170,13.4408,-0.8678,2.4613,16.9332,-3.8354,2.5837,17.4424,-3.9763,0.7704,13.2242,-0.9804,0.7495,13.2842,-0.9600,0.8436,13.1255,-1.0576,0.8526,12.9467,-1.0639,0.6178,13.4382,-0.8722,0.9933,14.1013,-1.4816,1.5726,15.1559,-2.4018,1.5698,15.1202,-2.3994,2.4426,16.8777,-3.8178,2.5978,17.5016,-3.9923,2.6096,17.5561,-4.0041,2.4705,16.9709,-3.8450,0.6635,13.3575,-0.8848,0.6805,13.3592,-0.8977,0.6744,13.3433,-0.8912,0.7254,13.3019,-0.9404,0.7832,13.3444,-0.9817,0.7711,13.2228,-0.9841,0.7913,13.1664,-0.9987,0.8255,13.0923,-1.0329,0.8445,13.1241,-1.0626,0.8827,13.2175,-1.0868,0.8436,12.9865,-1.0446,0.8503,12.9523,-1.0536,0.8534,12.9455,-1.0689,0.8534,12.9446,-1.0675,0.6361,13.4846,-0.8813,0.6735,13.3509,-0.8913,0.7495,13.2842,-0.9601
-0.3747,-0.1137,18.0286,-0.6610,0.4770,19.3815,-0.7277,0.6871,19.7809,-1.9337,1.1720,21.3159,-0.6891,0.5102,19.4511,-3.0528,1.7908,22.9624,-3.0611,1.7686,22.8288,-1.1191,1.0682,20.5832,-1.0153,0.9732,20.3602,-1.4165,1.3354,21.2710,-1.5956,1.4750,21.6265,-0.7058,0.5295,19.5172,-1.1937,0.7740,20.2198,-1.9357,1.1726,21.3145,-1.9470,1.1769,21.3192,-3.0550,1.7940,22.9967,-3.0624,1.7665,22.8147,-3.0580,1.7598,22.7791,-3.0516,1.7879,22.9442,-0.7519,0.7076,19.8412,-0.7751,0.7282,19.8758,-0.7685,0.7201,19.8563,-0.9516,0.9128,20.2434,-1.0147,0.9752,20.3021,-1.1318,1.0807,20.6365,-1.2143,1.1511,20.7745,-1.3737,1.2927,21.1241,-1.4330,1.3515,21.3403,-1.4156,1.3376,21.1947,-1.4938,1.3803,21.3359,-1.5528,1.4300,21.4775,-1.6124,1.4909,21.6967,-1.6100,1.4898,21.6782,-0.6894,0.5113,19.4192,-0.7658,0.7196,19.8559,-1.0153,0.9732,20.3620
13.8051,-0.3103,0.2204,14.8982,-0.6683,0.7301,15.3624,-0.7254,0.8914,16.5196,-1.9375,1.7446,14.8830,-0.6749,0.7377,17.8774,-3.0917,2.6186,19.7888,-4.6328,3.6495,15.9771,-1.0135,1.3018,15.7892,-0.9339,1.1837,16.3936,-1.2045,1.5956,16.8359,-1.3536,1.8328,14.8699,-0.6745,0.7405,15.5470,-1.1800,1.1433,16.5414,-1.9441,1.7521,16.6607,-1.9772,1.7925,17.8784,-3.0845,2.6168,20.0404,-4.8388,3.7846,19.7933,-4.6500,3.6534,17.8778,-3.0963,2.6195,15.4239,-0.7474,0.9227,15.4954,-0.7761,0.9630,15.5100,-0.7769,0.9645,15.6735,-0.8814,1.1107,15.7883,-0.9411,1.1841,15.9661,-1.0130,1.3046,16.1766,-1.0931,1.4198,16.4315,-1.2010,1.5860,16.3782,-1.2036,1.5992,16.3986,-1.2185,1.5964,16.7921,-1.3223,1.7664,16.8786,-1.3565,1.8246,16.8192,-1.3526,1.8364,16.8218,-1.3526,1.8357,14.8883,-0.6808,0.7400,15.4799,-0.7690,0.9538,15.7892,-0.9339,1.1838
0.0636,13.0738,-0.5021,0.6147,13.8918,-0.8913,0.6789,13.8614,-0.9245,1.6335,15.7217,-2.5052,0.6410,13.9435,-0.9164,2.5579,17.5592,-3.9913,3.5180,20.0901,-5.8089,0.8009,13.7183,-1.0351,0.7790,13.7806,-1.0136,0.8773,13.6156,-1.1163,0.8869,13.4299,-1.1234,0.6419,13.9408,-0.9210,1.0322,14.6272,-1.5524,1.6342,15.7190,-2.5059,1.6314,15.6819,-2.5035,2.5385,17.5017,-3.9731,3.6391,20.4205,-6.0408,3.5468,20.2421,-5.8463,2.5674,17.5984,-4.0012,0.6894,13.8569,-0.9347,0.7071,13.8586,-0.9481,0.7008,13.8421,-0.9413,0.7540,13.7991,-0.9930,0.8140,13.8431,-1.0360,0.8016,13.7168,-1.0390,0.8227,13.6582,-1.0544,0.8584,13.5812,-1.0904,0.8782,13.6142,-1.1216,0.9178,13.7112,-1.1465,0.8774,13.4713,-1.1030,0.8844,13.4358,-1.1125,0.8877,13.4287,-1.1287,0.8877,13.4278,-1.1272,0.6608,13.9891,-0.9304,0.6999,13.8500,-0.9415,0.7790,13.7806,-1.0137
-0.3745,-0.1987,18.0910,-0.6656,0.3804,19.4620,-0.7320,0.5910,19.8608,-1.9436,1.0391,21.4426,-0.6938,0.4139,19.5315,-3.0677,1.6229,23.1321,-4.4187,2.1862,25.1876,-1.1238,0.9745,20.6615,-1.0199,0.8789,20.4390,-1.4213,1.2435,21.3480,-1.6003,1.3840,21.7026,-0.7105,0.4333,19.5976,-1.2005,0.6629,20.3192,-1.9456,1.0397,21.4412,-1.9569,1.0441,21.4457,-3.0698,1.6263,23.1663,-4.5945,2.2630,25.4535,-4.4141,2.1705,25.1295,-3.0666,1.6198,23.1139,-0.7563,0.6116,19.9210,-0.7795,0.6324,19.9554,-0.7729,0.6243,19.9359,-0.9561,0.8181,20.3225,-1.0195,0.8808,20.3808,-1.1365,0.9871,20.7148,-1.2189,1.0580,20.8523,-1.3784,1.2005,21.2012,-1.4378,1.2597,21.4173,-1.4206,1.2456,21.2717,-1.4985,1.2887,21.4123,-1.5575,1.3388,21.5537,-1.6170,1.4001,21.7727,-1.6146,1.3989,21.7543,-0.6942,0.4149,19.4996,-0.7702,0.6238,19.9355,-1.0199,0.8789,20.4408
13.8052,-0.3151,0.2215,14.8972,-0.6727,0.7314,15.3615,-0.7299,0.8928,16.5151,-1.9409,1.7476,14.8819,-0.6794,0.7390,17.8697,-3.0941,2.6231,19.7759,-4.6329,3.6562,15.9765,-1.0181,1.3033,15.7885,-0.9385,1.1852,16.3931,-1.2092,1.5972,16.8356,-1.3583,1.8344,14.8688,-0.6789,0.7419,15.5445,-1.1840,1.1453,16.5369,-1.9474,1.7551,16.6563,-1.9805,1.7955,17.8707,-3.0868,2.6213,19.7755,-4.6412,3.6579,21.3783,-5.9067,4.5047,17.8702,-3.0987,2.6240,15.4230,-0.7519,0.9241,15.4945,-0.7807,0.9645,15.5091,-0.7815,0.9660,15.6727,-0.8860,1.1121,15.7876,-0.9458,1.1856,15.9654,-1.0176,1.3061,16.1760,-1.0977,1.4213,16.4310,-1.2057,1.5876,16.3777,-1.2084,1.6008,16.3982,-1.2233,1.5981,16.7918,-1.3270,1.7680,16.8783,-1.3612,1.8262,16.8190,-1.3573,1.8381,16.8215,-1.3573,1.8373,14.8872,-0.6853,0.7414,15.4790,-0.7735,0.9552,15.7885,-0.9385,1.1853
0.0637,13.1132,-0.5019,0.6165,13.9339,-0.8923,0.6809,13.9034,-0.9255,1.6381,15.7697,-2.5112,0.6428,13.9858,-0.9174,2.5652,17.6132,-4.0021,3.5280,20.1525,-5.8256,0.8032,13.7599,-1.0362,0.7812,13.8224,-1.0147,0.8797,13.6570,-1.1176,0.8893,13.4707,-1.1247,0.6437,13.9831,-0.9221,1.0351,14.6717,-1.5555,1.6389,15.7670,-2.5119,1.6361,15.7299,-2.5095,2.5457,17.5555,-3.9838,3.5438,20.2322,-5.8471,4.2253,21.9069,-7.2028,2.5747,17.6525,-4.0120,0.6914,13.8989,-0.9357,0.7091,13.9006,-0.9491,0.7028,13.8840,-0.9423,0.7561,13.8409,-0.9941,0.8163,13.8851,-1.0373,0.8039,13.7584,-1.0402,0.8250,13.6997,-1.0556,0.8608,13.6224,-1.0917,0.8806,13.6556,-1.1229,0.9204,13.7528,-1.1479,0.8798,13.5122,-1.1042,0.8869,13.4766,-1.1137,0.8902,13.4695,-1.1300,0.8901,13.4686,-1.1285,0.6627,14.0315,-0.9315,0.7019,13.8920,-0.9425,0.7812,13.8225,-1.0148
-0.3741,-0.2057,18.0799,-0.6654,0.3719,19.4512,-0.7317,0.5824,19.8496,-1.9427,1.0270,21.4338,-0.6936,0.4054,19.5206,-3.0662,1.6074,23.1253,-4.4163,2.1651,25.1847,-1.1232,0.9658,20.6494,-1.0194,0.8701,20.4272,-1.4204,1.2346,21.3352,-1.5992,1.3751,21.6894,-0.7103,0.4248,19.5866,-1.2000,0.6530,20.3091,-1.9447,1.0277,21.4324,-1.9559,1.0321,21.4369,-3.0683,1.6109,23.1595,-4.4175,2.1595,25.1690,-5.5172,2.6689,26.9113,-3.0651,1.6043,23.1071,-0.7560,0.6030,19.9097,-0.7792,0.6238,19.9441,-0.7726,0.6156,19.9246,-0.9556,0.8094,20.3108,-1.0190,0.8721,20.3690,-1.1358,0.9784,20.7026,-1.2182,1.0492,20.8400,-1.3775,1.1916,21.1885,-1.4369,1.2508,21.4044,-1.4197,1.2368,21.2590,-1.4976,1.2799,21.3994,-1.5565,1.3299,21.5406,-1.6159,1.3912,21.7595,-1.6136,1.3900,21.7411,-0.6940,0.4064,19.4888,-0.7699,0.6151,19.9242,-1.0194,0.8701,20.4290
13.8046,-0.2654,0.2200,14.9066,-0.6280,0.7308,15.3699,-0.6846,0.8910,16.5550,-1.9099,1.7394,14.8914,-0.6339,0.7381,19.0326,-3.9390,3.2551,17.9273,-3.1309,2.6195,15.9829,-0.9715,1.2997,15.7956,-0.8920,1.1820,16.3982,-1.1616,1.5922,16.8392,-1.3112,1.8289,14.8784,-0.6335,0.7409,15.5664,-1.1448,1.1415,16.5767,-1.9165,1.7470,16.6957,-1.9498,1.7873,17.9387,-3.0689,2.6066,17.9255,-3.1373,2.6207,17.9281,-3.1440,2.6219,19.6241,-4.3934,3.5629,15.4312,-0.7064,0.9222,15.5024,-0.7349,0.9623,15.5169,-0.7359,0.9639,15.6802,-0.8397,1.1093,15.7946,-0.8987,1.1822,15.9719,-0.9709,1.3024,16.1818,-1.0509,1.4172,16.4360,-1.1586,1.5828,16.3829,-1.1608,1.5957,16.4033,-1.1748,1.5928,16.7954,-1.2800,1.7628,16.8817,-1.3142,1.8208,16.8226,-1.3102,1.8325,16.8252,-1.3101,1.8318,14.8967,-0.6394,0.7404,15.4870,-0.7279,0.9531,15.7956,-0.8920,1.1821
0.0610,12.6685,-0.4710,0.5949,13.4627,-0.8483,0.6569,13.4334,-0.8799,1.5803,15.2397,-2.4141,0.6203,13.5128,-0.8725,3.0084,18.0651,-4.8006,2.5976,17.5359,-3.9977,0.7746,13.2951,-0.9857,0.7535,13.3554,-0.9652,0.8482,13.1958,-1.0633,0.8572,13.0160,-1.0697,0.6211,13.5102,-0.8769,0.9987,14.1769,-1.4896,1.5810,15.2371,-2.4147,1.5783,15.2012,-2.4124,2.4557,16.9681,-3.8384,2.6117,17.5954,-4.0138,2.6236,17.6501,-4.0257,3.2650,18.6754,-5.3046,0.6670,13.4291,-0.8896,0.6841,13.4307,-0.9025,0.6780,13.4148,-0.8960,0.7293,13.3732,-0.9455,0.7874,13.4159,-0.9871,0.7752,13.2936,-0.9895,0.7955,13.2370,-1.0041,0.8299,13.1625,-1.0385,0.8490,13.1944,-1.0684,0.8874,13.2884,-1.0927,0.8482,13.0561,-1.0503,0.8549,13.0217,-1.0593,0.8580,13.0149,-1.0747,0.8580,13.0140,-1.0733,0.6395,13.5569,-0.8861,0.6772,13.4224,-0.8962,0.7535,13.3554,-0.9653
-0.3743,-0.1273,18.0248,-0.6612,0.4608,19.3799,-0.7278,0.6709,19.7788,-1.9336,1.1486,21.3212,-0.6893,0.4941,19.4494,-3.8376,2.1874,24.1973,-3.0610,1.7381,22.8408,-1.1189,1.0521,20.5800,-1.0152,0.9570,20.3574,-1.4160,1.3194,21.2670,-1.5949,1.4590,21.6221,-0.7060,0.5134,19.5154,-1.1937,0.7550,20.2210,-1.9355,1.1493,21.3198,-1.9469,1.1536,21.3245,-3.0546,1.7637,23.0085,-3.0622,1.7360,22.8267,-3.0579,1.7292,22.7911,-4.2450,2.3754,24.8353,-0.7519,0.6914,19.8390,-0.7751,0.7120,19.8736,-0.7685,0.7039,19.8541,-0.9515,0.8966,20.2407,-1.0146,0.9591,20.2993,-1.1316,1.0646,20.6333,-1.2139,1.1350,20.7711,-1.3732,1.2766,21.1202,-1.4325,1.3355,21.3362,-1.4151,1.3216,21.1907,-1.4932,1.3643,21.3318,-1.5522,1.4140,21.4732,-1.6117,1.4749,21.6921,-1.6093,1.4738,21.6737,-0.6896,0.4952,19.4175,-0.7659,0.7034,19.8537,-1.0152,0.9570,20.3592
14.2642,-0.1784,0.3263,15.4238,-0.5607,0.8623,17.0518,-1.0722,1.5963,15.4734,-0.6238,0.9459,15.4080,-0.5653,0.8698,15.4088,-0.6407,0.9540,15.3924,-0.6633,0.9557,17.7652,-1.3973,2.0634,17.5475,-1.3071,1.9292,18.2483,-1.6122,2.3983,18.7606,-1.7824,2.6666,15.3946,-0.5646,0.8730,15.4339,-0.5855,0.8984,15.4908,-0.6292,0.9531,15.5861,-0.6576,0.9917,15.4112,-0.6382,0.9543,15.3901,-0.6659,0.9560,15.3910,-0.6685,0.9554,15.4084,-0.6424,0.9538,17.6561,-1.4689,1.8895,17.7479,-1.5046,1.9356,17.7661,-1.5060,1.9373,17.4129,-1.2476,1.8464,17.5478,-1.3158,1.9289,17.7523,-1.3962,2.0670,17.9967,-1.4878,2.1970,18.2922,-1.6096,2.3862,18.2303,-1.6107,2.4030,18.2557,-1.6284,2.3984,18.7106,-1.7488,2.5894,18.8107,-1.7873,2.6557,18.7411,-1.7808,2.6713,18.7440,-1.7808,2.6704,15.4134,-0.5700,0.8716,17.7275,-1.4959,1.9251,17.5475,-1.3071,1.9293
0.1107,12.0864,-0.5055,0.6167,12.8530,-0.8750,1.2599,13.7573,-1.3696,0.7698,13.0613,-0.9945,0.6409,12.8999,-0.8979,0.9090,13.3237,-1.1043,1.0135,13.6263,-1.1925,1.3996,13.6092,-1.4980,1.3726,13.6746,-1.4725,1.4889,13.5032,-1.5943,1.5092,13.3062,-1.6046,0.6416,12.8973,-0.9021,0.6797,12.9341,-0.9265,0.7715,13.0589,-0.9951,0.7747,13.0307,-0.9944,0.8929,13.2894,-1.0934,1.0255,13.6615,-1.2024,1.0362,13.6944,-1.2102,0.9171,13.3464,-1.1105,1.4915,14.2192,-1.8091,1.5098,14.2230,-1.8247,1.5031,14.2028,-1.8160,1.3446,13.6936,-1.4492,1.4070,13.7409,-1.4956,1.4005,13.6079,-1.5034,1.4264,13.5460,-1.5205,1.4695,13.4655,-1.5634,1.4901,13.5020,-1.6015,1.5286,13.6055,-1.6251,1.4962,13.3488,-1.5777,1.5059,13.3115,-1.5897,1.5103,13.3052,-1.6118,1.5103,13.3042,-1.6097,0.6594,12.9416,-0.9107,1.5024,14.2119,-1.8166,1.3726,13.6746,-1.4726
-0.5084,0.0293,18.2497,-0.8023,0.6533,19.5924,-1.2079,1.4111,21.2307,-0.8977,0.7697,19.6610,-0.8305,0.6868,19.6634,-0.9547,0.8518,19.6458,-0.9682,0.8767,19.5286,-1.6733,1.8276,22.1508,-1.5487,1.7233,21.8952,-2.0256,2.1192,22.9390,-2.2457,2.2752,23.3469,-0.8474,0.7062,19.7307,-0.8537,0.7163,19.6633,-0.8993,0.7701,19.6594,-0.9078,0.7719,19.6618,-0.9553,0.8508,19.6735,-0.9700,0.8799,19.5160,-0.9675,0.8783,19.4880,-0.9545,0.8523,19.6311,-1.6022,1.6004,21.8741,-1.6328,1.6235,21.9199,-1.6257,1.6155,21.8957,-1.4725,1.6569,21.7607,-1.5471,1.7257,21.8300,-1.6873,1.8407,22.2116,-1.7883,1.9192,22.3707,-1.9785,2.0743,22.7711,-2.0440,2.1362,23.0180,-2.0237,2.1212,22.8534,-2.1276,2.1731,23.0162,-2.1980,2.2275,23.1781,-2.2643,2.2920,23.4268,-2.2617,2.2908,23.4054,-0.8307,0.6880,19.6310,-1.6212,1.6145,21.8944,-1.5487,1.7233,21.8971
14.3553,-0.1847,0.3250,15.5221,-0.5690,0.8631,17.1605,-1.0830,1.5998,15.5720,-0.6328,0.9474,15.5063,-0.5737,0.8707,15.5069,-0.6500,0.9557,15.4903,-0.6732,0.9576,17.8783,-1.4102,2.0703,17.6592,-1.3195,1.9351,18.3643,-1.6265,2.4077,18.8799,-1.7977,2.6779,15.4927,-0.5730,0.8739,15.5323,-0.5941,0.8995,15.5894,-0.6382,0.9546,15.6854,-0.6667,0.9936,15.5093,-0.6475,0.9560,15.4880,-0.6759,0.9578,15.4889,-0.6785,0.9572,15.5064,-0.6518,0.9555,17.7684,-1.4811,1.8934,18.8429,-2.2158,2.4536,18.4192,-1.9085,2.2395,17.5238,-1.2595,1.8517,17.6595,-1.3282,1.9348,17.8652,-1.4091,2.0740,18.1112,-1.5012,2.2049,18.4085,-1.6238,2.3955,18.3462,-1.6250,2.4125,18.3718,-1.6430,2.4079,18.8296,-1.7638,2.6001,18.9303,-1.8026,2.6669,18.8602,-1.7961,2.6827,18.8632,-1.7961,2.6818,15.5116,-0.5785,0.8725,18.3779,-1.8979,2.2270,17.6592,-1.3195,1.9353
0.0985,12.1211,-0.5202,0.6027,12.8910,-0.8914,1.2432,13.7997,-1.3880,0.7566,13.0996,-1.0112,0.6271,12.9380,-0.9143,0.8964,13.3625,-1.1212,1.0013,13.6655,-1.2094,1.3839,13.6507,-1.5181,1.3566,13.7164,-1.4921,1.4738,13.5441,-1.6158,1.4944,13.3464,-1.6269,0.6278,12.9353,-0.9186,0.6661,12.9722,-0.9430,0.7583,13.0972,-1.0119,0.7615,13.0689,-1.0111,0.8802,13.3281,-1.1103,1.0134,13.7009,-1.2194,1.0241,13.7338,-1.2271,0.9045,13.3851,-1.1273,1.4721,14.2643,-1.8277,1.9322,15.1233,-2.6472,1.7408,14.7127,-2.2800,1.3284,13.7356,-1.4686,1.3912,13.7828,-1.5152,1.3848,13.6494,-1.5237,1.4108,13.5873,-1.5411,1.4543,13.5063,-1.5847,1.4750,13.5429,-1.6231,1.5137,13.6466,-1.6466,1.4812,13.3892,-1.5994,1.4911,13.3518,-1.6118,1.4955,13.3454,-1.6342,1.4955,13.3444,-1.6321,0.6456,12.9797,-0.9271,1.7405,14.7223,-2.2808,1.3566,13.7164,-1.4923
-0.5263,0.0235,18.3127,-0.8208,0.6488,19.6587,-1.2270,1.4081,21.3006,-0.9170,0.7659,19.7274,-0.8492,0.6826,19.7299,-0.9742,0.8483,19.7122,-0.9879,0.8734,19.5945,-1.6957,1.8269,22.2238,-1.5702,1.7219,21.9674,-2.0504,2.1201,23.0148,-2.2723,2.2770,23.4240,-0.8661,0.7020,19.7975,-0.8725,0.7122,19.7298,-0.9185,0.7663,19.7258,-0.9273,0.7681,19.7282,-0.9747,0.8473,19.7399,-0.9897,0.8767,19.5819,-0.9872,0.8751,19.5537,-0.9740,0.8489,19.6974,-1.6209,1.5975,21.9443,-2.3395,1.9604,23.0465,-2.0266,1.8141,22.5435,-1.4934,1.6552,21.8324,-1.5687,1.7244,21.9020,-1.7098,1.8400,22.2848,-1.8116,1.9190,22.4445,-2.0031,2.0750,22.8463,-2.0688,2.1371,23.0941,-2.0485,2.1221,22.9288,-2.1536,2.1744,23.0921,-2.2245,2.2291,23.2546,-2.2909,2.2939,23.5042,-2.2883,2.2927,23.4827,-0.8493,0.6838,19.6974,-2.0217,1.8128,22.5420,-1.5702,1.7219,21.9693
14.3653,-0.1827,0.3271,15.5329,-0.5675,0.8661,17.1725,-1.0822,1.6043,15.5829,-0.6312,0.9505,15.5171,-0.5722,0.8737,15.5178,-0.6483,0.9587,15.5012,-0.6714,0.9605,17.8909,-1.4096,2.0749,17.6716,-1.3188,1.9397,18.3773,-1.6260,2.4125,18.8932,-1.7974,2.6828,15.5035,-0.5715,0.8769,15.5431,-0.5926,0.9025,15.6004,-0.6367,0.9577,15.6964,-0.6652,0.9966,15.5202,-0.6458,0.9590,15.4989,-0.6740,0.9607,15.4998,-0.6766,0.9601,15.5173,-0.6501,0.9585,17.7809,-1.4811,1.8987,18.4130,-1.9076,2.2436,19.0529,-2.3417,2.5464,17.5361,-1.2588,1.8563,17.6719,-1.3275,1.9394,17.8778,-1.4085,2.0786,18.1240,-1.5007,2.2095,18.4215,-1.6234,2.4002,18.3591,-1.6245,2.4172,18.3847,-1.6425,2.4126,18.8428,-1.7635,2.6049,18.9436,-1.8023,2.6718,18.8735,-1.7958,2.6875,18.8765,-1.7958,2.6866,15.5225,-0.5770,0.8755,18.3910,-1.8985,2.2330,17.6716,-1.3188,1.9398
0.0968,12.1032,-0.5136,0.5999,12.8728,-0.8844,1.2389,13.7813,-1.3807,0.7535,13.0809,-1.0040,0.6242,12.9197,-0.9073,0.8931,13.3434,-1.1138,0.9979,13.6459,-1.2019,1.3792,13.6326,-1.5102,1.3520,13.6981,-1.4843,1.4688,13.5261,-1.6073,1.4892,13.3288,-1.6181,0.6249,12.9170,-0.9116,0.6632,12.9538,-0.9360,0.7552,13.0786,-1.0046,0.7584,13.0503,-1.0039,0.8769,13.3090,-1.1029,1.0099,13.6811,-1.2118,1.0206,13.7139,-1.2196,0.9012,13.3660,-1.1199,1.4670,14.2460,-1.8202,1.7418,14.7161,-2.2816,1.9928,15.2372,-2.7717,1.3239,13.7173,-1.4609,1.3865,13.7644,-1.5074,1.3801,13.6312,-1.5157,1.4060,13.5692,-1.5330,1.4493,13.4885,-1.5763,1.4700,13.5249,-1.6145,1.5086,13.6284,-1.6380,1.4761,13.3716,-1.5909,1.4859,13.3343,-1.6031,1.4903,13.3278,-1.6253,1.4903,13.3269,-1.6233,0.6427,12.9613,-0.9201,1.7345,14.7040,-2.2729,1.3520,13.6981,-1.4845
-0.5268,0.0265,18.2819,-0.8206,0.6514,19.6248,-1.2257,1.4101,21.2627,-0.9165,0.7682,19.6934,-0.8489,0.6850,19.6959,-0.9737,0.8505,19.6782,-0.9874,0.8756,19.5607,-1.6938,1.8283,22.1846,-1.5685,1.7235,21.9285,-2.0481,2.1209,22.9745,-2.2697,2.2776,23.3831,-0.8657,0.7044,19.7634,-0.8722,0.7146,19.6958,-0.9181,0.7686,19.6918,-0.9269,0.7705,19.6942,-0.9742,0.8495,19.7059,-0.9892,0.8788,19.5481,-0.9867,0.8772,19.5200,-0.9735,0.8511,19.6634,-1.6189,1.6000,21.9043,-2.0310,1.8245,22.5273,-2.4508,2.0121,23.1660,-1.4918,1.6569,21.7937,-1.5669,1.7259,21.8632,-1.7079,1.8414,22.2455,-1.8096,1.9202,22.4050,-2.0009,2.0759,22.8062,-2.0665,2.1379,23.0536,-2.0462,2.1229,22.8886,-2.1512,2.1752,23.0517,-2.2220,2.2299,23.2139,-2.2883,2.2945,23.4632,-2.2857,2.2933,23.4417,-0.8490,0.6863,19.6634,-2.0188,1.8155,22.5002,-1.5685,1.7235,21.9304
14.6626,-0.1996,0.2879,15.8617,-0.5923,0.8243,17.5466,-1.1173,1.5577,15.9115,-0.6580,0.9112,15.8454,-0.5974,0.8323,15.8444,-0.6764,0.9199,15.8270,-0.7008,0.9221,19.5333,-2.3187,2.6842,19.2779,-2.2164,2.5422,20.1025,-2.5621,3.0352,20.7013,-2.7561,3.3203,15.8315,-0.5967,0.8357,15.8716,-0.6182,0.8618,15.9293,-0.6636,0.9185,16.0269,-0.6925,0.9585,15.8470,-0.6738,0.9202,15.8246,-0.7036,0.9224,15.8254,-0.7064,0.9218,15.8439,-0.6783,0.9198,17.6206,-1.1429,1.5943,17.7062,-1.1768,1.6411,17.7237,-1.1780,1.6425,19.1197,-2.1483,2.4542,19.2792,-2.2276,2.5432,19.5185,-2.3170,2.6869,19.8046,-2.4218,2.8260,20.1519,-2.5600,3.0253,20.0820,-2.5599,3.0387,20.1121,-2.5821,3.0371,20.6407,-2.7194,3.2418,20.7583,-2.7630,3.3112,20.6792,-2.7537,3.3237,20.6824,-2.7537,3.3234,15.8507,-0.6023,0.8342,17.6875,-1.1685,1.6302,19.2779,-2.2164,2.5424
0.0638,12.1695,-0.6482,0.5614,12.9386,-1.0228,1.1911,13.8467,-1.5215,0.7175,13.1471,-1.1443,0.5863,12.9855,-1.0467,0.8590,13.4106,-1.2547,0.9650,13.7148,-1.3423,1.8875,14.6858,-2.6396,1.8602,14.7584,-2.6056,1.9808,14.5724,-2.7655,1.9969,14.3478,-2.7826,0.5872,12.9827,-1.0518,0.6258,13.0197,-1.0756,0.7193,13.1447,-1.1450,0.7228,13.1163,-1.1445,0.8427,13.3761,-1.2441,0.9771,13.7502,-1.3522,0.9879,13.7833,-1.3597,0.8672,13.4333,-1.2608,1.2031,13.8422,-1.5342,1.2225,13.8442,-1.5494,1.2161,13.8263,-1.5414,1.8315,14.7781,-2.5760,1.8964,14.8364,-2.6321,1.8892,14.6845,-2.6472,1.9137,14.6156,-2.6691,1.9581,14.5268,-2.7259,1.9831,14.5712,-2.7755,2.0221,14.6940,-2.8002,1.9808,14.3952,-2.7449,1.9909,14.3535,-2.7616,1.9991,14.3469,-2.7926,1.9990,14.3458,-2.7899,0.6050,13.0274,-1.0592,1.2148,13.8348,-1.5417,1.8602,14.7584,-2.6058
-0.6222,0.0137,18.8031,-0.9255,0.6556,20.1782,-1.3431,1.4342,21.8543,-1.0255,0.7765,20.2484,-0.9547,0.6903,20.2515,-1.0844,0.8615,20.2327,-1.0988,0.8876,20.1117,-2.7053,2.3262,24.1421,-2.5564,2.2095,23.8462,-3.1230,2.6480,25.0553,-3.3900,2.8288,25.5257,-0.9719,0.7102,20.3211,-0.9791,0.7209,20.2512,-1.0273,0.7770,20.2468,-1.0372,0.7791,20.2490,-1.0849,0.8604,20.2613,-1.1007,0.8910,20.0987,-1.0982,0.8894,20.0697,-1.0842,0.8621,20.2175,-1.3745,1.4573,21.9263,-1.4049,1.4811,21.9684,-1.3981,1.4726,21.9453,-2.4657,2.1360,23.6896,-2.5537,2.2098,23.7734,-2.7212,2.3400,24.2123,-2.8434,2.4293,24.3972,-3.0700,2.6021,24.8604,-3.1438,2.6660,25.1463,-3.1197,2.6456,24.9594,-3.2518,2.7168,25.1453,-3.3356,2.7777,25.3322,-3.4111,2.8467,25.6179,-3.4083,2.8455,25.5928,-0.9550,0.6916,20.2180,-1.3935,1.4716,21.9445,-2.5564,2.2095,23.8483
14.8251,-0.2209,0.2792,16.0363,-0.6164,0.8177,17.7386,-1.1444,1.5532,16.0865,-0.6839,0.9062,16.0198,-0.6218,0.8259,16.0183,-0.7036,0.9155,16.0006,-0.7296,0.9181,20.1466,-2.6362,2.9047,19.8780,-2.5296,2.7597,20.7460,-2.8899,3.2620,21.3752,-3.0919,3.5533,16.0058,-0.6211,0.8294,16.0463,-0.6431,0.8559,16.1044,-0.6895,0.9136,16.2031,-0.7187,0.9541,16.0209,-0.7008,0.9158,15.9981,-0.7326,0.9184,15.9989,-0.7355,0.9179,16.0178,-0.7056,0.9154,17.8134,-1.1704,1.5904,17.9000,-1.2047,1.6378,17.9176,-1.2058,1.6392,19.3259,-2.1819,2.4544,21.0476,-3.3753,3.4091,20.1312,-2.6343,2.9072,20.4319,-2.7438,3.0495,20.7974,-2.8877,3.2528,20.7246,-2.8875,3.2652,20.7564,-2.9116,3.2647,21.3108,-3.0542,3.4742,21.4347,-3.0995,3.5448,21.3521,-3.0894,3.5564,21.3555,-3.0894,3.5563,16.0252,-0.6270,0.8279,17.8811,-1.1962,1.6268,19.8780,-2.5297,2.7599
0.0442,12.2754,-0.6933,0.5412,13.0515,-1.0722,1.1690,13.9684,-1.5759,0.6993,13.2613,-1.1950,0.5664,13.0987,-1.0965,0.8425,13.5266,-1.3063,0.9496,13.8332,-1.3942,2.0549,15.1472,-3.0334,2.0275,15.2226,-2.9966,2.1499,15.0306,-3.1696,2.1645,14.7955,-3.1889,0.5673,13.0958,-1.1018,0.6065,13.1330,-1.1257,0.7011,13.2589,-1.1958,0.7047,13.2302,-1.1954,0.8260,13.4919,-1.2956,0.9619,13.8689,-1.4042,0.9727,13.9022,-1.4116,0.8508,13.5496,-1.3123,1.1812,13.9639,-1.5891,1.2009,13.9658,-1.6047,1.1945,13.9478,-1.5965,1.8076,14.9084,-2.6379,2.6393,16.3102,-4.0076,2.0569,15.1459,-3.0418,2.0811,15.0742,-3.0654,2.1260,14.9822,-3.1270,2.1525,15.0295,-3.1805,2.1921,15.1594,-3.2058,2.1473,14.8448,-3.1475,2.1575,14.8013,-3.1657,2.1671,14.7946,-3.1998,2.1669,14.7934,-3.1969,0.5853,13.1409,-1.1091,1.1931,13.9563,-1.5967,2.0275,15.2226,-2.9969
-0.6620,-0.0075,18.9653,-0.9685,0.6364,20.3524,-1.3902,1.4166,22.0434,-1.0699,0.7589,20.4229,-0.9979,0.6715,20.4263,-1.1295,0.8448,20.4069,-1.1444,0.8715,20.2847,-3.0486,2.4595,24.7854,-2.8919,2.3386,24.4767,-3.4875,2.7913,25.7380,-3.7697,2.9803,26.2281,-1.0153,0.6917,20.4964,-1.0227,0.7025,20.4259,-1.0718,0.7594,20.4212,-1.0823,0.7617,20.4233,-1.1300,0.8437,20.4357,-1.1463,0.8749,20.2716,-1.1438,0.8733,20.2424,-1.1294,0.8455,20.3915,-1.4222,1.4400,22.1160,-1.4533,1.4643,22.1582,-1.4464,1.4556,22.1350,-2.5199,2.1201,23.8934,-3.7221,2.7685,25.6657,-3.0651,2.4735,24.8585,-3.1943,2.5664,25.0515,-3.4326,2.7451,25.5345,-3.5091,2.8096,25.8329,-3.4838,2.7875,25.6388,-3.6251,2.8651,25.8319,-3.7133,2.9282,26.0266,-3.7915,2.9986,26.3242,-3.7887,2.9974,26.2979,-0.9983,0.6729,20.3925,-1.4416,1.4546,22.1342,-2.8919,2.3386,24.4789
15.0839,-0.2142,0.2537,16.3239,-0.6185,0.7938,18.0674,-1.1586,1.5311,16.3743,-0.6865,0.8837,16.3071,-0.6238,0.8022,16.3048,-0.7061,0.8930,16.2865,-0.7318,0.8954,21.1838,-3.1240,3.2268,20.2648,-2.5679,2.7352,21.8304,-3.3933,3.5930,22.5072,-3.6089,3.8939,16.2929,-0.6232,0.8058,16.3338,-0.6453,0.8326,16.3925,-0.6922,0.8913,16.4925,-0.7218,0.9325,16.3075,-0.7033,0.8932,16.2839,-0.7348,0.8958,16.2847,-0.7377,0.8951,16.3042,-0.7081,0.8928,18.1433,-1.1850,1.5690,18.2311,-1.2198,1.6173,18.2490,-1.2209,1.6188,19.6979,-2.2141,2.4306,20.2665,-2.5801,2.7367,21.8989,-3.6121,3.5768,21.4909,-3.2386,3.3763,21.8849,-3.3916,3.5851,21.8077,-3.3904,3.5955,21.8420,-3.4165,3.5965,22.4369,-3.5695,3.8142,22.5704,-3.6176,3.8864,22.4827,-3.6059,3.8962,22.4862,-3.6059,3.8964,16.3125,-0.6290,0.8041,18.2119,-1.2112,1.6060,20.2648,-2.5679,2.7355
0.0125,12.2228,-0.7618,0.4998,12.9950,-1.1405,1.1134,13.9082,-1.6427,0.6583,13.2032,-1.2634,0.5251,13.0419,-1.1652,0.8016,13.4668,-1.3740,0.9086,13.7716,-1.4609,2.2859,15.6071,-3.6148,1.9536,15.1556,-3.0525,2.3822,15.4874,-3.7656,2.3943,15.2396,-3.7884,0.5262,13.0389,-1.1709,0.5653,13.0758,-1.1943,0.6601,13.2008,-1.2642,0.6638,13.1722,-1.2639,0.7851,13.4322,-1.3636,0.9209,13.8071,-1.4708,0.9318,13.8402,-1.4780,0.8098,13.4896,-1.3800,1.1258,13.9035,-1.6564,1.1457,13.9053,-1.6723,1.1391,13.8874,-1.6640,1.7384,14.8430,-2.6968,1.9906,15.2376,-3.0798,2.5987,16.2226,-4.2157,2.3115,15.5309,-3.6503,2.3566,15.4353,-3.7187,2.3853,15.4863,-3.7778,2.4249,15.6254,-3.8035,2.3755,15.2910,-3.7416,2.3858,15.2454,-3.7622,2.3974,15.2386,-3.8006,2.3971,15.2374,-3.7974,0.5440,13.0838,-1.1775,1.1378,13.8959,-1.6642,1.9536,15.1556,-3.0528
-0.7323,0.0057,19.2945,-1.0433,0.6648,20.6958,-1.4704,1.4638,22.4014,-1.1475,0.7898,20.7676,-1.0733,0.7005,20.7712,-1.2081,0.8773,20.7513,-1.2233,0.9045,20.6268,-3.6113,2.7776,25.8522,-2.9947,2.4171,24.8491,-4.0869,3.1258,26.8750,-4.3959,3.3282,27.4005,-1.0909,0.7210,20.8427,-1.0989,0.7322,20.7707,-1.1495,0.7903,20.7658,-1.1608,0.7928,20.7680,-1.2086,0.8762,20.7807,-1.2253,0.9081,20.6135,-1.2228,0.9064,20.5837,-1.2080,0.8779,20.7356,-1.5035,1.4877,22.4753,-1.5358,1.5126,22.5184,-1.5289,1.5038,22.4947,-2.6172,2.1909,24.2628,-2.9917,2.4168,24.7725,-4.1360,3.0171,26.7217,-3.7700,2.8908,26.1382,-4.0288,3.0790,26.6565,-4.1099,3.1447,26.9767,-4.0825,3.1198,26.7701,-4.2399,3.2077,26.9765,-4.3357,3.2743,27.1852,-4.4191,3.3471,27.5034,-4.4161,3.3459,27.4751,-1.0738,0.7019,20.7367,-1.5237,1.5027,22.4939,-2.9947,2.4171,24.8513
15.3442,-0.2209,0.2412,16.6082,-0.6322,0.7860,18.3859,-1.1819,1.5294,16.6591,-0.7016,0.8776,16.5910,-0.6377,0.7946,16.5882,-0.7218,0.8872,16.5694,-0.7482,0.8898,21.5655,-3.1777,3.2376,20.6278,-2.6129,2.7424,22.8972,-3.9046,3.9572,23.6223,-4.1335,4.2676,16.5766,-0.6371,0.7983,16.6181,-0.6597,0.8255,16.6776,-0.7074,0.8854,16.7792,-0.7375,0.9273,16.5910,-0.7190,0.8875,16.5668,-0.7512,0.8901,16.5676,-0.7542,0.8895,16.5876,-0.7238,0.8870,18.4629,-1.2087,1.5680,18.5521,-1.2441,1.6173,18.5703,-1.2452,1.6187,20.0494,-2.2538,2.4355,20.6294,-2.6254,2.7439,21.5487,-3.1754,3.2396,22.5317,-3.7411,3.7361,22.9547,-3.9032,3.9507,22.8731,-3.9013,3.9590,22.9100,-3.9297,3.9617,23.5460,-4.0925,4.1873,23.6894,-4.1434,4.2612,23.5963,-4.1301,4.2693,23.6000,-4.1302,4.2699,16.5965,-0.6430,0.7966,18.5327,-1.2353,1.6058,20.6278,-2.6129,2.7427
-0.0215,12.2414,-0.8053,0.4583,13.0170,-1.1863,1.0608,13.9355,-1.6910,0.6178,13.2246,-1.3096,0.4838,13.0637,-1.2113,0.7619,13.4878,-1.4201,0.8695,13.7923,-1.5065,2.2090,15.6447,-3.6619,1.8841,15.1902,-3.1000,2.6155,16.0515,-4.3526,2.6242,15.7899,-4.3777,0.4849,13.0607,-1.2172,0.5242,13.0976,-1.2404,0.6197,13.2222,-1.3104,0.6235,13.1936,-1.3103,0.7453,13.4532,-1.4097,0.8818,13.8278,-1.5163,0.8927,13.8609,-1.5235,0.7702,13.5106,-1.4259,1.0734,13.9308,-1.7051,1.0934,13.9325,-1.7213,1.0868,13.9146,-1.7129,1.6732,14.8758,-2.7446,1.9212,15.2722,-3.1270,2.2116,15.6433,-3.6715,2.5433,16.0950,-4.2274,2.5882,15.9954,-4.3018,2.6191,16.0504,-4.3661,2.6590,16.1994,-4.3928,2.6043,15.8437,-4.3263,2.6144,15.7960,-4.3488,2.6278,15.7890,-4.3912,2.6276,15.7877,-4.3877,0.5028,13.1056,-1.2235,1.0855,13.9231,-1.7131,1.8841,15.1902,-3.1003
-0.7962,0.0038,19.4730,-1.1099,0.6699,20.8807,-1.5401,1.4772,22.5925,-1.2159,0.7966,20.9530,-1.1402,0.7061,20.9569,-1.2773,0.8851,20.9365,-1.2929,0.9128,20.8107,-3.6951,2.8133,26.0481,-3.0746,2.4466,25.0436,-4.6541,3.4089,27.8081,-4.9871,3.6232,28.3642,-1.1579,0.7267,21.0293,-1.1663,0.7382,20.9563,-1.2181,0.7972,20.9512,-1.2302,0.7999,20.9533,-1.2777,0.8840,20.9662,-1.2949,0.9164,20.7972,-1.2924,0.9148,20.7671,-1.2771,0.8858,20.9207,-1.5740,1.5016,22.6672,-1.6071,1.5269,22.7106,-1.6003,1.5180,22.6866,-2.6945,2.2165,24.4569,-3.0718,2.4464,24.9662,-3.7128,2.8278,26.1273,-4.3161,3.1655,27.0273,-4.5933,3.3619,27.5764,-4.6783,3.4281,27.9156,-4.6491,3.4007,27.6982,-4.8212,3.4983,27.9161,-4.9237,3.5679,28.1370,-5.0115,3.6425,28.4732,-5.0084,3.6413,28.4430,-1.1408,0.7076,20.9221,-1.5948,1.5169,22.6858,-3.0746,2.4466,25.0459
15.6974,-0.2308,0.2094,16.9962,-0.6520,0.7569,18.8238,-1.2149,1.5035,17.0476,-0.7234,0.8511,16.9786,-0.6578,0.7659,16.9747,-0.7444,0.8611,16.9551,-0.7717,0.8639,22.0976,-3.2499,3.2150,21.1321,-2.6741,2.7190,24.6355,-4.7742,4.5429,25.4402,-5.0252,4.8681,16.9638,-0.6572,0.7697,17.0061,-0.6803,0.7976,17.0664,-0.7292,0.8591,17.1701,-0.7599,0.9021,16.9776,-0.7415,0.8613,16.9524,-0.7749,0.8643,16.9532,-0.7779,0.8636,16.9741,-0.7465,0.8609,18.9023,-1.2423,1.5431,18.9933,-1.2786,1.5937,19.0119,-1.2796,1.5952,20.5365,-2.3079,2.4115,21.1335,-2.6869,2.7206,22.0805,-3.2476,3.2171,23.0926,-3.8243,3.7143,24.6980,-4.7734,4.5388,24.6092,-4.7702,4.5436,24.6503,-4.8024,4.5491,25.3539,-4.9815,4.7873,25.5135,-5.0369,4.8637,25.4118,-5.0211,4.8685,25.4159,-5.0212,4.8697,16.9841,-0.6632,0.7680,18.9735,-1.2696,1.5819,21.1321,-2.6741,2.7192
-0.0640,12.2734,-0.9001,0.4068,13.0507,-1.2841,0.9954,13.9722,-1.7913,0.5681,13.2577,-1.4085,0.4327,13.0972,-1.3098,0.7135,13.5208,-1.5190,0.8220,13.8255,-1.6048,2.1182,15.6845,-3.7586,1.8010,15.2291,-3.1978,3.0711,17.0174,-5.3977,3.0750,16.7315,-5.4273,0.4339,13.0940,-1.3163,0.4735,13.1309,-1.3390,0.5700,13.2553,-1.4093,0.5740,13.2266,-1.4094,0.6969,13.4862,-1.5089,0.8344,13.8610,-1.6145,0.8454,13.8942,-1.6215,0.7219,13.5436,-1.5248,1.0083,13.9673,-1.8060,1.0287,13.9688,-1.8228,1.0221,13.9510,-1.8143,1.5948,14.9140,-2.8433,1.8384,15.3111,-3.2244,2.1208,15.6831,-3.7687,2.4444,16.1358,-4.3228,3.0410,16.9542,-5.3395,3.0757,17.0164,-5.4135,3.1159,17.1828,-5.4415,3.0525,16.7894,-5.3672,3.0626,16.7377,-5.3933,3.0795,16.7306,-5.4431,3.0791,16.7292,-5.4391,0.4518,13.1391,-1.3218,1.0206,13.9595,-1.8144,1.8010,15.2291,-3.1981
-0.8915,-0.0001,19.8782,-1.2119,0.6809,21.3067,-1.6503,1.5058,23.0420,-1.3214,0.8109,21.3803,-1.2428,0.7178,21.3847,-1.3841,0.9015,21.3634,-1.4003,0.9301,21.2348,-3.8437,2.8821,26.5348,-3.2123,2.5043,25.5196,-5.6492,3.9165,29.5743,-6.0242,4.1523,30.1868,-1.2609,0.7389,21.4587,-1.2699,0.7509,21.3839,-1.3238,0.8116,21.3785,-1.3370,0.8146,21.3805,-1.3845,0.9003,21.3938,-1.4024,0.9338,21.2210,-1.3999,0.9322,21.1902,-1.3840,0.9022,21.3472,-1.6857,1.5309,23.1182,-1.7204,1.5570,23.1625,-1.7135,1.5479,23.1380,-2.8255,2.2672,24.9269,-3.2096,2.5042,25.4404,-3.8616,2.8969,26.6157,-4.4754,3.2451,27.5240,-5.5832,3.8689,29.3187,-5.6755,3.9366,29.6927,-5.6428,3.9044,29.4555,-5.8404,4.0192,29.6943,-5.9549,4.0942,29.9375,-6.0508,4.1724,30.3066,-6.0475,4.1712,30.2732,-1.2436,0.7194,21.3491,-1.7076,1.5467,23.1372,-3.2123,2.5043,25.5219
15.6952,-0.2354,0.1874,16.9958,-0.6566,0.7302,18.8261,-1.2192,1.4698,17.0469,-0.7283,0.8245,16.9781,-0.6625,0.7391,16.9738,-0.7497,0.8347,16.9541,-0.7774,0.8377,22.1064,-3.2498,3.1650,21.1389,-2.6753,2.6737,25.8802,-5.5633,5.0393,25.4543,-5.0217,4.8046,16.9634,-0.6619,0.7430,17.0056,-0.6850,0.7709,17.0657,-0.7341,0.8325,17.1692,-0.7647,0.8756,16.9767,-0.7467,0.8349,16.9514,-0.7806,0.8381,16.9521,-0.7837,0.8374,16.9732,-0.7518,0.8345,18.9046,-1.2467,1.5095,18.9954,-1.2829,1.5601,19.0141,-1.2839,1.5616,20.5422,-2.3099,2.3692,21.1403,-2.6881,2.6754,22.0893,-3.2476,3.1670,23.1034,-3.8228,3.6594,24.7126,-4.7698,4.4751,26.3237,-5.8643,5.2587,25.8994,-5.5937,5.0471,25.3681,-4.9778,4.7238,25.5276,-5.0333,4.8002,25.4259,-5.0177,4.8049,25.4300,-5.0178,4.8061,16.9836,-0.6679,0.7413,18.9757,-1.2739,1.5483,21.1389,-2.6753,2.6740
-0.0594,12.3186,-0.9475,0.4140,13.0945,-1.3324,1.0058,14.0135,-1.8395,0.5764,13.3026,-1.4579,0.4402,13.1413,-1.3585,0.7226,13.5669,-1.5691,0.8315,13.8734,-1.6550,2.1408,15.7172,-3.8096,1.8201,15.2644,-3.2481,3.6336,18.0452,-6.4397,3.1091,16.7560,-5.4836,0.4415,13.1380,-1.3653,0.4813,13.1751,-1.3879,0.5783,13.3001,-1.4587,0.5824,13.2712,-1.4589,0.7059,13.5321,-1.5589,0.8440,13.9091,-1.6647,0.8550,13.9424,-1.6717,0.7311,13.5899,-1.5748,1.0189,14.0086,-1.8546,1.0395,14.0101,-1.8717,1.0328,13.9921,-1.8630,1.6117,14.9508,-2.8932,1.8577,15.3468,-3.2746,2.1434,15.7158,-3.8200,2.4705,16.1659,-4.3744,3.0732,16.9800,-5.3922,3.8414,18.4289,-6.8392,3.6799,18.2363,-6.4906,3.0860,16.8142,-5.4215,3.0966,16.7622,-5.4486,3.1137,16.7551,-5.4998,3.1134,16.7537,-5.4957,0.4594,13.1835,-1.3705,1.0313,14.0007,-1.8631,1.8201,15.2644,-3.2484
-0.9022,-0.0077,20.1386,-1.2270,0.6808,21.5873,-1.6716,1.5145,23.3476,-1.3379,0.8126,21.6618,-1.2584,0.7183,21.6663,-1.4015,0.9044,21.6446,-1.4180,0.9334,21.5143,-3.8932,2.9037,26.8915,-3.2537,2.5224,25.8614,-6.5788,4.3205,31.3129,-6.1018,4.1866,30.5953,-1.2766,0.7397,21.7412,-1.2858,0.7517,21.6654,-1.3404,0.8133,21.6599,-1.3537,0.8163,21.6619,-1.4019,0.9032,21.6754,-1.4202,0.9372,21.5004,-1.4176,0.9355,21.4692,-1.4014,0.9051,21.6282,-1.7074,1.5400,23.4248,-1.7425,1.5664,23.4696,-1.7355,1.5572,23.4448,-2.8619,2.2831,25.2600,-3.2510,2.5223,25.7812,-3.9113,2.9187,26.9734,-4.5331,3.2699,27.8953,-5.6552,3.8994,29.7163,-6.9350,4.4841,31.9554,-6.5708,4.3036,31.1832,-5.9156,4.0517,30.0966,-6.0316,4.1278,30.3429,-6.1287,4.2071,30.7168,-6.1253,4.2058,30.6829,-1.2591,0.7199,21.6302,-1.7296,1.5560,23.4440,-3.2537,2.5224,25.8637
15.6961,-0.2490,0.1982,16.9926,-0.6683,0.7426,18.8170,-1.2279,1.4843,17.0438,-0.7408,0.8374,16.9749,-0.6744,0.7517,16.9707,-0.7630,0.8479,16.9510,-0.7917,0.8512,22.0807,-3.2530,3.1895,21.1181,-2.6802,2.6954,25.8268,-5.5577,5.0787,25.4145,-5.0204,4.8378,16.9601,-0.6739,0.7556,17.0024,-0.6970,0.7836,17.0626,-0.7467,0.8454,17.1664,-0.7772,0.8884,16.9736,-0.7600,0.8481,16.9483,-0.7950,0.8516,16.9491,-0.7982,0.8510,16.9701,-0.7652,0.8478,18.8956,-1.2553,1.5240,18.9866,-1.2916,1.5747,19.0053,-1.2926,1.5762,20.5244,-2.3157,2.3890,21.1196,-2.6932,2.6970,22.0636,-3.2508,3.1916,23.0726,-3.8244,3.6869,24.6725,-4.7685,4.5079,25.7980,-5.5531,5.0779,28.8583,-7.5523,6.5025,25.3283,-4.9765,4.7566,25.4879,-5.0319,4.8332,25.3861,-5.0163,4.8382,25.3901,-5.0164,4.8394,16.9804,-0.6800,0.7538,18.9668,-1.2826,1.5629,21.1181,-2.6802,2.6956
-0.0613,12.4319,-0.9441,0.4163,13.2161,-1.3327,1.0132,14.1452,-1.8449,0.5800,13.4261,-1.4591,0.4426,13.2633,-1.3589,0.7275,13.6928,-1.5712,0.8374,14.0018,-1.6580,2.1564,15.8687,-3.8344,1.8334,15.4106,-3.2674,3.6603,18.2239,-6.4919,3.1315,16.9204,-5.5241,0.4439,13.2601,-1.3656,0.4841,13.2974,-1.3885,0.5819,13.4236,-1.4599,0.5861,13.3945,-1.4601,0.7106,13.6577,-1.5610,0.8500,14.0378,-1.6678,0.8611,14.0715,-1.6748,0.7360,13.7159,-1.5770,1.0264,14.1403,-1.8601,1.0471,14.1418,-1.8773,1.0404,14.1237,-1.8686,1.6235,15.0934,-2.9089,1.8713,15.4937,-3.2942,2.1591,15.8673,-3.8449,2.4885,16.3228,-4.4048,3.0957,17.1464,-5.4328,3.6657,18.2235,-6.5096,5.0078,20.9323,-9.0019,3.1083,16.9792,-5.4619,3.1188,16.9267,-5.4890,3.1361,16.9196,-5.5403,3.1357,16.9181,-5.5362,0.4620,13.3059,-1.3710,1.0389,14.1324,-1.8687,1.8334,15.4106,-3.2677
-0.8962,-0.0260,20.0609,-1.2203,0.6563,21.5077,-1.6641,1.4820,23.2666,-1.3309,0.7877,21.5816,-1.2515,0.6936,21.5862,-1.3944,0.8792,21.5644,-1.4109,0.9082,21.4347,-3.8760,2.8532,26.8097,-3.2393,2.4770,25.7798,-6.5502,4.2464,31.2351,-6.0747,4.1219,30.5090,-1.2697,0.7150,21.6608,-1.2789,0.7270,21.5853,-1.3333,0.7883,21.5797,-1.3466,0.7914,21.5817,-1.3947,0.8780,21.5951,-1.4131,0.9119,21.4208,-1.4106,0.9103,21.3897,-1.3943,0.8799,21.5481,-1.6998,1.5073,23.3434,-1.7347,1.5337,23.3880,-1.7277,1.5246,23.3632,-2.8492,2.2409,25.1784,-3.2367,2.4769,25.6999,-3.8941,2.8682,26.8912,-4.5132,3.2146,27.8134,-5.6305,3.8354,29.6343,-6.5795,4.2673,31.3662,-8.6212,5.1280,34.3465,-5.8894,3.9873,30.0126,-6.0048,4.0632,30.2576,-6.1015,4.1423,30.6298,-6.0981,4.1411,30.5961,-1.2523,0.6953,21.5503,-1.7218,1.5233,23.3625,-3.2393,2.4770,25.7821
16.1040,-0.2359,0.1911,17.4405,-0.6688,0.7472,19.3214,-1.2472,1.5051,17.4928,-0.7419,0.8439,17.4224,-0.6747,0.7564,17.4178,-0.7636,0.8541,17.3976,-0.7916,0.8571,22.6949,-3.3324,3.2394,21.7000,-2.7425,2.7368,25.3117,-4.8945,4.5836,27.5227,-6.0481,5.6146,17.4073,-0.6741,0.7604,17.4505,-0.6977,0.7890,17.5121,-0.7479,0.8521,17.6183,-0.7793,0.8962,17.4208,-0.7606,0.8544,17.3948,-0.7948,0.8575,17.3956,-0.7979,0.8568,17.4172,-0.7657,0.8540,19.4019,-1.2753,1.5458,19.4950,-1.3125,1.5977,19.5141,-1.3136,1.5993,21.0863,-2.3672,2.4252,21.7013,-2.7555,2.7384,22.6774,-3.3302,3.2415,23.7203,-3.9210,3.7452,25.3758,-4.8936,4.5795,25.2847,-4.8904,4.5842,25.3267,-4.9232,4.5899,27.4248,-6.0016,5.5332,27.6032,-6.0622,5.6123,27.4915,-6.0432,5.6134,27.4959,-6.0434,5.6154,17.4280,-0.6803,0.7586,19.4748,-1.3032,1.5856,21.7000,-2.7425,2.7370
-0.1192,12.2735,-0.9473,0.3387,13.0555,-1.3337,0.9085,13.9848,-1.8435,0.5011,13.2612,-1.4582,0.3649,13.1016,-1.3596,0.6473,13.5229,-1.5682,0.7563,13.8263,-1.6532,1.9887,15.7130,-3.8046,1.6842,15.2529,-3.2457,2.9054,17.0585,-5.4383,3.5454,17.8145,-6.5569,0.3662,13.0984,-1.3664,0.4060,13.1350,-1.3888,0.5030,13.2588,-1.4590,0.5072,13.2301,-1.4593,0.6306,13.4884,-1.5582,0.7688,13.8617,-1.6628,0.7798,13.8947,-1.6696,0.6558,13.5457,-1.5739,0.9216,13.9798,-1.8587,0.9422,13.9811,-1.8758,0.9355,13.9634,-1.8672,1.4857,14.9349,-2.8924,1.7219,15.3347,-3.2719,1.9914,15.7115,-3.8150,2.3018,16.1692,-4.3668,2.8748,16.9958,-5.3796,2.9100,17.0573,-5.4543,2.9506,17.2234,-5.4817,3.5211,17.8768,-6.4890,3.5305,17.8209,-6.5181,3.5508,17.8137,-6.5747,3.5504,17.8121,-6.5703,0.3841,13.1434,-1.3714,0.9340,13.9719,-1.8673,1.6842,15.2529,-3.2460
-0.9928,0.0030,20.1164,-1.3171,0.6949,21.5510,-1.7599,1.5329,23.2909,-1.4292,0.8272,21.6254,-1.3485,0.7323,21.6301,-1.4928,0.9191,21.6081,-1.5095,0.9483,21.4778,-3.9732,2.9455,26.7808,-3.3363,2.5576,25.7665,-5.7926,4.0072,29.8201,-7.1451,4.7388,31.8849,-1.3666,0.7537,21.7052,-1.3763,0.7660,21.6291,-1.4319,0.8279,21.6234,-1.4462,0.8313,21.6254,-1.4932,0.9179,21.6390,-1.5117,0.9521,21.4638,-1.5092,0.9505,21.4325,-1.4927,0.9199,21.5917,-1.7966,1.5585,23.3681,-1.8326,1.5853,23.4129,-1.8257,1.5761,23.3880,-2.9459,2.3141,25.1749,-3.3338,2.5577,25.6862,-3.9912,2.9604,26.8628,-4.6105,3.3184,27.7686,-5.7260,3.9590,29.5610,-5.8190,4.0274,29.9401,-5.7865,3.9954,29.6996,-6.9427,4.5981,31.3472,-7.0698,4.6785,31.6133,-7.1739,4.7597,32.0160,-7.1704,4.7585,31.9791,-1.3493,0.7340,21.5940,-1.8194,1.5748,23.3873,-3.3363,2.5576,25.7688
16.2241,-0.2372,0.1779,17.5729,-0.6737,0.7347,19.4715,-1.2571,1.4933,17.6253,-0.7474,0.8322,17.5546,-0.6797,0.7440,17.5497,-0.7692,0.8425,17.5292,-0.7974,0.8455,22.8792,-3.3563,3.2274,21.8741,-2.7624,2.7249,25.5234,-4.9289,4.5706,28.6047,-6.6377,6.0307,17.5394,-0.6791,0.7480,17.5829,-0.7029,0.7768,17.6447,-0.7534,0.8404,17.7516,-0.7850,0.8849,17.5527,-0.7662,0.8428,17.5263,-0.8007,0.8459,17.5271,-0.8038,0.8452,17.5490,-0.7714,0.8423,19.5525,-1.2854,1.5344,19.6462,-1.3227,1.5867,19.6654,-1.3238,1.5883,21.2543,-2.3846,2.4134,21.8754,-2.7755,2.7265,22.8616,-3.3541,3.2295,23.9149,-3.9488,3.7331,25.5879,-4.9279,4.5665,25.4963,-4.9248,4.5712,25.5384,-4.9578,4.5770,27.6584,-6.0434,5.5193,28.6890,-6.6531,6.0299,28.5721,-6.6323,6.0286,28.5767,-6.6325,6.0310,17.5602,-0.6853,0.7461,19.6258,-1.3135,1.5745,21.8741,-2.7624,2.7251
-0.1336,12.2733,-0.9800,0.3209,13.0550,-1.3670,0.8854,13.9843,-1.8771,0.4837,13.2604,-1.4917,0.3472,13.1011,-1.3931,0.6303,13.5219,-1.6017,0.7395,13.8251,-1.6864,1.9563,15.7115,-3.8351,1.6546,15.2517,-3.2771,2.8649,17.0563,-5.4663,3.9118,18.4628,-7.2668,0.3485,13.0978,-1.4001,0.3883,13.1344,-1.4223,0.4857,13.2579,-1.4926,0.4899,13.2292,-1.4929,0.6136,13.4874,-1.5918,0.7520,13.8604,-1.6960,0.7630,13.8935,-1.7027,0.6388,13.5446,-1.6073,0.8987,13.9792,-1.8925,0.9194,13.9805,-1.9098,0.9126,13.9628,-1.9012,1.4578,14.9339,-2.9244,1.6924,15.3334,-3.3031,1.9591,15.7100,-3.8456,2.2665,16.1675,-4.3962,2.8341,16.9937,-5.4071,2.8696,17.0551,-5.4826,2.9102,17.2211,-5.5094,3.4736,17.8745,-6.5137,3.8953,18.4692,-7.2249,3.9178,18.4620,-7.2860,3.9174,18.4603,-7.2813,0.3664,13.1428,-1.4048,0.9111,13.9714,-1.9012,1.6546,15.2517,-3.2774
-1.0270,0.0039,20.2624,-1.3537,0.7016,21.7042,-1.7996,1.5467,23.4520,-1.4671,0.8352,21.7791,-1.3853,0.7394,21.7840,-1.5311,0.9278,21.7617,-1.5480,0.9573,21.6303,-4.0272,2.9754,26.9542,-3.3862,2.5830,25.9363,-5.8576,4.0491,30.0048,-7.8210,5.0913,32.9723,-1.4036,0.7609,21.8597,-1.4135,0.7733,21.7829,-1.4697,0.8359,21.7771,-1.4845,0.8393,21.7790,-1.5315,0.9265,21.7927,-1.5502,0.9611,21.6162,-1.5477,0.9595,21.5847,-1.5310,0.9285,21.7451,-1.8367,1.5726,23.5298,-1.8732,1.5996,23.5749,-1.8664,1.5904,23.5498,-2.9933,2.3367,25.3428,-3.3837,2.5832,25.8554,-4.0453,2.9904,27.0368,-4.6685,3.3526,27.9452,-5.7906,4.0006,29.7437,-5.8842,4.0695,30.1257,-5.8516,4.0374,29.8834,-7.0144,4.6474,31.5348,-7.7418,5.0295,32.6868,-7.8512,5.1126,33.1103,-7.8476,5.1115,33.0712,-1.3862,0.7411,21.7476,-1.8599,1.5890,23.5491,-3.3862,2.5830,25.9386
16.2210,-0.2365,0.1562,17.5728,-0.6735,0.7080,19.4760,-1.2577,1.4597,17.6249,-0.7472,0.8056,17.5545,-0.6795,0.7173,17.5491,-0.7691,0.8159,17.5285,-0.7973,0.8190,22.8954,-3.3547,3.1754,21.8868,-2.7614,2.6783,25.5500,-4.9256,4.5033,29.4903,-7.1762,6.3724,17.5393,-0.6790,0.7214,17.5826,-0.7027,0.7502,17.6443,-0.7533,0.8138,17.7509,-0.7848,0.8584,17.5522,-0.7661,0.8162,17.5256,-0.8006,0.8193,17.5264,-0.8037,0.8187,17.5485,-0.7712,0.8157,19.5568,-1.2860,1.5008,19.6504,-1.3233,1.5532,19.6696,-1.3244,1.5548,21.2649,-2.3841,2.3701,21.8880,-2.7745,2.6800,22.8778,-3.3525,3.1775,23.9347,-3.9466,3.6757,25.6145,-4.9246,4.4993,25.5229,-4.9215,4.5038,25.5648,-4.9543,4.5097,27.6929,-6.0387,5.4408,28.7289,-6.6476,5.9441,29.9437,-7.4727,6.5875,29.4613,-7.1706,6.3722,17.5600,-0.6851,0.7195,19.6301,-1.3141,1.5410,21.8868,-2.7614,2.6786
-0.1276,12.2728,-1.0277,0.3279,13.0501,-1.4146,0.8936,13.9734,-1.9231,0.4912,13.2556,-1.5399,0.3543,13.0962,-1.4410,0.6381,13.5175,-1.6501,0.7473,13.8212,-1.7346,1.9730,15.6856,-3.8775,1.6688,15.2300,-3.3206,2.8884,17.0189,-5.5061,4.3618,19.0597,-7.9864,0.3557,13.0929,-1.4482,0.3956,13.1296,-1.4703,0.4932,13.2532,-1.5408,0.4975,13.2245,-1.5412,0.6213,13.4829,-1.6402,0.7598,13.8566,-1.7442,0.7709,13.8897,-1.7508,0.6465,13.5402,-1.6557,0.9070,13.9683,-1.9389,0.9278,13.9696,-1.9564,0.9210,13.9518,-1.9477,1.4705,14.9149,-2.9687,1.7066,15.3119,-3.3464,1.9757,15.6841,-3.8883,2.2856,16.1373,-4.4373,2.8574,16.9562,-5.4460,2.8931,17.0177,-5.5228,2.9336,17.1838,-5.5489,3.5016,17.8286,-6.5490,3.9259,18.4183,-7.2580,4.5777,19.4390,-8.3933,4.3679,19.0573,-8.0022,0.3736,13.1381,-1.4526,0.9195,13.9604,-1.9477,1.6688,15.2300,-3.3209
-1.0380,0.0039,20.4796,-1.3683,0.7091,21.9369,-1.8189,1.5633,23.7034,-1.4828,0.8441,22.0125,-1.4002,0.7473,22.0175,-1.5476,0.9377,21.9950,-1.5647,0.9676,21.8621,-4.0704,3.0072,27.2432,-3.4225,2.6107,26.2144,-5.9205,4.0925,30.3266,-8.5073,5.4459,34.2208,-1.4186,0.7690,22.0940,-1.4286,0.7816,22.0164,-1.4855,0.8448,22.0105,-1.5005,0.8483,22.0124,-1.5479,0.9365,22.0263,-1.5669,0.9714,21.8479,-1.5643,0.9698,21.8161,-1.5475,0.9385,21.9782,-1.8564,1.5894,23.7821,-1.8933,1.6168,23.8276,-1.8864,1.6074,23.8022,-3.0254,2.3617,25.6145,-3.4200,2.6108,26.1326,-4.0887,3.0224,27.3267,-4.7186,3.3885,28.2449,-5.8528,4.0434,30.0627,-5.9473,4.1131,30.4488,-5.9144,4.0806,30.2039,-7.0897,4.6971,31.8730,-7.8249,5.0833,33.0375,-8.8757,5.6125,34.8819,-8.5354,5.4666,34.3249,-1.4011,0.7490,21.9807,-1.8799,1.6060,23.8015,-3.4225,2.6107,26.2168
16.2209,-0.2365,0.1586,17.5726,-0.6734,0.7106,19.4757,-1.2575,1.4627,17.6247,-0.7471,0.8082,17.5543,-0.6795,0.7200,17.5490,-0.7691,0.8185,17.5283,-0.7972,0.8216,22.8947,-3.3544,3.1790,21.8862,-2.7612,2.6817,25.5489,-4.9252,4.5074,29.4887,-7.1758,6.3773,17.5391,-0.6789,0.7240,17.5825,-0.7027,0.7528,17.6441,-0.7532,0.8164,17.7508,-0.7847,0.8610,17.5520,-0.7660,0.8188,17.5254,-0.8005,0.8220,17.5262,-0.8036,0.8213,17.5483,-0.7712,0.8184,19.5565,-1.2858,1.5037,19.6501,-1.3232,1.5562,19.6693,-1.3243,1.5577,21.2644,-2.3838,2.3734,21.8875,-2.7742,2.6834,22.8771,-3.3522,3.1811,23.9339,-3.9463,3.6795,25.6134,-4.9242,4.5034,25.5218,-4.9212,4.5079,25.5638,-4.9540,4.5138,27.6916,-6.0383,5.4453,28.7274,-6.6472,5.9488,29.4549,-7.1700,6.3743,30.3032,-7.7145,6.8104,17.5599,-0.6851,0.7222,19.6298,-1.3139,1.5439,21.8862,-2.7612,2.6819
-0.1277,12.2728,-1.0280,0.3278,13.0503,-1.4149,0.8934,13.9737,-1.9238,0.4911,13.2558,-1.5403,0.3542,13.0964,-1.4414,0.6379,13.5176,-1.6505,0.7471,13.8213,-1.7349,1.9727,15.6865,-3.8787,1.6686,15.2307,-3.3216,2.8880,17.0201,-5.5078,4.3614,19.0616,-7.9890,0.3555,13.0930,-1.4486,0.3955,13.1297,-1.4707,0.4930,13.2534,-1.5411,0.4974,13.2246,-1.5416,0.6212,13.4830,-1.6406,0.7597,13.8567,-1.7445,0.7707,13.8898,-1.7512,0.6463,13.5403,-1.6560,0.9068,13.9686,-1.9395,0.9276,13.9699,-1.9571,0.9209,13.9521,-1.9483,1.4703,14.9155,-2.9696,1.7064,15.3126,-3.3474,1.9755,15.6849,-3.8895,2.2853,16.1383,-4.4387,2.8571,16.9574,-5.4477,2.8928,17.0189,-5.5245,2.9333,17.1850,-5.5506,3.5012,17.8301,-6.5511,3.9255,18.4200,-7.2603,4.3680,19.0610,-8.0097,4.7862,19.7091,-8.6944,0.3735,13.1382,-1.4530,0.9194,13.9607,-1.9483,1.6686,15.2307,-3.3219
-1.0367,0.0039,20.4540,-1.3666,0.7083,21.9095,-1.8166,1.5613,23.6738,-1.4809,0.8430,21.9851,-1.3984,0.7464,21.9900,-1.5456,0.9366,21.9675,-1.5627,0.9664,21.8349,-4.0653,3.0035,27.2093,-3.4183,2.6074,26.1817,-5.9131,4.0874,30.2888,-8.4967,5.4391,34.1782,-1.4168,0.7681,22.0664,-1.4269,0.7806,21.9890,-1.4837,0.8438,21.9831,-1.4986,0.8473,21.9850,-1.5459,0.9353,21.9989,-1.5649,0.9702,21.8207,-1.5624,0.9686,21.7889,-1.5455,0.9373,21.9508,-1.8541,1.5874,23.7524,-1.8910,1.6147,23.7979,-1.8840,1.6054,23.7726,-3.0216,2.3587,25.5826,-3.4157,2.6076,26.1000,-4.0836,3.0187,27.2927,-4.7127,3.3843,28.2097,-5.8455,4.0384,30.0253,-5.9399,4.1079,30.4109,-5.9071,4.0755,30.1663,-7.0808,4.6913,31.8333,-7.8151,5.0769,32.9963,-8.5285,5.4609,34.3234,-9.1219,5.7569,35.1720,-1.3993,0.7481,21.9533,-1.8775,1.6040,23.7718,-3.4183,2.6074,26.1841
13.6642,-0.1505,0.2271,14.7679,-0.5173,0.7418,15.2263,-0.5731,0.8976,14.8174,-0.5785,0.8211,15.5967,-1.1341,1.1693,14.7567,-0.5949,0.8288,14.7417,-0.6166,0.8312,15.8324,-0.8556,1.2961,15.6473,-0.7768,1.1811,16.2431,-1.0429,1.5811,16.6785,-1.1927,1.8134,15.5818,-1.1328,1.1706,14.7785,-0.5415,0.7757,14.8342,-0.5837,0.8279,14.9260,-0.6110,0.8648,14.7588,-0.5925,0.8289,14.7396,-0.6191,0.8315,14.7405,-0.6215,0.8311,14.7563,-0.5965,0.8288,15.2867,-0.5944,0.9279,15.3570,-0.6223,0.9671,15.3713,-0.6237,0.9688,15.5333,-0.7254,1.1102,15.6466,-0.7824,1.1809,15.8217,-0.8550,1.2986,16.0289,-0.9344,1.4111,16.2801,-1.0409,1.5727,16.2281,-1.0420,1.5843,16.2483,-1.0540,1.5812,16.6349,-1.1619,1.7493,16.7201,-1.1960,1.8059,16.6622,-1.1917,1.8167,16.6647,-1.1917,1.8160,16.2808,-1.6342,1.5125,15.3418,-0.6156,0.9582,15.6473,-0.7768,1.1812
0.0773,12.0856,-0.3313,0.5909,12.8496,-0.6902,0.6490,12.8237,-0.7161,0.7418,13.0615,-0.8101,0.9739,13.6830,-1.4159,0.8801,13.3269,-0.9211,0.9838,13.6321,-1.0112,0.7570,12.6944,-0.8075,0.7380,12.7512,-0.7907,0.8240,12.6016,-0.8736,0.8307,12.4315,-0.8753,0.9752,13.6813,-1.4207,0.6530,12.9324,-0.7414,0.7433,13.0592,-0.8109,0.7454,13.0311,-0.8101,0.8640,13.2923,-0.9098,0.9957,13.6677,-1.0214,1.0063,13.7008,-1.0295,0.8881,13.3497,-0.9274,0.6584,12.8197,-0.7247,0.6744,12.8214,-0.7364,0.6686,12.8061,-0.7304,0.7157,12.7678,-0.7733,0.7703,12.8089,-0.8120,0.7575,12.6931,-0.8106,0.7760,12.6396,-0.8228,0.8071,12.5696,-0.8514,0.8246,12.6004,-0.8777,0.8614,12.6897,-0.9023,0.8231,12.4690,-0.8599,0.8289,12.4366,-0.8668,0.8313,12.4304,-0.8794,0.8313,12.4296,-0.8782,1.2771,14.3627,-1.9930,0.6679,12.8134,-0.7306,0.7380,12.7512,-0.7907
-0.3427,0.0064,17.6694,-0.6195,0.6064,18.9774,-0.6840,0.8123,19.3721,-0.7112,0.7177,19.0449,-1.2347,0.9075,19.9908,-0.7670,0.7962,19.0306,-0.7803,0.8192,18.9175,-1.0666,1.1829,20.1656,-0.9652,1.0905,19.9451,-1.3577,1.4427,20.8455,-1.5327,1.5784,21.1973,-1.2535,0.9266,20.0659,-0.6691,0.6668,19.0465,-0.7124,0.7180,19.0434,-0.7195,0.7194,19.0461,-0.7675,0.7953,19.0574,-0.7820,0.8222,18.9054,-0.7796,0.8205,18.8782,-0.7668,0.7966,19.0164,-0.7075,0.8321,19.4319,-0.7299,0.8521,19.4664,-0.7234,0.8442,19.4471,-0.9029,1.0318,19.8295,-0.9642,1.0925,19.8880,-1.0792,1.1950,20.2182,-1.1595,1.2634,20.3550,-1.3155,1.4011,20.7006,-1.3740,1.4584,20.9137,-1.3563,1.4448,20.7704,-1.4325,1.4862,20.9107,-1.4903,1.5345,21.0506,-1.5493,1.5939,21.2665,-1.5470,1.5928,21.2482,-1.7024,1.1236,20.7018,-0.7209,0.8438,19.4466,-0.9652,1.0905,19.9469
14.3311,-0.1823,0.3263,15.4960,-0.5662,0.8641,17.1316,-1.0796,1.6005,15.5458,-0.6297,0.9482,15.4802,-0.5708,0.8716,15.4809,-0.6468,0.9564,15.4644,-0.6698,0.9582,17.8483,-1.4062,2.0700,17.6296,-1.3157,1.9351,18.3336,-1.6222,2.4067,18.8482,-1.7932,2.6764,15.4667,-0.5701,0.8749,15.5062,-0.5912,0.9004,15.5633,-0.6352,0.9554,15.6590,-0.6636,0.9943,15.4833,-0.6443,0.9567,15.4620,-0.6724,0.9585,15.4629,-0.6750,0.9579,15.4804,-0.6485,0.9562,17.7387,-1.4776,1.8942,18.3692,-1.9031,2.2382,18.3885,-1.9046,2.2402,17.4944,-1.2558,1.8519,17.6298,-1.3244,1.9348,17.8353,-1.4052,2.0736,18.0808,-1.4971,2.2043,18.3777,-1.6195,2.3945,18.3155,-1.6207,2.4115,18.3410,-1.6386,2.4068,18.7980,-1.7593,2.5987,18.8985,-1.7981,2.6654,18.8286,-1.7915,2.6811,18.8316,-1.7915,2.6802,15.4856,-0.5756,0.8734,18.3473,-1.8940,2.2277,17.6296,-1.3157,1.9352
0.1011,12.1031,-0.5137,0.6053,12.8719,-0.8843,1.2457,13.7794,-1.3802,0.7588,13.0802,-1.0039,0.6296,12.9189,-0.9072,0.8983,13.3428,-1.1137,1.0031,13.6454,-1.2019,1.3860,13.6307,-1.5096,1.3588,13.6963,-1.4838,1.4756,13.5243,-1.6067,1.4960,13.3270,-1.6174,0.6303,12.9162,-0.9115,0.6685,12.9530,-0.9359,0.7605,13.0779,-1.0046,0.7637,13.0496,-1.0038,0.8822,13.3084,-1.1028,1.0151,13.6807,-1.2118,1.0258,13.7135,-1.2196,0.9065,13.3654,-1.1199,1.4749,14.2433,-1.8197,1.7506,14.7128,-2.2811,1.7435,14.6911,-2.2717,1.3307,13.7154,-1.4603,1.3933,13.7626,-1.5069,1.3869,13.6294,-1.5151,1.4128,13.5674,-1.5324,1.4562,13.4866,-1.5757,1.4768,13.5231,-1.6139,1.5155,13.6267,-1.6374,1.4830,13.3697,-1.5902,1.4928,13.3324,-1.6024,1.4972,13.3260,-1.6247,1.4971,13.3250,-1.6226,0.6481,12.9605,-0.9200,1.7433,14.7007,-2.2724,1.3588,13.6963,-1.4839
-0.5224,0.0264,18.2807,-0.8164,0.6511,19.6244,-1.2221,1.4096,21.2634,-0.9123,0.7679,19.6930,-0.8447,0.6847,19.6955,-0.9695,0.8501,19.6778,-0.9831,0.8752,19.5603,-1.6896,1.8275,22.1851,-1.5644,1.7228,21.9290,-2.0435,2.1200,22.9748,-2.2648,2.2766,23.3833,-0.8616,0.7041,19.7630,-0.8680,0.7142,19.6954,-0.9139,0.7683,19.6914,-0.9226,0.7701,19.6938,-0.9700,0.8491,19.7055,-0.9849,0.8784,19.5477,-0.9824,0.8768,19.5196,-0.9692,0.8507,19.6630,-1.6157,1.5992,21.9060,-2.0282,1.8234,22.5299,-2.0209,1.8157,22.5042,-1.4878,1.6562,21.7943,-1.5629,1.7253,21.8638,-1.7036,1.8406,22.2460,-1.8052,1.9194,22.4054,-1.9963,2.0750,22.8065,-2.0619,2.1370,23.0539,-2.0416,2.1220,22.8889,-2.1463,2.1743,23.0520,-2.2170,2.2288,23.2142,-2.2833,2.2935,23.4634,-2.2808,2.2923,23.4419,-0.8449,0.6859,19.6630,-2.0160,1.8144,22.5027,-1.5644,1.7228,21.9310
14.5283,-0.2038,0.2713,15.7181,-0.5927,0.7989,17.3902,-1.1124,1.5196,15.7672,-0.6581,0.8852,15.7019,-0.5978,0.8069,15.7005,-0.6768,0.8940,15.6831,-0.7013,0.8963,19.7579,-2.5776,2.8409,19.4947,-2.4732,2.6990,20.3450,-2.8260,3.1907,20.9613,-3.0241,3.4760,15.6882,-0.5972,0.8103,15.7278,-0.6185,0.8361,15.7847,-0.6636,0.8925,15.8813,-0.6922,0.9321,15.7030,-0.6741,0.8943,15.6807,-0.7042,0.8966,15.6815,-0.7069,0.8960,15.7000,-0.6786,0.8939,17.4634,-1.1378,1.5560,17.5482,-1.1714,1.6025,17.5655,-1.1725,1.6039,18.9517,-2.1316,2.4006,19.4964,-2.4851,2.7004,19.7427,-2.5757,2.8433,20.0373,-2.6830,2.9828,20.3953,-2.8240,3.1817,20.3241,-2.8236,3.1937,20.3552,-2.8469,3.1932,20.8982,-2.9872,3.3986,21.0196,-3.0316,3.4677,20.9387,-3.0216,3.4790,20.9420,-3.0216,3.4789,15.7072,-0.6027,0.8087,17.5297,-1.1631,1.5916,32.0416,-2.4732,2.6992
0.0430,11.9605,-0.6754,0.5273,12.7167,-1.0446,1.1390,13.6101,-1.5353,0.6813,12.9211,-1.1643,0.5519,12.7627,-1.0683,0.8208,13.1796,-1.2727,0.9252,13.4783,-1.3583,2.0022,14.7586,-2.9555,1.9755,14.8321,-2.9196,2.0948,14.6450,-3.0881,2.1090,14.4159,-3.1069,0.5528,12.7599,-1.0735,0.5909,12.7961,-1.0967,0.6831,12.9188,-1.1650,0.6866,12.8908,-1.1646,0.8048,13.1457,-1.2622,0.9372,13.5131,-1.3680,0.9478,13.5455,-1.3753,0.8289,13.2020,-1.2785,1.1509,13.6056,-1.5482,1.1701,13.6075,-1.5634,1.1638,13.5899,-1.5554,1.7612,14.5259,-2.5701,2.0115,14.9124,-2.9466,2.0041,14.7574,-2.9636,2.0276,14.6875,-2.9866,2.0714,14.5978,-3.0466,2.0973,14.6439,-3.0987,2.1358,14.7705,-3.1234,2.0922,14.4639,-3.0666,2.1021,14.4215,-3.0844,2.1114,14.4150,-3.1175,2.1113,14.4139,-3.1147,0.5703,12.8038,-1.0805,1.1625,13.5983,-1.5556,1.9755,26.1292,-2.9198
-0.6501,0.0074,18.5914,-0.9500,0.6415,19.9481,-1.3625,1.4106,21.6009,-1.0494,0.7615,20.0173,-0.9788,0.6759,20.0205,-1.1078,0.8457,20.0017,-1.1222,0.8717,19.8819,-2.9890,2.4405,24.2811,-2.8352,2.3221,23.9783,-3.4195,2.7655,25.2160,-3.6966,2.9506,25.6971,-0.9959,0.6957,20.0894,-1.0032,0.7063,20.0202,-1.0513,0.7620,20.0157,-1.0615,0.7642,20.0178,-1.1082,0.8446,20.0300,-1.1241,0.8751,19.8691,-1.1216,0.8735,19.8404,-1.1076,0.8463,19.9866,-1.3939,1.4335,21.6721,-1.4243,1.4572,21.7136,-1.4177,1.4487,21.6908,-2.4704,2.1059,23.4085,-2.8321,2.3217,23.9045,-3.0052,2.4542,24.3529,-3.1319,2.5453,24.5424,-3.3657,2.7202,25.0164,-3.4407,2.7834,25.3091,-3.4159,2.7618,25.1187,-3.5547,2.8378,25.3084,-3.6412,2.8996,25.4995,-3.7180,2.9685,25.7914,-3.7152,2.9673,25.7656,-0.9792,0.6773,19.9874,-1.4129,1.4478,21.6900,-2.8352,2.3221,37.5260