2.9817,-0.0005,0.0060,3.1130,-0.0263,0.0218,3.2660,-0.0552,0.0398,3.1406,-0.0367,0.0221,3.1135,-0.0267,0.0219,3.1214,-0.0372,0.0224,3.1012,-0.0379,0.0225,3.5044,-0.0998,0.0382,3.4344,-0.0872,0.0388,3.6707,-0.1293,0.0372,3.8157,-0.1534,0.0352,3.1156,-0.0267,0.0219,3.1261,-0.0305,0.0220,3.1457,-0.0376,0.0220,3.1749,-0.0427,0.0215,3.1248,-0.0372,0.0224,3.0989,-0.0379,0.0225,3.0964,-0.0380,0.0225,3.1196,-0.0373,0.0224,3.2874,-0.0588,0.0393,3.3106,-0.0637,0.0391,3.3133,-0.0640,0.0389,3.3933,-0.0792,0.0391,3.4274,-0.0875,0.0388,3.5059,-0.0998,0.0383,3.5736,-0.1124,0.0376,3.6695,-0.1291,0.0367,3.6725,-0.1293,0.0373,3.6621,-0.1301,0.0373,3.7757,-0.1479,0.0350,3.8103,-0.1535,0.0347,3.8175,-0.1533,0.0353,3.8175,-0.1533,0.0353,3.1111,-0.0271,0.0218,3.3052,-0.0627,0.0392,3.4344,-0.0872,0.0388
0.0026,2.8562,-0.0008,0.0127,2.9466,-0.0225,0.0179,2.9963,-0.0328,0.0087,3.0398,-0.0483,0.0118,2.9624,-0.0267,0.0047,3.1256,-0.0729,-0.0007,3.2204,-0.0909,0.0172,3.0360,-0.0473,0.0171,3.0316,-0.0454,0.0167,3.0553,-0.0553,0.0181,3.0459,-0.0530,0.0118,2.9594,-0.0267,0.0111,2.9822,-0.0330,0.0087,3.0416,-0.0485,0.0088,3.0459,-0.0484,0.0052,3.1137,-0.0699,-0.0012,3.2312,-0.0930,-0.0018,3.2416,-0.0948,0.0043,3.1331,-0.0743,0.0176,3.0025,-0.0341,0.0173,3.0144,-0.0365,0.0175,3.0109,-0.0354,0.0173,3.0211,-0.0423,0.0163,3.0547,-0.0513,0.0172,3.0340,-0.0473,0.0173,3.0423,-0.0491,0.0173,3.0486,-0.0523,0.0167,3.0527,-0.0554,0.0149,3.0882,-0.0618,0.0179,3.0546,-0.0526,0.0180,3.0527,-0.0527,0.0181,3.0433,-0.0531,0.0181,3.0436,-0.0530,0.0111,2.9791,-0.0300,0.0175,3.0097,-0.0354,0.0171,3.0316,-0.0454
-0.0011,0.0037,3.4838,-0.0307,0.0178,3.6661,-0.0576,0.0299,3.8165,-0.0449,0.0146,3.7476,-0.0347,0.0164,3.6953,-0.0544,0.0124,3.8179,-0.0566,0.0120,3.8476,-0.1067,0.0170,4.0110,-0.0942,0.0203,3.9657,-0.1422,0.0071,4.1610,-0.1620,0.0029,4.2067,-0.0371,0.0155,3.7111,-0.0386,0.0159,3.7098,-0.0450,0.0146,3.7466,-0.0452,0.0146,3.7398,-0.0544,0.0124,3.8153,-0.0569,0.0119,3.8513,-0.0566,0.0121,3.8509,-0.0544,0.0125,3.8191,-0.0601,0.0290,3.8289,-0.0627,0.0282,3.8385,-0.0617,0.0286,3.8304,-0.0864,0.0223,3.9360,-0.0941,0.0205,3.9707,-0.1083,0.0163,4.0223,-0.1177,0.0142,4.0480,-0.1367,0.0093,4.1201,-0.1444,0.0062,4.1759,-0.1421,0.0075,4.1665,-0.1487,0.0066,4.1479,-0.1557,0.0048,4.1735,-0.1642,0.0020,4.2219,-0.1641,0.0022,4.2177,-0.0347,0.0164,3.6975,-0.0616,0.0286,3.8322,-0.0942,0.0203,3.9657
2.9933,-0.0133,0.0332,4.2251,-0.2898,0.0417,4.4024,-0.3232,0.0641,4.2578,-0.3056,0.0439,4.2255,-0.2913,0.0425,4.2358,-0.3109,0.0467,4.2134,-0.3173,0.0481,4.6786,-0.3709,0.0622,4.5974,-0.3578,0.0631,4.8708,-0.4023,0.0610,5.0395,-0.4262,0.0569,4.2276,-0.2911,0.0428,4.2403,-0.2961,0.0429,4.2641,-0.3067,0.0436,4.2994,-0.3120,0.0423,4.2395,-0.3102,0.0465,4.2109,-0.3180,0.0483,4.2081,-0.3187,0.0483,4.2338,-0.3114,0.0468,4.4279,-0.3271,0.0634,4.4554,-0.3328,0.0629,4.4587,-0.3329,0.0626,4.5496,-0.3491,0.0636,4.5896,-0.3594,0.0636,4.6800,-0.3708,0.0625,4.7590,-0.3841,0.0609,4.8700,-0.4016,0.0596,4.8726,-0.4022,0.0614,4.8614,-0.4051,0.0615,4.9942,-0.4211,0.0562,5.0342,-0.4267,0.0557,5.0413,-0.4261,0.0573,5.0413,-0.4261,0.0572,4.2231,-0.2926,0.0426,4.4489,-0.3315,0.0630,4.5974,-0.3578,0.0631
0.0259,2.8633,-0.0228,-0.0803,3.9785,-0.3207,-0.0716,4.0329,-0.3381,-0.0863,4.0881,-0.3510,-0.0815,3.9980,-0.3265,-0.0931,4.1903,-0.3795,-0.1011,4.3048,-0.3992,-0.0683,4.0758,-0.3624,-0.0698,4.0718,-0.3583,-0.0658,4.0965,-0.3780,-0.0612,4.0820,-0.3777,-0.0813,3.9947,-0.3275,-0.0826,4.0205,-0.3336,-0.0863,4.0901,-0.3511,-0.0860,4.0941,-0.3507,-0.0922,4.1763,-0.3764,-0.1020,4.3177,-0.4015,-0.1029,4.3303,-0.4033,-0.0937,4.1993,-0.3810,-0.0717,4.0398,-0.3401,-0.0720,4.0533,-0.3430,-0.0716,4.0489,-0.3415,-0.0701,4.0602,-0.3537,-0.0713,4.0991,-0.3646,-0.0682,4.0736,-0.3631,-0.0670,4.0818,-0.3660,-0.0651,4.0878,-0.3728,-0.0657,4.0937,-0.3790,-0.0686,4.1361,-0.3848,-0.0626,4.0922,-0.3743,-0.0617,4.0895,-0.3757,-0.0611,4.0792,-0.3786,-0.0611,4.0795,-0.3783,-0.0827,4.0181,-0.3300,-0.0717,4.0477,-0.3416,-0.0698,4.0718,-0.3583
-0.0109,0.0227,3.5077,-0.3024,-0.0964,4.8276,-0.3385,-0.0828,5.0009,-0.3181,-0.1004,4.9198,-0.3065,-0.0984,4.8617,-0.3268,-0.1033,4.9982,-0.3281,-0.1041,5.0301,-0.4001,-0.0999,5.2312,-0.3840,-0.0956,5.1772,-0.4444,-0.1131,5.4097,-0.4717,-0.1183,5.4654,-0.3090,-0.0997,4.8807,-0.3110,-0.0988,4.8775,-0.3184,-0.1003,4.9186,-0.3202,-0.1000,4.9112,-0.3270,-0.1035,4.9957,-0.3282,-0.1042,5.0341,-0.3278,-0.1040,5.0331,-0.3267,-0.1033,4.9993,-0.3422,-0.0840,5.0160,-0.3459,-0.0848,5.0273,-0.3451,-0.0842,5.0179,-0.3741,-0.0931,5.1420,-0.3836,-0.0952,5.1819,-0.4018,-0.1010,5.2447,-0.4147,-0.1034,5.2756,-0.4387,-0.1100,5.3613,-0.4467,-0.1144,5.4275,-0.4439,-0.1128,5.4149,-0.4562,-0.1130,5.3956,-0.4650,-0.1154,5.4263,-0.4741,-0.1196,5.4835,-0.4740,-0.1193,5.4784,-0.3064,-0.0983,4.8638,-0.3446,-0.0843,5.0199,-0.3840,-0.0956,5.1772
3.0071,-0.0193,0.0573,4.2491,-0.2987,0.0689,5.9560,-0.6762,0.0795,4.2821,-0.3148,0.0713,4.2495,-0.3002,0.0697,4.2598,-0.3204,0.0742,4.2373,-0.3269,0.0757,6.2836,-0.7282,0.0767,6.1872,-0.7144,0.0784,6.5112,-0.7620,0.0750,6.7122,-0.7857,0.0679,4.2516,-0.3001,0.0701,4.2644,-0.3052,0.0701,4.2884,-0.3159,0.0710,4.3240,-0.3213,0.0697,4.2636,-0.3196,0.0740,4.2347,-0.3276,0.0759,4.2319,-0.3283,0.0760,4.2579,-0.3209,0.0743,5.9872,-0.6807,0.0787,6.0204,-0.6874,0.0777,6.0246,-0.6872,0.0770,6.1303,-0.7047,0.0791,6.1784,-0.7177,0.0793,6.2851,-0.7280,0.0773,6.3795,-0.7422,0.0744,6.5110,-0.7606,0.0725,6.5129,-0.7617,0.0758,6.5006,-0.7674,0.0761,6.6597,-0.7810,0.0666,6.7069,-0.7866,0.0659,6.7139,-0.7854,0.0687,6.7140,-0.7854,0.0686,4.2470,-0.3016,0.0698,6.0125,-0.6857,0.0778,6.1872,-0.7144,0.0784
0.0521,2.8561,-0.0419,-0.0513,3.9726,-0.3439,-0.2022,5.4312,-0.7419,-0.0571,4.0823,-0.3746,-0.0525,3.9921,-0.3499,-0.0639,4.1847,-0.4036,-0.0719,4.2993,-0.4234,-0.1937,5.4783,-0.7789,-0.1969,5.4749,-0.7719,-0.1872,5.5008,-0.8045,-0.1784,5.4794,-0.8067,-0.0523,3.9888,-0.3509,-0.0535,4.0147,-0.3571,-0.0571,4.0843,-0.3748,-0.0567,4.0884,-0.3744,-0.0630,4.1706,-0.4004,-0.0728,4.3122,-0.4257,-0.0737,4.3247,-0.4275,-0.0645,4.1937,-0.4051,-0.2022,5.4392,-0.7447,-0.2024,5.4547,-0.7482,-0.2019,5.4491,-0.7462,-0.1980,5.4619,-0.7653,-0.1996,5.5077,-0.7786,-0.1935,5.4758,-0.7804,-0.1908,5.4838,-0.7848,-0.1864,5.4892,-0.7963,-0.1868,5.4977,-0.8065,-0.1914,5.5492,-0.8116,-0.1814,5.4914,-0.7994,-0.1794,5.4877,-0.8025,-0.1780,5.4763,-0.8087,-0.1780,5.4766,-0.8081,-0.0536,4.0122,-0.3533,-0.2020,5.4480,-0.7464,-0.1969,5.4749,-0.7719
-0.0220,0.0316,3.5377,-0.3194,-0.0873,4.8700,-0.7211,-0.2568,6.6161,-0.3354,-0.0912,4.9631,-0.3235,-0.0893,4.9044,-0.3442,-0.0940,5.0422,-0.3454,-0.0947,5.0745,-0.7994,-0.2796,6.8945,-0.7784,-0.2740,6.8286,-0.8555,-0.2974,7.1114,-0.8929,-0.3039,7.1807,-0.3261,-0.0906,4.9236,-0.3281,-0.0897,4.9204,-0.3357,-0.0911,4.9619,-0.3376,-0.0908,4.9544,-0.3444,-0.0942,5.0397,-0.3456,-0.0947,5.0785,-0.3451,-0.0945,5.0776,-0.3441,-0.0940,5.0434,-0.7263,-0.2583,6.6347,-0.7316,-0.2592,6.6485,-0.7309,-0.2584,6.6372,-0.7657,-0.2707,6.7862,-0.7775,-0.2734,6.8331,-0.8013,-0.2811,6.9110,-0.8188,-0.2842,6.9488,-0.8496,-0.2928,7.0530,-0.8580,-0.2992,7.1332,-0.8544,-0.2971,7.1162,-0.8744,-0.2964,7.0962,-0.8856,-0.2997,7.1337,-0.8954,-0.3057,7.2028,-0.8954,-0.3054,7.1963,-0.3234,-0.0892,4.9065,-0.7298,-0.2585,6.6395,-0.7784,-0.2740,6.8286
3.0127,-0.0403,0.0451,4.2488,-0.3209,0.0556,4.4268,-0.3546,0.0781,7.0134,-0.4630,-0.7025,4.2492,-0.3225,0.0564,6.9830,-0.4750,-0.6959,6.9549,-0.4891,-0.6908,4.7042,-0.4026,0.0764,4.6226,-0.3895,0.0773,4.8972,-0.4342,0.0753,5.0666,-0.4581,0.0712,4.2513,-0.3224,0.0568,5.3811,-0.3785,-0.2544,7.0222,-0.4643,-0.7030,7.0718,-0.4704,-0.7060,6.9877,-0.4732,-0.6968,6.9517,-0.4907,-0.6902,6.9484,-0.4923,-0.6896,6.9806,-0.4761,-0.6954,4.4524,-0.3585,0.0775,4.4800,-0.3643,0.0770,4.4833,-0.3644,0.0766,4.5746,-0.3807,0.0778,4.6148,-0.3912,0.0777,4.7056,-0.4025,0.0767,4.7849,-0.4159,0.0751,4.8964,-0.4334,0.0739,4.8990,-0.4341,0.0758,4.8878,-0.4372,0.0758,5.0211,-0.4529,0.0705,5.0612,-0.4585,0.0701,5.0684,-0.4579,0.0717,5.0684,-0.4579,0.0716,4.2468,-0.3239,0.0565,4.4735,-0.3630,0.0771,4.6226,-0.3895,0.0773
0.0341,2.8906,-0.0402,-0.0722,4.0150,-0.3430,-0.0634,4.0698,-0.3609,-0.9773,6.8725,-0.5565,-0.0734,4.0347,-0.3490,-0.9894,7.0156,-0.5938,-1.0034,7.1802,-0.6173,-0.0600,4.1133,-0.3860,-0.0615,4.1092,-0.3817,-0.0574,4.1343,-0.4022,-0.0527,4.1197,-0.4020,-0.0732,4.0313,-0.3500,-0.4416,5.1770,-0.4305,-0.9779,6.8749,-0.5564,-0.9804,6.8781,-0.5547,-0.9876,6.9962,-0.5901,-1.0049,7.1987,-0.6201,-1.0066,7.2165,-0.6220,-0.9905,7.0285,-0.5955,-0.0635,4.0769,-0.3630,-0.0637,4.0904,-0.3659,-0.0634,4.0860,-0.3644,-0.0618,4.0975,-0.3770,-0.0630,4.1367,-0.3880,-0.0599,4.1111,-0.3867,-0.0586,4.1193,-0.3898,-0.0567,4.1254,-0.3969,-0.0573,4.1315,-0.4032,-0.0602,4.1742,-0.4091,-0.0542,4.1299,-0.3985,-0.0532,4.1272,-0.4000,-0.0526,4.1169,-0.4030,-0.0526,4.1172,-0.4027,-0.0746,4.0549,-0.3524,-0.0635,4.0848,-0.3645,-0.0615,4.1092,-0.3817
-0.0211,0.0414,3.5095,-0.3141,-0.0784,4.8339,-0.3507,-0.0648,5.0079,-0.5032,-1.0047,7.7451,-0.3183,-0.0804,4.8681,-0.5081,-1.0185,7.8405,-0.5053,-1.0311,7.8764,-0.4130,-0.0819,5.2390,-0.3967,-0.0776,5.1848,-0.4578,-0.0952,5.4182,-0.4855,-0.1004,5.4742,-0.3208,-0.0817,4.8872,-0.3939,-0.4568,6.0362,-0.5039,-1.0045,7.7435,-0.5081,-1.0030,7.7344,-0.5089,-1.0177,7.8384,-0.5050,-1.0325,7.8809,-0.5041,-1.0332,7.8788,-0.5076,-1.0192,7.8414,-0.3544,-0.0660,5.0230,-0.3582,-0.0668,5.0344,-0.3573,-0.0662,5.0250,-0.3867,-0.0751,5.1495,-0.3963,-0.0772,5.1896,-0.4147,-0.0830,5.2526,-0.4277,-0.0855,5.2836,-0.4521,-0.0920,5.3697,-0.4601,-0.0965,5.4361,-0.4573,-0.0947,5.4235,-0.4698,-0.0951,5.4041,-0.4787,-0.0976,5.4349,-0.4878,-0.1017,5.4923,-0.4877,-0.1015,5.4872,-0.3182,-0.0803,4.8702,-0.3568,-0.0663,5.0270,-0.3967,-0.0776,5.1848
2.9940,-0.0179,0.0365,4.2259,-0.2949,0.0453,4.4033,-0.3283,0.0676,4.2587,-0.3108,0.0474,6.2285,-0.3143,-0.3684,4.2366,-0.3162,0.0502,4.2143,-0.3226,0.0516,4.6795,-0.3761,0.0657,4.5983,-0.3630,0.0667,4.8718,-0.4075,0.0646,5.0405,-0.4314,0.0605,6.2303,-0.3138,-0.3686,4.2412,-0.3012,0.0464,4.2649,-0.3118,0.0472,4.3003,-0.3172,0.0458,4.2404,-0.3154,0.0500,4.2118,-0.3233,0.0518,4.2090,-0.3240,0.0518,4.2347,-0.3167,0.0503,4.4288,-0.3322,0.0670,4.4563,-0.3379,0.0665,4.4596,-0.3380,0.0661,4.5505,-0.3542,0.0672,4.5905,-0.3646,0.0671,4.6810,-0.3760,0.0661,4.7600,-0.3893,0.0645,4.8710,-0.4067,0.0632,4.8736,-0.4074,0.0651,4.8624,-0.4103,0.0651,4.9952,-0.4263,0.0598,5.0352,-0.4318,0.0594,5.0423,-0.4312,0.0610,5.0423,-0.4313,0.0609,6.2259,-0.3162,-0.3679,4.4498,-0.3366,0.0665,4.5983,-0.3630,0.0667
0.0263,2.8724,-0.0280,-0.0798,3.9899,-0.3274,-0.0711,4.0444,-0.3450,-0.0859,4.0997,-0.3578,-0.5538,6.0077,-0.3798,-0.0927,4.2022,-0.3864,-0.1007,4.3170,-0.4061,-0.0678,4.0875,-0.3694,-0.0693,4.0834,-0.3653,-0.0653,4.1082,-0.3852,-0.0607,4.0937,-0.3849,-0.5533,6.0039,-0.3813,-0.0821,4.0321,-0.3404,-0.0859,4.1017,-0.3579,-0.0856,4.1058,-0.3575,-0.0918,4.1881,-0.3833,-0.1016,4.3299,-0.4084,-0.1025,4.3425,-0.4102,-0.0933,4.2113,-0.3879,-0.0712,4.0514,-0.3469,-0.0715,4.0649,-0.3499,-0.0711,4.0604,-0.3484,-0.0696,4.0718,-0.3606,-0.0708,4.1108,-0.3715,-0.0677,4.0852,-0.3701,-0.0665,4.0934,-0.3731,-0.0646,4.0994,-0.3799,-0.0651,4.1054,-0.3862,-0.0681,4.1478,-0.3920,-0.0621,4.1038,-0.3815,-0.0612,4.1012,-0.3829,-0.0605,4.0909,-0.3859,-0.0605,4.0912,-0.3855,-0.5559,6.0336,-0.3834,-0.0712,4.0593,-0.3485,-0.0693,4.0834,-0.3653
-0.0113,0.0256,3.5115,-0.3032,-0.0939,4.8337,-0.3394,-0.0803,5.0074,-0.3190,-0.0979,4.9262,-0.3510,-0.5787,6.9375,-0.3278,-0.1008,5.0047,-0.3290,-0.1016,5.0367,-0.4012,-0.0975,5.2380,-0.3850,-0.0932,5.1839,-0.4457,-0.1107,5.4169,-0.4730,-0.1159,5.4727,-0.3537,-0.5807,6.9615,-0.3119,-0.0964,4.8838,-0.3193,-0.0978,4.9249,-0.3211,-0.0975,4.9175,-0.3279,-0.1010,5.0022,-0.3292,-0.1017,5.0406,-0.3288,-0.1014,5.0397,-0.3277,-0.1008,5.0058,-0.3432,-0.0815,5.0225,-0.3469,-0.0823,5.0338,-0.3460,-0.0817,5.0244,-0.3751,-0.0906,5.1487,-0.3846,-0.0928,5.1887,-0.4029,-0.0985,5.2516,-0.4158,-0.1010,5.2825,-0.4399,-0.1075,5.3684,-0.4479,-0.1120,5.4348,-0.4451,-0.1103,5.4221,-0.4574,-0.1106,5.4028,-0.4662,-0.1130,5.4335,-0.4753,-0.1172,5.4908,-0.4752,-0.1169,5.4857,-0.3505,-0.5796,6.9391,-0.3455,-0.0818,5.0264,-0.3850,-0.0932,5.1839
3.0249,-0.0657,0.0531,4.2613,-0.3497,0.0656,4.4394,-0.3835,0.0881,7.0268,-0.5001,-0.6882,4.2617,-0.3514,0.0664,11.3203,-0.7107,-1.8851,9.4336,-0.6493,-1.3593,4.7171,-0.4316,0.0865,4.6355,-0.4185,0.0874,4.9104,-0.4632,0.0855,5.0799,-0.4869,0.0814,4.2638,-0.3512,0.0668,5.3939,-0.4107,-0.2427,7.0356,-0.5014,-0.6887,7.0853,-0.5075,-0.6916,9.4724,-0.6253,-1.3693,9.4297,-0.6517,-1.3584,9.4259,-0.6542,-1.3572,11.3172,-0.7128,-1.8841,4.4651,-0.3874,0.0875,4.4927,-0.3932,0.0870,4.4961,-0.3933,0.0866,4.5875,-0.4096,0.0878,4.6277,-0.4203,0.0878,4.7186,-0.4315,0.0868,4.7980,-0.4448,0.0852,4.9096,-0.4623,0.0841,4.9121,-0.4631,0.0860,4.9010,-0.4664,0.0860,5.0344,-0.4818,0.0806,5.0746,-0.4874,0.0802,5.0817,-0.4868,0.0819,5.0817,-0.4868,0.0818,4.2593,-0.3529,0.0665,4.4862,-0.3919,0.0871,4.6355,-0.4185,0.0874
0.0343,2.9222,-0.0522,-0.0720,4.0559,-0.3595,-0.0631,4.1112,-0.3778,-0.9826,6.9375,-0.5794,-0.0732,4.0758,-0.3656,-2.4199,11.4730,-0.9127,-1.8307,9.8097,-0.8147,-0.0597,4.1551,-0.4034,-0.0612,4.1510,-0.3990,-0.0571,4.1763,-0.4201,-0.0523,4.1616,-0.4200,-0.0731,4.0724,-0.3666,-0.4436,5.2277,-0.4496,-0.9832,6.9399,-0.5793,-0.9857,6.9432,-0.5775,-1.8086,9.5750,-0.7835,-1.8329,9.8334,-0.8179,-1.8352,9.8560,-0.8200,-2.4218,11.4919,-0.9147,-0.0632,4.1183,-0.3799,-0.0635,4.1320,-0.3829,-0.0631,4.1275,-0.3813,-0.0615,4.1391,-0.3942,-0.0627,4.1787,-0.4054,-0.0596,4.1528,-0.4042,-0.0583,4.1612,-0.4073,-0.0563,4.1674,-0.4146,-0.0569,4.1735,-0.4211,-0.0599,4.2165,-0.4269,-0.0538,4.1719,-0.4163,-0.0528,4.1692,-0.4179,-0.0522,4.1588,-0.4210,-0.0522,4.1591,-0.4207,-0.0744,4.0962,-0.3690,-0.0632,4.1263,-0.3814,-0.0612,4.1510,-0.3990
-0.0212,0.0590,3.4985,-0.3138,-0.0621,4.8251,-0.3504,-0.0484,4.9995,-0.4981,-0.9937,7.7399,-0.3180,-0.0641,4.8594,-0.7681,-2.4871,12.3196,-0.6476,-1.8777,10.4402,-0.4130,-0.0655,5.2309,-0.3966,-0.0612,5.1766,-0.4581,-0.0787,5.4103,-0.4858,-0.0840,5.4663,-0.3205,-0.0654,4.8785,-0.3916,-0.4426,6.0289,-0.4988,-0.9936,7.7383,-0.5029,-0.9920,7.7292,-0.6555,-1.8526,10.3989,-0.6469,-1.8803,10.4453,-0.6456,-1.8820,10.4421,-0.7671,-2.4892,12.3201,-0.3542,-0.0496,5.0146,-0.3580,-0.0504,5.0260,-0.3571,-0.0498,5.0165,-0.3866,-0.0587,5.1413,-0.3963,-0.0608,5.1815,-0.4148,-0.0666,5.2445,-0.4278,-0.0691,5.2755,-0.4523,-0.0756,5.3617,-0.4604,-0.0800,5.4282,-0.4576,-0.0782,5.4156,-0.4701,-0.0787,5.3961,-0.4790,-0.0812,5.4270,-0.4882,-0.0853,5.4844,-0.4881,-0.0850,5.4793,-0.3179,-0.0639,4.8615,-0.3566,-0.0499,5.0186,-0.3966,-0.0612,5.1766
3.0402,-0.0861,0.0550,4.2773,-0.3729,0.0690,4.4556,-0.4068,0.0916,7.0448,-0.5309,-0.6811,4.2778,-0.3747,0.0698,9.4866,-0.6658,-1.3572,14.0511,-0.7393,-2.2937,4.7337,-0.4550,0.0898,4.6520,-0.4419,0.0908,4.9272,-0.4866,0.0888,5.0969,-0.5102,0.0847,4.2798,-0.3746,0.0702,5.4108,-0.4370,-0.2377,7.0536,-0.5321,-0.6816,7.1034,-0.5382,-0.6846,9.4921,-0.6630,-1.3588,14.0462,-0.7425,-2.2923,14.0416,-0.7459,-2.2903,9.4837,-0.6676,-1.3564,4.4814,-0.4108,0.0909,4.5090,-0.4166,0.0904,4.5124,-0.4167,0.0900,4.6038,-0.4330,0.0912,4.6442,-0.4438,0.0911,4.7351,-0.4549,0.0902,4.8146,-0.4682,0.0886,4.9264,-0.4856,0.0874,4.9289,-0.4864,0.0893,4.9178,-0.4899,0.0893,5.0513,-0.5051,0.0839,5.0915,-0.5107,0.0835,5.0986,-0.5100,0.0852,5.0987,-0.5100,0.0851,4.2753,-0.3763,0.0699,4.5025,-0.4153,0.0905,4.6520,-0.4419,0.0908
0.0346,2.9508,-0.0556,-0.0725,4.0947,-0.3662,-0.0635,4.1506,-0.3848,-0.9907,7.0027,-0.5893,-0.0737,4.1148,-0.3724,-1.8265,9.6887,-0.8005,-2.9440,14.6291,-0.9448,-0.0600,4.1949,-0.4107,-0.0615,4.1907,-0.4062,-0.0574,4.2163,-0.4276,-0.0526,4.2014,-0.4275,-0.0735,4.1114,-0.3734,-0.4472,5.2773,-0.4577,-0.9913,7.0051,-0.5892,-0.9939,7.0084,-0.5874,-1.8238,9.6642,-0.7963,-2.9473,14.6617,-0.9485,-2.9508,14.6928,-0.9506,-1.8281,9.7053,-0.8024,-0.0636,4.1577,-0.3869,-0.0638,4.1716,-0.3899,-0.0635,4.1670,-0.3883,-0.0619,4.1788,-0.4013,-0.0631,4.2187,-0.4126,-0.0599,4.1926,-0.4115,-0.0586,4.2010,-0.4146,-0.0566,4.2073,-0.4220,-0.0572,4.2134,-0.4286,-0.0602,4.2569,-0.4345,-0.0541,4.2118,-0.4237,-0.0530,4.2091,-0.4254,-0.0524,4.1986,-0.4286,-0.0524,4.1989,-0.4282,-0.0749,4.1354,-0.3758,-0.0636,4.1658,-0.3884,-0.0615,4.1907,-0.4062
-0.0213,0.0712,3.4857,-0.3131,-0.0509,4.8121,-0.3498,-0.0372,4.9865,-0.4933,-0.9860,7.7258,-0.3173,-0.0528,4.8464,-0.6456,-1.8497,10.3856,-0.7253,-3.0156,15.1937,-0.4125,-0.0543,5.2179,-0.3961,-0.0499,5.1637,-0.4576,-0.0674,5.3972,-0.4854,-0.0728,5.4531,-0.3198,-0.0541,4.8655,-0.3893,-0.4328,6.0155,-0.4940,-0.9858,7.7242,-0.4981,-0.9843,7.7150,-0.6471,-1.8480,10.3838,-0.7241,-3.0200,15.1996,-0.7221,-3.0228,15.1945,-0.6449,-1.8512,10.3864,-0.3536,-0.0384,5.0016,-0.3573,-0.0392,5.0131,-0.3565,-0.0386,5.0036,-0.3860,-0.0474,5.1283,-0.3957,-0.0495,5.1685,-0.4143,-0.0553,5.2315,-0.4273,-0.0578,5.2625,-0.4518,-0.0643,5.3486,-0.4599,-0.0687,5.4151,-0.4571,-0.0669,5.4026,-0.4696,-0.0675,5.3830,-0.4785,-0.0699,5.4139,-0.4878,-0.0741,5.4713,-0.4877,-0.0738,5.4662,-0.3172,-0.0526,4.8486,-0.3560,-0.0387,5.0056,-0.3961,-0.0499,5.1637
3.0259,-0.0339,0.0953,4.2848,-0.3168,0.1079,6.0151,-0.6989,0.1198,4.3184,-0.3335,0.1104,4.2853,-0.3184,0.1088,4.2959,-0.3394,0.1134,4.2731,-0.3463,0.1148,9.9409,-0.8975,-0.8885,8.8048,-0.8424,-0.5969,10.2436,-0.9322,-0.9100,10.5146,-0.9556,-0.9310,4.2875,-0.3183,0.1093,4.3005,-0.3235,0.1092,4.3248,-0.3346,0.1101,4.3608,-0.3401,0.1088,4.2998,-0.3386,0.1132,4.2705,-0.3471,0.1150,4.2676,-0.3478,0.1150,4.2939,-0.3399,0.1134,6.0467,-0.7035,0.1189,6.0804,-0.7103,0.1181,6.0846,-0.7101,0.1173,8.1033,-0.8059,-0.4156,8.7940,-0.8476,-0.5947,9.9421,-0.8968,-0.8888,10.0698,-0.9124,-0.8978,10.2453,-0.9310,-0.9103,10.2450,-0.9313,-0.9104,10.2300,-0.9411,-0.9068,10.4468,-0.9531,-0.9265,10.5097,-0.9583,-0.9312,10.5161,-0.9547,-0.9315,10.5163,-0.9548,-0.9310,4.2828,-0.3199,0.1089,6.0724,-0.7086,0.1181,8.8048,-0.8424,-0.5969
0.0892,2.8645,-0.0967,-0.0122,3.9836,-0.4067,-0.1605,5.4454,-0.8149,-0.0180,4.0939,-0.4381,-0.0134,4.0032,-0.4129,-0.0248,4.1967,-0.4675,-0.0328,4.3117,-0.4876,-1.3065,8.9431,-1.0905,-0.9780,7.9580,-1.0167,-1.3049,8.9669,-1.1287,-1.3002,8.9269,-1.1317,-0.0133,3.9999,-0.4141,-0.0144,4.0259,-0.4202,-0.0180,4.0959,-0.4382,-0.0175,4.1000,-0.4378,-0.0239,4.1826,-0.4644,-0.0337,4.3247,-0.4899,-0.0346,4.3373,-0.4917,-0.0254,4.2058,-0.4691,-0.1604,5.4535,-0.8179,-0.1606,5.4692,-0.8216,-0.1601,5.4635,-0.8194,-0.7719,7.3279,-0.9675,-0.9822,8.0001,-1.0244,-1.3057,8.9401,-1.0933,-1.3063,8.9464,-1.0987,-1.3047,8.9488,-1.1158,-1.3039,8.9630,-1.1324,-1.3120,9.0362,-1.1371,-1.3046,8.9445,-1.1186,-1.3030,8.9376,-1.1237,-1.2992,8.9231,-1.1354,-1.2993,8.9234,-1.1343,-0.0146,4.0234,-0.4164,-0.1602,5.4624,-0.8197,-0.9780,7.9580,-1.0167
-0.0694,0.0420,3.6217,-0.3790,-0.0758,4.9767,-0.7975,-0.2439,6.7526,-0.3956,-0.0797,5.0716,-0.3833,-0.0779,5.0118,-0.4044,-0.0826,5.1521,-0.4056,-0.0831,5.1849,-1.1376,-1.4360,10.7258,-1.0396,-1.0980,9.5990,-1.2172,-1.4625,11.0250,-1.2754,-1.4664,11.1223,-0.3859,-0.0792,5.0313,-0.3881,-0.0783,5.0281,-0.3960,-0.0797,5.0704,-0.3981,-0.0793,5.0628,-0.4046,-0.0827,5.1496,-0.4057,-0.0831,5.1890,-0.4053,-0.0828,5.1881,-0.4043,-0.0825,5.1533,-0.8030,-0.2454,6.7715,-0.8086,-0.2464,6.7856,-0.8079,-0.2455,6.7742,-0.9802,-0.8857,8.8963,-1.0373,-1.0990,9.6029,-1.1398,-1.4383,10.7490,-1.1665,-1.4415,10.8010,-1.2110,-1.4535,10.9444,-1.2200,-1.4654,11.0556,-1.2139,-1.4667,11.0285,-1.2501,-1.4555,11.0057,-1.2665,-1.4596,11.0578,-1.2783,-1.4693,11.1532,-1.2783,-1.4688,11.1436,-0.3832,-0.0777,5.0139,-0.8067,-0.2457,6.7765,-1.0396,-1.0980,9.5990
3.0210,-0.0321,0.0858,4.2750,-0.3142,0.0983,5.9985,-0.6953,0.1101,4.3084,-0.3308,0.1007,4.2755,-0.3158,0.0992,4.2860,-0.3366,0.1037,4.2633,-0.3435,0.1052,8.8976,-0.8539,-0.6102,8.7778,-0.8398,-0.6032,9.1788,-0.8883,-0.6260,9.4298,-0.9118,-0.6431,4.2776,-0.3157,0.0997,4.2906,-0.3209,0.0996,4.3148,-0.3319,0.1005,4.3507,-0.3374,0.0992,4.2898,-0.3358,0.1036,4.2607,-0.3442,0.1054,4.2578,-0.3449,0.1054,4.2840,-0.3371,0.1038,6.0300,-0.6999,0.1092,6.0636,-0.7067,0.1083,6.0678,-0.7065,0.1076,8.0789,-0.8031,-0.4228,8.7671,-0.8450,-0.6010,8.8989,-0.8533,-0.6103,9.0170,-0.8685,-0.6175,9.1800,-0.8870,-0.6269,9.1804,-0.8876,-0.6261,9.1661,-0.8962,-0.6234,9.3664,-0.9087,-0.6402,9.4248,-0.9139,-0.6438,9.4314,-0.9110,-0.6431,9.4316,-0.9111,-0.6428,4.2730,-0.3173,0.0993,6.0556,-0.7050,0.1084,8.7778,-0.8398,-0.6032
0.0787,2.8657,-0.0831,-0.0232,3.9848,-0.3914,-0.1722,5.4468,-0.7974,-0.0290,4.0951,-0.4227,-0.0244,4.0044,-0.3976,-0.0358,4.1978,-0.4520,-0.0439,4.3128,-0.4720,-0.9888,7.9610,-1.0062,-0.9904,7.9597,-0.9969,-0.9859,7.9844,-1.0409,-0.9799,7.9497,-1.0437,-0.0243,4.0011,-0.3987,-0.0255,4.0271,-0.4049,-0.0290,4.0971,-0.4228,-0.0285,4.1012,-0.4224,-0.0349,4.1837,-0.4488,-0.0448,4.3258,-0.4743,-0.0457,4.3384,-0.4762,-0.0365,4.2069,-0.4535,-0.1721,5.4549,-0.8004,-0.1723,5.4706,-0.8041,-0.1718,5.4649,-0.8019,-0.7842,7.3295,-0.9482,-0.9946,8.0018,-1.0045,-0.9882,7.9581,-1.0086,-0.9878,7.9649,-1.0137,-0.9854,7.9682,-1.0293,-0.9850,7.9807,-1.0441,-0.9921,8.0478,-1.0489,-0.9839,7.9657,-1.0322,-0.9823,7.9597,-1.0367,-0.9791,7.9461,-1.0469,-0.9792,7.9464,-1.0460,-0.0256,4.0246,-0.4010,-0.1720,5.4638,-0.8022,-0.9904,7.9597,-0.9969
-0.0559,0.0406,3.5978,-0.3621,-0.0776,4.9469,-0.7758,-0.2463,6.7150,-0.3785,-0.0815,5.0413,-0.3663,-0.0797,4.9818,-0.3873,-0.0843,5.1215,-0.3885,-0.0849,5.1542,-1.0399,-1.1056,9.6325,-1.0118,-1.0988,9.5486,-1.1127,-1.1296,9.9083,-1.1650,-1.1342,9.9975,-0.3689,-0.0810,5.0012,-0.3710,-0.0801,4.9980,-0.3789,-0.0815,5.0401,-0.3809,-0.0811,5.0325,-0.3875,-0.0845,5.1190,-0.3887,-0.0849,5.1582,-0.3882,-0.0847,5.1573,-0.3872,-0.0843,5.1226,-0.7813,-0.2479,6.7339,-0.7867,-0.2488,6.7479,-0.7861,-0.2479,6.7365,-0.9540,-0.8869,8.8491,-1.0096,-1.0998,9.5525,-1.0419,-1.1076,9.6537,-1.0660,-1.1108,9.7017,-1.1067,-1.1218,9.8340,-1.1155,-1.1322,9.9363,-1.1101,-1.1325,9.9121,-1.1416,-1.1243,9.8901,-1.1566,-1.1282,9.9380,-1.1678,-1.1368,10.0260,-1.1678,-1.1363,10.0173,-0.3662,-0.0795,4.9839,-0.7849,-0.2481,6.7388,-1.0118,-1.0988,9.5486
3.0354,-0.0418,0.1216,4.3055,-0.3267,0.1346,6.0510,-0.7113,0.1469,4.3394,-0.3437,0.1371,4.3060,-0.3283,0.1355,4.3168,-0.3498,0.1401,4.2938,-0.3569,0.1415,10.0098,-0.9067,-0.8722,8.8641,-0.8526,-0.5775,15.8305,-1.0697,-2.2485,13.4717,-1.0753,-1.7220,4.3082,-0.3282,0.1361,4.3213,-0.3335,0.1359,4.3458,-0.3448,0.1369,4.3822,-0.3504,0.1356,4.3207,-0.3490,0.1400,4.2911,-0.3577,0.1417,4.2883,-0.3584,0.1417,4.3148,-0.3503,0.1402,6.0829,-0.7159,0.1461,6.1170,-0.7229,0.1452,6.1212,-0.7226,0.1445,8.1568,-0.8166,-0.3943,8.8532,-0.8578,-0.5753,10.0111,-0.9060,-0.8726,11.1644,-0.9618,-1.1692,13.1493,-1.0510,-1.6885,15.8316,-1.0680,-2.2507,15.8128,-1.0827,-2.2424,13.3920,-1.0745,-1.7128,13.4671,-1.0793,-1.7207,13.4729,-1.0739,-1.7234,13.4733,-1.0740,-1.7224,4.3035,-0.3298,0.1356,6.1089,-0.7211,0.1452,8.8641,-0.8526,-0.5775
0.1140,2.8717,-0.1360,0.0141,3.9923,-0.4516,-0.1321,5.4561,-0.8671,0.0084,4.1030,-0.4835,0.0129,4.0120,-0.4581,0.0016,4.2061,-0.5133,-0.0065,4.3214,-0.5335,-1.2758,8.9589,-1.1550,-0.9480,7.9723,-1.0778,-2.8200,14.2803,-1.4381,-2.1861,11.6383,-1.3839,0.0131,4.0087,-0.4593,0.0119,4.0348,-0.4654,0.0084,4.1050,-0.4836,0.0090,4.1092,-0.4832,0.0025,4.1920,-0.5102,-0.0074,4.3344,-0.5358,-0.0082,4.3470,-0.5377,0.0010,4.2152,-0.5148,-0.1320,5.4642,-0.8703,-0.1321,5.4799,-0.8740,-0.1316,5.4742,-0.8718,-0.7423,7.3413,-1.0264,-0.9522,8.0145,-1.0854,-1.2751,8.9558,-1.1579,-1.6064,9.9468,-1.2298,-2.1878,11.6698,-1.3638,-2.8182,14.2752,-1.4437,-2.8315,14.3812,-1.4478,-2.1914,11.6603,-1.3664,-2.1903,11.6508,-1.3729,-2.1845,11.6338,-1.3889,-2.1847,11.6342,-1.3875,0.0118,4.0322,-0.4615,-0.1318,5.4732,-0.8721,-0.9480,7.9723,-1.0778
-0.1012,0.0476,3.6852,-0.4197,-0.0696,5.0579,-0.8502,-0.2369,6.8566,-0.4366,-0.0735,5.1540,-0.4240,-0.0716,5.0934,-0.4454,-0.0763,5.2356,-0.4465,-0.0768,5.2689,-1.2103,-1.4384,10.8825,-1.1065,-1.0977,9.7408,-1.5633,-3.0079,16.8786,-1.5704,-2.3845,14.2318,-0.4266,-0.0730,5.1132,-0.4289,-0.0721,5.1099,-0.4370,-0.0734,5.1528,-0.4394,-0.0731,5.1451,-0.4456,-0.0765,5.2331,-0.4467,-0.0768,5.2730,-0.4463,-0.0765,5.2720,-0.4453,-0.0763,5.2368,-0.8559,-0.2384,6.8759,-0.8617,-0.2394,6.8902,-0.8610,-0.2385,6.8786,-1.0436,-0.8837,9.0288,-1.1042,-1.0987,9.7447,-1.2125,-1.4407,10.9060,-1.3135,-1.7765,12.0128,-1.4896,-2.3700,14.0145,-1.5667,-3.0123,16.9219,-1.5572,-3.0182,16.8800,-1.5399,-2.3707,14.0901,-1.5603,-2.3756,14.1536,-1.5737,-2.3882,14.2698,-1.5737,-2.3875,14.2577,-0.4239,-0.0714,5.0956,-0.8598,-0.2387,6.8809,-1.1065,-1.0977,9.7408
3.0457,-0.0392,0.1355,4.3257,-0.3251,0.1484,6.0849,-0.7110,0.1603,4.3599,-0.3423,0.1510,4.3262,-0.3268,0.1494,4.3371,-0.3484,0.1540,4.3138,-0.3555,0.1554,10.0736,-0.9025,-0.8693,8.9192,-0.8495,-0.5715,13.2336,-1.0445,-1.6956,18.2147,-1.2424,-3.0364,4.3284,-0.3267,0.1499,4.3416,-0.3320,0.1498,4.3663,-0.3434,0.1507,4.4029,-0.3491,0.1494,4.3410,-0.3476,0.1538,4.3112,-0.3563,0.1555,4.3083,-0.3570,0.1556,4.3350,-0.3489,0.1540,6.1170,-0.7157,0.1595,6.1513,-0.7227,0.1587,6.1556,-0.7225,0.1580,8.2065,-0.8143,-0.3864,8.9082,-0.8547,-0.5693,10.0749,-0.9018,-0.8696,11.2369,-0.9564,-1.1693,13.2368,-1.0436,-1.6940,13.2349,-1.0431,-1.6970,13.2175,-1.0561,-1.6906,15.5522,-1.1455,-2.2999,16.9245,-1.1992,-2.6717,18.2156,-1.2401,-3.0395,18.2161,-1.2404,-3.0377,4.3236,-0.3283,0.1494,6.1431,-0.7209,0.1587,8.9192,-0.8495,-0.5715
0.1345,2.8575,-0.1550,0.0354,3.9751,-0.4720,-0.1098,5.4349,-0.8891,0.0297,4.0856,-0.5041,0.0342,3.9948,-0.4785,0.0230,4.1885,-0.5340,0.0150,4.3035,-0.5542,-1.2507,8.9280,-1.1791,-0.9237,7.9441,-1.1013,-2.1603,11.6544,-1.4061,-3.6625,16.0049,-1.6987,0.0343,3.9915,-0.4798,0.0332,4.0175,-0.4859,0.0298,4.0876,-0.5042,0.0304,4.0918,-0.5038,0.0238,4.1744,-0.5308,0.0141,4.3164,-0.5566,0.0132,4.3290,-0.5584,0.0223,4.1975,-0.5355,-0.1097,5.4431,-0.8924,-0.1098,5.4588,-0.8962,-0.1093,5.4531,-0.8939,-0.7186,7.3149,-1.0496,-0.9279,7.9863,-1.1089,-1.2500,8.9249,-1.1820,-1.5805,9.9132,-1.2545,-2.1604,11.6313,-1.3894,-2.1588,11.6498,-1.4111,-2.1696,11.7400,-1.4154,-2.8319,13.5807,-1.5193,-3.2497,14.7948,-1.6059,-3.6601,15.9993,-1.7056,-3.6604,15.9997,-1.7038,0.0330,4.0149,-0.4819,-0.1095,5.4520,-0.8942,-0.9237,7.9441,-1.1013
-0.1276,0.0460,3.7269,-0.4524,-0.0697,5.1077,-0.8915,-0.2349,6.9172,-0.4695,-0.0737,5.2045,-0.4567,-0.0717,5.1435,-0.4782,-0.0765,5.2865,-0.4793,-0.0769,5.3199,-1.2692,-1.4367,10.9687,-1.1603,-1.0960,9.8197,-1.5689,-2.3812,14.2193,-1.9822,-3.8658,19.1100,-0.4593,-0.0732,5.1635,-0.4617,-0.0722,5.1601,-0.4699,-0.0736,5.2032,-0.4725,-0.0733,5.1956,-0.4785,-0.0767,5.2840,-0.4795,-0.0770,5.3241,-0.4790,-0.0767,5.3231,-0.4781,-0.0764,5.2877,-0.8974,-0.2365,6.9366,-0.9033,-0.2374,6.9510,-0.9027,-0.2366,6.9394,-1.0943,-0.8820,9.1032,-1.1580,-1.0970,9.8236,-1.2714,-1.4391,10.9924,-1.3776,-1.7749,12.1063,-1.5625,-2.3685,14.1207,-1.5721,-2.3849,14.2570,-1.5638,-2.3889,14.2217,-1.7654,-3.0278,16.3094,-1.8801,-3.4442,17.6986,-1.9861,-3.8708,19.1588,-1.9861,-3.8699,19.1429,-0.4566,-0.0716,5.1457,-0.9014,-0.2368,6.9417,-1.1603,-1.0960,9.8197
2.9917,-0.0179,0.0384,4.2234,-0.2947,0.0472,4.4007,-0.3281,0.0695,4.2562,-0.3106,0.0493,6.2256,-0.3138,-0.3666,4.2341,-0.3160,0.0521,4.2118,-0.3224,0.0535,4.6770,-0.3759,0.0677,4.5958,-0.3628,0.0686,4.8692,-0.4074,0.0666,5.0379,-0.4313,0.0625,7.4282,-0.3241,-0.6165,4.2387,-0.3011,0.0483,4.2624,-0.3117,0.0491,4.2977,-0.3170,0.0478,4.2379,-0.3153,0.0519,4.2092,-0.3231,0.0537,4.2065,-0.3238,0.0537,4.2322,-0.3165,0.0522,4.4263,-0.3320,0.0689,4.4537,-0.3377,0.0684,4.4570,-0.3378,0.0680,4.5480,-0.3540,0.0691,4.5879,-0.3644,0.0690,4.6784,-0.3758,0.0680,4.7574,-0.3891,0.0664,4.8684,-0.4066,0.0652,4.8710,-0.4072,0.0670,4.8598,-0.4102,0.0671,4.9926,-0.4261,0.0618,5.0326,-0.4317,0.0614,5.0397,-0.4311,0.0630,5.0397,-0.4311,0.0629,6.2231,-0.3157,-0.3661,4.4472,-0.3364,0.0685,4.5958,-0.3628,0.0686
0.0263,2.8748,-0.0312,-0.0796,3.9924,-0.3311,-0.0709,4.0469,-0.3487,-0.0857,4.1023,-0.3614,-0.5534,6.0104,-0.3842,-0.0925,4.2048,-0.3901,-0.1006,4.3196,-0.4098,-0.0676,4.0900,-0.3732,-0.0691,4.0860,-0.3691,-0.0651,4.1108,-0.3891,-0.0605,4.0962,-0.3888,-0.8361,7.2036,-0.4142,-0.0820,4.0346,-0.3440,-0.0857,4.1043,-0.3616,-0.0854,4.1083,-0.3612,-0.0916,4.1907,-0.3870,-0.1015,4.3326,-0.4121,-0.1023,4.3451,-0.4139,-0.0931,4.2138,-0.3916,-0.0710,4.0539,-0.3507,-0.0713,4.0674,-0.3536,-0.0709,4.0630,-0.3521,-0.0694,4.0744,-0.3644,-0.0706,4.1133,-0.3753,-0.0675,4.0878,-0.3739,-0.0663,4.0960,-0.3769,-0.0644,4.1020,-0.3838,-0.0649,4.1080,-0.3900,-0.0679,4.1504,-0.3959,-0.0619,4.1064,-0.3853,-0.0609,4.1037,-0.3868,-0.0603,4.0934,-0.3898,-0.0603,4.0938,-0.3895,-0.5555,6.0363,-0.3878,-0.0710,4.0618,-0.3522,-0.0691,4.0860,-0.3691
-0.0114,0.0256,3.5159,-0.3036,-0.0940,4.8397,-0.3399,-0.0804,5.0136,-0.3194,-0.0980,4.9323,-0.3514,-0.5794,6.9461,-0.3282,-0.1010,5.0109,-0.3294,-0.1017,5.0429,-0.4017,-0.0976,5.2445,-0.3855,-0.0933,5.1904,-0.4462,-0.1108,5.4236,-0.4736,-0.1160,5.4795,-0.3802,-0.8708,8.2123,-0.3123,-0.0965,4.8898,-0.3197,-0.0980,4.9311,-0.3215,-0.0977,4.9236,-0.3283,-0.1011,5.0084,-0.3296,-0.1018,5.0469,-0.3292,-0.1016,5.0460,-0.3281,-0.1009,5.0120,-0.3436,-0.0816,5.0287,-0.3473,-0.0824,5.0401,-0.3464,-0.0818,5.0306,-0.3756,-0.0907,5.1551,-0.3851,-0.0929,5.1951,-0.4034,-0.0986,5.2581,-0.4163,-0.1011,5.2891,-0.4405,-0.1076,5.3751,-0.4485,-0.1121,5.4415,-0.4457,-0.1104,5.4288,-0.4580,-0.1107,5.4095,-0.4668,-0.1131,5.4403,-0.4759,-0.1173,5.4976,-0.4758,-0.1170,5.4925,-0.3510,-0.5803,6.9477,-0.3459,-0.0819,5.0327,-0.3855,-0.0933,5.1904
2.9993,-0.0243,0.0398,4.2327,-0.3024,0.0491,4.4103,-0.3359,0.0715,5.3825,-0.3693,-0.2601,4.2331,-0.3039,0.0499,5.3570,-0.3774,-0.2557,5.3323,-0.3869,-0.2528,4.6869,-0.3838,0.0697,4.6056,-0.3707,0.0707,4.8795,-0.4153,0.0686,5.0484,-0.4392,0.0645,4.2352,-0.3038,0.0502,5.3625,-0.3578,-0.2614,5.3898,-0.3705,-0.2604,5.4310,-0.3761,-0.2624,5.3612,-0.3762,-0.2562,5.3295,-0.3879,-0.2525,5.3265,-0.3890,-0.2522,5.3549,-0.3781,-0.2555,4.4358,-0.3398,0.0709,4.4633,-0.3455,0.0704,4.4667,-0.3456,0.0700,4.5577,-0.3619,0.0711,4.5978,-0.3723,0.0711,4.6884,-0.3837,0.0700,4.7675,-0.3970,0.0684,4.8787,-0.4145,0.0672,4.8812,-0.4151,0.0691,4.8700,-0.4181,0.0691,5.0030,-0.4340,0.0638,5.0431,-0.4396,0.0634,5.0502,-0.4390,0.0650,5.0502,-0.4390,0.0649,4.2307,-0.3053,0.0500,4.4568,-0.3442,0.0705,4.6056,-0.3707,0.0707
0.0292,2.8763,-0.0323,-0.0768,3.9954,-0.3327,-0.0681,4.0499,-0.3504,-0.4505,5.2295,-0.4381,-0.0780,4.0150,-0.3386,-0.4594,5.3484,-0.4703,-0.4699,5.4835,-0.4915,-0.0648,4.0931,-0.3751,-0.0662,4.0891,-0.3709,-0.0622,4.1139,-0.3910,-0.0576,4.0994,-0.3907,-0.0779,4.0116,-0.3396,-0.4447,5.1519,-0.4191,-0.4507,5.2316,-0.4382,-0.4516,5.2353,-0.4372,-0.4581,5.3322,-0.4669,-0.4711,5.4987,-0.4940,-0.4722,5.5133,-0.4959,-0.4602,5.3590,-0.4718,-0.0682,4.0569,-0.3524,-0.0685,4.0704,-0.3553,-0.0681,4.0660,-0.3538,-0.0666,4.0774,-0.3662,-0.0678,4.1164,-0.3772,-0.0646,4.0909,-0.3758,-0.0634,4.0991,-0.3788,-0.0615,4.1051,-0.3857,-0.0621,4.1111,-0.3920,-0.0650,4.1536,-0.3978,-0.0590,4.1096,-0.3873,-0.0580,4.1069,-0.3888,-0.0574,4.0966,-0.3917,-0.0574,4.0969,-0.3914,-0.0792,4.0351,-0.3420,-0.0682,4.0648,-0.3539,-0.0662,4.0891,-0.3709
-0.0151,0.0304,3.5110,-0.3074,-0.0891,4.8337,-0.3437,-0.0755,5.0074,-0.3945,-0.4702,6.0807,-0.3115,-0.0911,4.8678,-0.4017,-0.4776,6.1661,-0.4013,-0.4832,6.1996,-0.4057,-0.0926,5.2382,-0.3894,-0.0883,5.1840,-0.4502,-0.1059,5.4171,-0.4777,-0.1111,5.4729,-0.3141,-0.0924,4.8869,-0.3874,-0.4665,6.0346,-0.3950,-0.4701,6.0793,-0.3977,-0.4693,6.0712,-0.4021,-0.4774,6.1637,-0.4012,-0.4839,6.2038,-0.4006,-0.4840,6.2024,-0.4014,-0.4779,6.1671,-0.3475,-0.0767,5.0225,-0.3512,-0.0775,5.0339,-0.3503,-0.0769,5.0244,-0.3795,-0.0858,5.1488,-0.3890,-0.0879,5.1888,-0.4074,-0.0937,5.2517,-0.4203,-0.0962,5.2826,-0.4445,-0.1027,5.3686,-0.4525,-0.1071,5.4350,-0.4497,-0.1055,5.4223,-0.4621,-0.1058,5.4030,-0.4709,-0.1082,5.4337,-0.4800,-0.1124,5.4911,-0.4799,-0.1121,5.4859,-0.3114,-0.0910,4.8699,-0.3498,-0.0770,5.0264,-0.3894,-0.0883,5.1840
3.0143,-0.0405,0.0451,4.2510,-0.3213,0.0557,4.4290,-0.3550,0.0782,7.0169,-0.4636,-0.7028,4.2514,-0.3229,0.0564,6.9866,-0.4756,-0.6961,6.9584,-0.4897,-0.6911,4.7066,-0.4031,0.0764,4.6250,-0.3899,0.0774,4.8997,-0.4347,0.0754,5.0692,-0.4585,0.0713,4.2535,-0.3228,0.0568,5.3838,-0.3790,-0.2545,7.4266,-0.4691,-0.7861,7.4782,-0.4752,-0.7893,6.9913,-0.4738,-0.6971,6.9552,-0.4913,-0.6905,6.9519,-0.4929,-0.6898,6.9841,-0.4767,-0.6957,4.4547,-0.3590,0.0776,4.4823,-0.3647,0.0770,4.4856,-0.3648,0.0767,4.5770,-0.3811,0.0778,4.6172,-0.3916,0.0777,4.7080,-0.4030,0.0767,4.7874,-0.4163,0.0751,4.8989,-0.4338,0.0740,4.9015,-0.4345,0.0758,4.8903,-0.4376,0.0758,5.0237,-0.4534,0.0705,5.0638,-0.4590,0.0701,5.0710,-0.4584,0.0718,5.0710,-0.4584,0.0716,4.2490,-0.3244,0.0565,4.4758,-0.3634,0.0771,4.6250,-0.3899,0.0774
0.0348,2.8900,-0.0402,-0.0715,4.0144,-0.3430,-0.0627,4.0692,-0.3609,-0.9768,6.8719,-0.5562,-0.0727,4.0341,-0.3489,-0.9889,7.0150,-0.5935,-1.0029,7.1796,-0.6171,-0.0593,4.1127,-0.3860,-0.0608,4.1086,-0.3817,-0.0567,4.1337,-0.4022,-0.0520,4.1191,-0.4020,-0.0725,4.0307,-0.3500,-0.4410,5.1764,-0.4304,-1.0718,7.2750,-0.5660,-1.0746,7.2781,-0.5642,-0.9871,6.9956,-0.5899,-1.0044,7.1981,-0.6199,-1.0060,7.2159,-0.6218,-0.9900,7.0279,-0.5952,-0.0628,4.0763,-0.3630,-0.0631,4.0898,-0.3659,-0.0627,4.0854,-0.3644,-0.0612,4.0969,-0.3769,-0.0623,4.1361,-0.3880,-0.0592,4.1105,-0.3867,-0.0579,4.1187,-0.3897,-0.0560,4.1249,-0.3968,-0.0566,4.1309,-0.4032,-0.0595,4.1736,-0.4090,-0.0535,4.1293,-0.3985,-0.0525,4.1267,-0.4000,-0.0519,4.1163,-0.4030,-0.0519,4.1166,-0.4027,-0.0739,4.0543,-0.3524,-0.0628,4.0842,-0.3645,-0.0608,4.1086,-0.3817
-0.0221,0.0415,3.5102,-0.3153,-0.0782,4.8346,-0.3519,-0.0646,5.0087,-0.5047,-1.0043,7.7459,-0.3195,-0.0802,4.8689,-0.5096,-1.0181,7.8413,-0.5068,-1.0307,7.8772,-0.4142,-0.0817,5.2398,-0.3979,-0.0774,5.1856,-0.4591,-0.0950,5.4190,-0.4868,-0.1002,5.4749,-0.3220,-0.0815,4.8879,-0.3953,-0.4565,6.0370,-0.5145,-1.1007,8.1573,-0.5188,-1.0990,8.1479,-0.5105,-1.0173,7.8392,-0.5065,-1.0321,7.8818,-0.5056,-1.0329,7.8796,-0.5092,-1.0189,7.8422,-0.3557,-0.0658,5.0238,-0.3594,-0.0666,5.0352,-0.3586,-0.0660,5.0257,-0.3879,-0.0749,5.1503,-0.3975,-0.0770,5.1904,-0.4160,-0.0828,5.2534,-0.4290,-0.0853,5.2844,-0.4534,-0.0918,5.3704,-0.4614,-0.0963,5.4369,-0.4586,-0.0945,5.4243,-0.4711,-0.0949,5.4049,-0.4799,-0.0974,5.4357,-0.4891,-0.1015,5.4931,-0.4890,-0.1013,5.4880,-0.3194,-0.0801,4.8710,-0.3581,-0.0661,5.0277,-0.3979,-0.0774,5.1856
3.0220,-0.0406,0.0452,4.2618,-0.3222,0.0558,4.4403,-0.3559,0.0784,7.0348,-0.4648,-0.7046,4.2622,-0.3237,0.0566,7.0043,-0.4768,-0.6979,6.9762,-0.4909,-0.6928,4.7186,-0.4041,0.0766,4.6368,-0.3909,0.0776,4.9122,-0.4358,0.0756,5.0821,-0.4597,0.0714,4.2643,-0.3236,0.0570,5.3975,-0.3800,-0.2551,7.4455,-0.4703,-0.7881,10.1177,-0.5000,-1.3307,7.0091,-0.4750,-0.6988,6.9729,-0.4925,-0.6923,6.9696,-0.4941,-0.6916,7.0019,-0.4779,-0.6975,4.4661,-0.3599,0.0778,4.4937,-0.3657,0.0772,4.4971,-0.3657,0.0769,4.5886,-0.3821,0.0780,4.6289,-0.3926,0.0779,4.7200,-0.4040,0.0769,4.7996,-0.4174,0.0753,4.9114,-0.4349,0.0741,4.9140,-0.4356,0.0760,4.9027,-0.4388,0.0760,5.0365,-0.4546,0.0707,5.0767,-0.4602,0.0703,5.0839,-0.4596,0.0719,5.0839,-0.4596,0.0718,4.2598,-0.3252,0.0567,4.4872,-0.3643,0.0773,4.6368,-0.3909,0.0776
0.0387,2.8851,-0.0402,-0.0678,4.0090,-0.3427,-0.0589,4.0639,-0.3606,-0.9736,6.8652,-0.5546,-0.0690,4.0287,-0.3486,-0.9857,7.0082,-0.5919,-0.9996,7.1727,-0.6155,-0.0556,4.1074,-0.3857,-0.0570,4.1033,-0.3814,-0.0530,4.1284,-0.4020,-0.0483,4.1139,-0.4018,-0.0688,4.0253,-0.3496,-0.4375,5.1705,-0.4295,-1.0687,7.2681,-0.5643,-1.6906,9.8759,-0.6211,-0.9839,6.9888,-0.5883,-1.0012,7.1912,-0.6183,-1.0028,7.2090,-0.6202,-0.9868,7.0211,-0.5936,-0.0590,4.0709,-0.3627,-0.0593,4.0845,-0.3656,-0.0589,4.0800,-0.3641,-0.0574,4.0915,-0.3767,-0.0586,4.1308,-0.3877,-0.0554,4.1051,-0.3864,-0.0542,4.1134,-0.3895,-0.0522,4.1196,-0.3966,-0.0528,4.1256,-0.4030,-0.0558,4.1682,-0.4088,-0.0497,4.1241,-0.3982,-0.0487,4.1214,-0.3998,-0.0481,4.1111,-0.4028,-0.0481,4.1114,-0.4025,-0.0702,4.0489,-0.3521,-0.0590,4.0789,-0.3642,-0.0570,4.1033,-0.3814
-0.0278,0.0415,3.5151,-0.3218,-0.0778,4.8398,-0.3585,-0.0642,5.0139,-0.5134,-1.0029,7.7517,-0.3260,-0.0798,4.8741,-0.5182,-1.0167,7.8472,-0.5154,-1.0293,7.8830,-0.4210,-0.0813,5.2452,-0.4046,-0.0770,5.1909,-0.4660,-0.0946,5.4245,-0.4938,-0.0999,5.4805,-0.3285,-0.0811,4.8931,-0.4026,-0.4557,6.0424,-0.5234,-1.0992,8.1632,-0.5853,-1.7275,10.8407,-0.5191,-1.0159,7.8450,-0.5152,-1.0307,7.8876,-0.5142,-1.0314,7.8855,-0.5178,-1.0175,7.8481,-0.3623,-0.0654,5.0290,-0.3661,-0.0662,5.0404,-0.3652,-0.0656,5.0310,-0.3946,-0.0745,5.1556,-0.4042,-0.0766,5.1957,-0.4228,-0.0824,5.2588,-0.4358,-0.0849,5.2898,-0.4603,-0.0914,5.3759,-0.4683,-0.0959,5.4424,-0.4655,-0.0942,5.4297,-0.4781,-0.0946,5.4104,-0.4870,-0.0970,5.4412,-0.4961,-0.1012,5.4986,-0.4960,-0.1009,5.4935,-0.3259,-0.0796,4.8762,-0.3647,-0.0657,5.0330,-0.4046,-0.0770,5.1909
3.0223,-0.0626,0.0531,4.2585,-0.3461,0.0653,4.4367,-0.3799,0.0879,7.0237,-0.4952,-0.6890,4.2590,-0.3477,0.0661,9.4633,-0.6221,-1.3691,9.4301,-0.6431,-1.3607,4.7143,-0.4280,0.0862,4.6327,-0.4149,0.0871,4.9075,-0.4596,0.0853,5.0770,-0.4834,0.0812,4.2611,-0.3476,0.0665,5.3911,-0.4065,-0.2431,7.0325,-0.4965,-0.6895,7.0822,-0.5026,-0.6925,9.4689,-0.6193,-1.3706,9.4262,-0.6455,-1.3597,9.4224,-0.6480,-1.3585,9.4605,-0.6238,-1.3683,4.4623,-0.3838,0.0873,4.4900,-0.3896,0.0868,4.4933,-0.3897,0.0864,4.5847,-0.4060,0.0876,4.6249,-0.4166,0.0875,4.7158,-0.4279,0.0866,4.7952,-0.4412,0.0850,4.9067,-0.4587,0.0838,4.9093,-0.4595,0.0858,4.8981,-0.4627,0.0857,5.0315,-0.4783,0.0804,5.0717,-0.4838,0.0800,5.0788,-0.4832,0.0817,5.0788,-0.4832,0.0816,4.2566,-0.3493,0.0662,4.4834,-0.3883,0.0868,4.6327,-0.4149,0.0871
0.0343,2.9194,-0.0521,-0.0719,4.0520,-0.3591,-0.0630,4.1073,-0.3774,-0.9816,6.9309,-0.5788,-0.0732,4.0719,-0.3652,-1.8095,9.5902,-0.7869,-1.8290,9.8004,-0.8139,-0.0596,4.1511,-0.4030,-0.0611,4.1470,-0.3986,-0.0570,4.1723,-0.4197,-0.0523,4.1576,-0.4196,-0.0730,4.0685,-0.3662,-0.4432,5.2228,-0.4492,-0.9822,6.9333,-0.5787,-0.9847,6.9366,-0.5770,-1.8069,9.5659,-0.7828,-1.8311,9.8240,-0.8171,-1.8334,9.8466,-0.8192,-1.8111,9.6066,-0.7888,-0.0631,4.1144,-0.3795,-0.0634,4.1281,-0.3825,-0.0630,4.1236,-0.3810,-0.0615,4.1352,-0.3938,-0.0627,4.1747,-0.4050,-0.0595,4.1489,-0.4038,-0.0582,4.1572,-0.4069,-0.0563,4.1634,-0.4142,-0.0568,4.1695,-0.4207,-0.0598,4.2125,-0.4265,-0.0537,4.1679,-0.4159,-0.0527,4.1652,-0.4175,-0.0521,4.1548,-0.4206,-0.0521,4.1551,-0.4203,-0.0744,4.0923,-0.3687,-0.0631,4.1224,-0.3811,-0.0611,4.1470,-0.3986
-0.0212,0.0568,3.5013,-0.3140,-0.0641,4.8282,-0.3506,-0.0505,5.0026,-0.4989,-0.9955,7.7438,-0.3181,-0.0661,4.8625,-0.6555,-1.8558,10.4053,-0.6491,-1.8792,10.4448,-0.4132,-0.0676,5.2341,-0.3968,-0.0633,5.1798,-0.4582,-0.0808,5.4135,-0.4860,-0.0861,5.4695,-0.3207,-0.0674,4.8815,-0.3921,-0.4446,6.0323,-0.4996,-0.9953,7.7422,-0.5038,-0.9938,7.7330,-0.6570,-1.8541,10.4034,-0.6484,-1.8818,10.4498,-0.6470,-1.8835,10.4466,-0.6547,-1.8573,10.4060,-0.3544,-0.0516,5.0177,-0.3582,-0.0524,5.0291,-0.3573,-0.0519,5.0196,-0.3868,-0.0607,5.1444,-0.3964,-0.0628,5.1846,-0.4150,-0.0686,5.2477,-0.4280,-0.0711,5.2787,-0.4525,-0.0776,5.3649,-0.4606,-0.0821,5.4315,-0.4577,-0.0803,5.4189,-0.4702,-0.0808,5.3993,-0.4791,-0.0832,5.4302,-0.4883,-0.0874,5.4877,-0.4882,-0.0871,5.4825,-0.3180,-0.0659,4.8646,-0.3568,-0.0519,5.0217,-0.3968,-0.0633,5.1798
3.0419,-0.0884,0.0553,4.2791,-0.3756,0.0694,4.4575,-0.4095,0.0920,7.0468,-0.5344,-0.6803,4.2796,-0.3774,0.0702,9.4888,-0.6701,-1.3560,14.0536,-0.7449,-2.2920,4.7355,-0.4577,0.0902,4.6538,-0.4446,0.0912,4.9290,-0.4893,0.0893,5.0988,-0.5129,0.0851,4.2816,-0.3773,0.0706,5.4127,-0.4400,-0.2371,7.0557,-0.5357,-0.6807,7.1054,-0.5417,-0.6837,9.4943,-0.6673,-1.3575,14.6481,-0.7538,-2.4139,14.0441,-0.7515,-2.2886,9.4860,-0.6719,-1.3552,4.4832,-0.4135,0.0914,4.5109,-0.4193,0.0908,4.5142,-0.4194,0.0904,4.6057,-0.4357,0.0917,4.6460,-0.4465,0.0916,4.7370,-0.4576,0.0906,4.8165,-0.4709,0.0890,4.9282,-0.4883,0.0878,4.9308,-0.4891,0.0897,4.9196,-0.4926,0.0897,5.0532,-0.5078,0.0843,5.0934,-0.5133,0.0839,5.1005,-0.5127,0.0856,5.1006,-0.5127,0.0855,4.2771,-0.3790,0.0703,4.5043,-0.4180,0.0909,4.6538,-0.4446,0.0912
0.0347,2.9540,-0.0561,-0.0725,4.0991,-0.3670,-0.0635,4.1550,-0.3856,-0.9916,7.0100,-0.5905,-0.0738,4.1192,-0.3732,-1.8281,9.6987,-0.8020,-2.9467,14.6440,-0.9467,-0.0600,4.1993,-0.4116,-0.0615,4.1952,-0.4071,-0.0574,4.2208,-0.4285,-0.0526,4.2059,-0.4284,-0.0736,4.1158,-0.3742,-0.4476,5.2828,-0.4586,-0.9922,7.0124,-0.5904,-0.9948,7.0156,-0.5886,-1.8255,9.6741,-0.7978,-3.0914,15.2889,-0.9656,-2.9535,14.7077,-0.9525,-1.8297,9.7152,-0.8039,-0.0636,4.1622,-0.3877,-0.0639,4.1760,-0.3907,-0.0635,4.1714,-0.3892,-0.0619,4.1832,-0.4022,-0.0631,4.2232,-0.4135,-0.0599,4.1971,-0.4124,-0.0586,4.2055,-0.4155,-0.0566,4.2117,-0.4229,-0.0572,4.2179,-0.4295,-0.0602,4.2614,-0.4354,-0.0541,4.2163,-0.4246,-0.0531,4.2136,-0.4263,-0.0524,4.2031,-0.4295,-0.0524,4.2034,-0.4291,-0.0750,4.1398,-0.3767,-0.0636,4.1703,-0.3893,-0.0615,4.1952,-0.4071
-0.0213,0.0727,3.4842,-0.3130,-0.0495,4.8107,-0.3497,-0.0359,4.9851,-0.4928,-0.9851,7.7243,-0.3172,-0.0515,4.8450,-0.6447,-1.8492,10.3840,-0.7238,-3.0157,15.1922,-0.4124,-0.0529,5.2165,-0.3960,-0.0486,5.1622,-0.4576,-0.0661,5.3958,-0.4854,-0.0714,5.4517,-0.3198,-0.0528,4.8640,-0.3890,-0.4317,6.0140,-0.4935,-0.9849,7.7227,-0.4976,-0.9834,7.7135,-0.6462,-1.8475,10.3822,-0.7344,-3.1683,15.8195,-0.7206,-3.0230,15.1930,-0.6439,-1.8507,10.3848,-0.3535,-0.0370,5.0002,-0.3573,-0.0378,5.0116,-0.3564,-0.0373,5.0021,-0.3860,-0.0461,5.1269,-0.3956,-0.0482,5.1671,-0.4142,-0.0540,5.2301,-0.4273,-0.0565,5.2611,-0.4518,-0.0630,5.3472,-0.4599,-0.0674,5.4137,-0.4571,-0.0656,5.4012,-0.4696,-0.0662,5.3816,-0.4785,-0.0686,5.4124,-0.4877,-0.0727,5.4699,-0.4876,-0.0724,5.4647,-0.3171,-0.0513,4.8471,-0.3559,-0.0374,5.0042,-0.3960,-0.0486,5.1622
3.0440,-0.0906,0.0550,4.2813,-0.3781,0.0693,4.4597,-0.4120,0.0919,7.0494,-0.5378,-0.6799,4.2818,-0.3799,0.0701,9.4917,-0.6744,-1.3553,14.0569,-0.7504,-2.2908,4.7378,-0.4602,0.0901,4.6561,-0.4470,0.0911,4.9314,-0.4918,0.0892,5.1011,-0.5153,0.0850,4.2839,-0.3797,0.0705,5.4150,-0.4429,-0.2371,7.0582,-0.5391,-0.6804,7.1080,-0.5451,-0.6834,9.4972,-0.6715,-1.3568,14.0520,-0.7536,-2.2894,17.8449,-0.7938,-3.0697,9.4888,-0.6762,-1.3545,4.4855,-0.4160,0.0913,4.5131,-0.4218,0.0908,4.5165,-0.4218,0.0904,4.6080,-0.4382,0.0916,4.6483,-0.4489,0.0915,4.7393,-0.4600,0.0905,4.8188,-0.4734,0.0889,4.9306,-0.4908,0.0877,4.9331,-0.4916,0.0896,4.9220,-0.4951,0.0896,5.0556,-0.5103,0.0842,5.0958,-0.5158,0.0838,5.1029,-0.5152,0.0855,5.1029,-0.5152,0.0854,4.2794,-0.3815,0.0702,4.5066,-0.4204,0.0908,4.6561,-0.4470,0.0911
0.0347,2.9564,-0.0558,-0.0726,4.1025,-0.3669,-0.0636,4.1584,-0.3855,-0.9926,7.0159,-0.5904,-0.0738,4.1226,-0.3731,-1.8299,9.7070,-0.8020,-2.9496,14.6566,-0.9466,-0.0601,4.2028,-0.4115,-0.0616,4.1986,-0.4070,-0.0575,4.2242,-0.4284,-0.0527,4.2094,-0.4283,-0.0737,4.1192,-0.3741,-0.4481,5.2872,-0.4585,-0.9932,7.0183,-0.5903,-0.9957,7.0216,-0.5885,-1.8272,9.6824,-0.7978,-2.9529,14.6893,-0.9503,-3.8555,18.6042,-1.0490,-1.8315,9.7235,-0.8039,-0.0637,4.1656,-0.3876,-0.0640,4.1794,-0.3906,-0.0636,4.1749,-0.3891,-0.0620,4.1866,-0.4021,-0.0632,4.2267,-0.4134,-0.0600,4.2005,-0.4123,-0.0587,4.2089,-0.4154,-0.0567,4.2152,-0.4228,-0.0573,4.2214,-0.4294,-0.0603,4.2649,-0.4353,-0.0542,4.2197,-0.4245,-0.0531,4.2170,-0.4262,-0.0525,4.2065,-0.4294,-0.0525,4.2068,-0.4290,-0.0751,4.1432,-0.3766,-0.0637,4.1737,-0.3892,-0.0616,4.1986,-0.4070
-0.0213,0.0740,3.4819,-0.3128,-0.0483,4.8080,-0.3495,-0.0347,4.9823,-0.4921,-0.9840,7.7206,-0.3170,-0.0503,4.8423,-0.6436,-1.8481,10.3796,-0.7222,-3.0150,15.1864,-0.4123,-0.0517,5.2137,-0.3958,-0.0474,5.1594,-0.4574,-0.0649,5.3929,-0.4852,-0.0702,5.4488,-0.3196,-0.0516,4.8613,-0.3886,-0.4305,6.0109,-0.4928,-0.9838,7.7191,-0.4970,-0.9823,7.7098,-0.6451,-1.8464,10.3777,-0.7210,-3.0194,15.1923,-0.7911,-3.9644,19.1225,-0.6429,-1.8497,10.3803,-0.3533,-0.0358,4.9974,-0.3571,-0.0366,5.0089,-0.3562,-0.0361,4.9994,-0.3858,-0.0449,5.1241,-0.3955,-0.0470,5.1643,-0.4140,-0.0527,5.2272,-0.4271,-0.0553,5.2582,-0.4516,-0.0618,5.3443,-0.4597,-0.0661,5.4108,-0.4569,-0.0643,5.3983,-0.4694,-0.0650,5.3787,-0.4783,-0.0674,5.4095,-0.4875,-0.0715,5.4670,-0.4874,-0.0712,5.4618,-0.3169,-0.0501,4.8444,-0.3557,-0.0362,5.0014,-0.3958,-0.0474,5.1594
3.0263,-0.0673,0.0531,4.2627,-0.3515,0.0657,4.4409,-0.3853,0.0883,7.0285,-0.5026,-0.6878,4.2632,-0.3532,0.0665,11.3223,-0.7143,-1.8842,9.4355,-0.6525,-1.3586,4.7186,-0.4335,0.0866,4.6370,-0.4204,0.0875,4.9119,-0.4651,0.0856,5.0815,-0.4888,0.0815,4.2653,-0.3531,0.0669,5.3955,-0.4128,-0.2424,7.0373,-0.5039,-0.6882,7.0870,-0.5100,-0.6912,9.4742,-0.6284,-1.3686,9.4316,-0.6549,-1.3577,9.4278,-0.6573,-1.3565,12.7199,-0.7295,-2.1727,4.4666,-0.3893,0.0877,4.4942,-0.3951,0.0871,4.4976,-0.3952,0.0868,4.5890,-0.4115,0.0880,4.6292,-0.4222,0.0879,4.7201,-0.4334,0.0869,4.7995,-0.4467,0.0853,4.9111,-0.4642,0.0842,4.9137,-0.4650,0.0861,4.9025,-0.4682,0.0861,5.0359,-0.4837,0.0807,5.0761,-0.4893,0.0803,5.0832,-0.4887,0.0820,5.0833,-0.4887,0.0819,4.2608,-0.3548,0.0666,4.4877,-0.3938,0.0872,4.6370,-0.4204,0.0875
0.0344,2.9242,-0.0522,-0.0721,4.0586,-0.3597,-0.0631,4.1140,-0.3781,-0.9832,6.9423,-0.5798,-0.0733,4.0785,-0.3658,-2.4215,11.4808,-0.9133,-1.8319,9.8164,-0.8152,-0.0597,4.1579,-0.4037,-0.0612,4.1538,-0.3993,-0.0571,4.1791,-0.4203,-0.0523,4.1644,-0.4203,-0.0731,4.0752,-0.3668,-0.4439,5.2313,-0.4499,-0.9838,6.9447,-0.5797,-0.9863,6.9479,-0.5779,-1.8098,9.5815,-0.7841,-1.8341,9.8400,-0.8185,-1.8364,9.8627,-0.8205,-2.7545,12.9143,-0.9497,-0.0632,4.1211,-0.3801,-0.0635,4.1348,-0.3831,-0.0631,4.1303,-0.3816,-0.0616,4.1420,-0.3944,-0.0628,4.1816,-0.4056,-0.0596,4.1557,-0.4045,-0.0583,4.1640,-0.4076,-0.0564,4.1702,-0.4149,-0.0569,4.1763,-0.4214,-0.0599,4.2194,-0.4272,-0.0538,4.1747,-0.4165,-0.0528,4.1720,-0.4182,-0.0522,4.1616,-0.4213,-0.0522,4.1619,-0.4210,-0.0745,4.0990,-0.3693,-0.0632,4.1291,-0.3817,-0.0612,4.1538,-0.3993
-0.0213,0.0600,3.4971,-0.3137,-0.0611,4.8236,-0.3503,-0.0475,4.9979,-0.4976,-0.9930,7.7380,-0.3179,-0.0631,4.8579,-0.7672,-2.4866,12.3171,-0.6469,-1.8771,10.4380,-0.4130,-0.0646,5.2294,-0.3966,-0.0603,5.1751,-0.4580,-0.0778,5.4087,-0.4857,-0.0831,5.4647,-0.3204,-0.0644,4.8769,-0.3914,-0.4418,6.0272,-0.4983,-0.9928,7.7365,-0.5025,-0.9913,7.7273,-0.6548,-1.8520,10.3967,-0.6462,-1.8797,10.4431,-0.6448,-1.8814,10.4399,-0.7939,-2.8314,13.7678,-0.3541,-0.0487,5.0130,-0.3579,-0.0495,5.0245,-0.3571,-0.0489,5.0150,-0.3865,-0.0577,5.1397,-0.3962,-0.0598,5.1799,-0.4147,-0.0656,5.2429,-0.4278,-0.0681,5.2739,-0.4522,-0.0746,5.3601,-0.4603,-0.0790,5.4267,-0.4575,-0.0773,5.4141,-0.4700,-0.0778,5.3945,-0.4789,-0.0802,5.4254,-0.4881,-0.0844,5.4829,-0.4880,-0.0841,5.4777,-0.3178,-0.0629,4.8600,-0.3565,-0.0490,5.0170,-0.3966,-0.0603,5.1751
3.0113,-0.0207,0.0594,4.2554,-0.3006,0.0710,5.9652,-0.6789,0.0818,4.2884,-0.3168,0.0734,4.2558,-0.3022,0.0719,4.2662,-0.3224,0.0764,4.2436,-0.3290,0.0779,6.2934,-0.7310,0.0790,6.1968,-0.7172,0.0807,6.5213,-0.7648,0.0774,6.7227,-0.7886,0.0702,4.2579,-0.3020,0.0723,4.2708,-0.3071,0.0723,4.2947,-0.3179,0.0732,4.3304,-0.3234,0.0719,4.2700,-0.3217,0.0762,4.2410,-0.3297,0.0781,4.2382,-0.3304,0.0781,4.2642,-0.3229,0.0765,7.2129,-0.6944,-0.1707,7.2502,-0.7013,-0.1723,7.2550,-0.7011,-0.1730,6.1398,-0.7074,0.0815,6.1879,-0.7204,0.0816,6.2948,-0.7308,0.0796,6.3894,-0.7450,0.0767,6.5212,-0.7634,0.0748,6.5230,-0.7645,0.0782,6.5107,-0.7703,0.0784,6.6700,-0.7839,0.0689,6.7174,-0.7895,0.0682,6.7244,-0.7883,0.0711,6.7245,-0.7883,0.0709,4.2533,-0.3036,0.0720,7.2412,-0.6996,-0.1721,6.1968,-0.7172,0.0807
0.0550,2.8566,-0.0451,-0.0484,3.9735,-0.3476,-0.1993,5.4326,-0.7461,-0.0542,4.0833,-0.3783,-0.0496,3.9931,-0.3536,-0.0610,4.1857,-0.4073,-0.0690,4.3004,-0.4271,-0.1908,5.4798,-0.7833,-0.1940,5.4765,-0.7763,-0.1843,5.5024,-0.8090,-0.1755,5.4810,-0.8113,-0.0494,3.9897,-0.3546,-0.0506,4.0156,-0.3608,-0.0542,4.0853,-0.3785,-0.0538,4.0894,-0.3781,-0.0601,4.1717,-0.4042,-0.0699,4.3133,-0.4295,-0.0708,4.3258,-0.4313,-0.0616,4.1948,-0.4088,-0.4861,6.6376,-0.7769,-0.4870,6.6546,-0.7804,-0.4865,6.6480,-0.7781,-0.1951,5.4635,-0.7697,-0.1967,5.5093,-0.7830,-0.1906,5.4774,-0.7848,-0.1879,5.4853,-0.7893,-0.1835,5.4908,-0.8008,-0.1839,5.4993,-0.8111,-0.1885,5.5508,-0.8162,-0.1785,5.4930,-0.8039,-0.1765,5.4893,-0.8070,-0.1751,5.4779,-0.8133,-0.1751,5.4782,-0.8126,-0.0507,4.0131,-0.3570,-0.4864,6.6470,-0.7785,-0.1940,5.4765,-0.7763
-0.0260,0.0326,3.5444,-0.3242,-0.0863,4.8783,-0.7272,-0.2557,6.6267,-0.3403,-0.0902,4.9716,-0.3284,-0.0883,4.9128,-0.3491,-0.0930,5.0508,-0.3503,-0.0936,5.0831,-0.8058,-0.2786,6.9055,-0.7847,-0.2729,6.8396,-0.8620,-0.2964,7.1228,-0.8996,-0.3029,7.1922,-0.3310,-0.0896,4.9320,-0.3330,-0.0887,4.9288,-0.3406,-0.0901,4.9704,-0.3425,-0.0898,4.9629,-0.3493,-0.0932,5.0483,-0.3505,-0.0937,5.0872,-0.3500,-0.0935,5.0862,-0.3490,-0.0930,5.0520,-0.7596,-0.5461,7.8940,-0.7653,-0.5474,7.9094,-0.7648,-0.5461,7.8969,-0.7720,-0.2696,6.7971,-0.7838,-0.2723,6.8440,-0.8077,-0.2800,6.9221,-0.8252,-0.2831,6.9599,-0.8562,-0.2918,7.0643,-0.8645,-0.2982,7.1447,-0.8609,-0.2960,7.1276,-0.8810,-0.2954,7.1075,-0.8923,-0.2987,7.1451,-0.9021,-0.3047,7.2144,-0.9020,-0.3043,7.2078,-0.3283,-0.0882,4.9149,-0.7635,-0.5464,7.8994,-0.7847,-0.2729,6.8396
3.0169,-0.0234,0.0615,4.2632,-0.3040,0.0733,5.9760,-0.6832,0.0844,4.2963,-0.3203,0.0757,4.2636,-0.3055,0.0742,4.2740,-0.3259,0.0787,4.2514,-0.3325,0.0802,6.3048,-0.7354,0.0815,6.2080,-0.7216,0.0832,6.5332,-0.7694,0.0800,6.7349,-0.7932,0.0728,4.2657,-0.3054,0.0746,4.2786,-0.3105,0.0746,4.3026,-0.3214,0.0755,4.3383,-0.3268,0.0742,4.2778,-0.3251,0.0785,4.2488,-0.3333,0.0804,4.2460,-0.3340,0.0804,4.2720,-0.3264,0.0788,7.2260,-0.6990,-0.1685,9.1569,-0.7516,-0.6240,8.1472,-0.7430,-0.4159,6.1509,-0.7118,0.0840,6.1992,-0.7249,0.0841,6.3063,-0.7352,0.0822,6.4010,-0.7495,0.0793,6.5331,-0.7679,0.0774,6.5349,-0.7691,0.0808,6.5226,-0.7748,0.0810,6.6822,-0.7884,0.0715,6.7296,-0.7940,0.0708,6.7366,-0.7928,0.0737,6.7367,-0.7929,0.0735,4.2611,-0.3069,0.0743,8.1322,-0.7415,-0.4149,6.2080,-0.7216,0.0832
0.0591,2.8566,-0.0481,-0.0443,3.9741,-0.3511,-0.1953,5.4342,-0.7502,-0.0502,4.0840,-0.3819,-0.0455,3.9937,-0.3571,-0.0569,4.1865,-0.4109,-0.0650,4.3012,-0.4308,-0.1868,5.4814,-0.7875,-0.1900,5.4781,-0.7804,-0.1803,5.5041,-0.8134,-0.1714,5.4827,-0.8156,-0.0453,3.9904,-0.3581,-0.0466,4.0163,-0.3643,-0.0502,4.0860,-0.3820,-0.0497,4.0901,-0.3816,-0.0560,4.1724,-0.4078,-0.0659,4.3141,-0.4331,-0.0667,4.3267,-0.4349,-0.0575,4.1955,-0.4124,-0.4824,6.6399,-0.7810,-1.0104,8.5188,-0.8622,-0.7702,7.5139,-0.8378,-0.1911,5.4650,-0.7738,-0.1927,5.5109,-0.7871,-0.1866,5.4790,-0.7891,-0.1839,5.4870,-0.7935,-0.1795,5.4925,-0.8051,-0.1799,5.5010,-0.8154,-0.1844,5.5525,-0.8205,-0.1745,5.4947,-0.8083,-0.1725,5.4910,-0.8114,-0.1711,5.4796,-0.8177,-0.1711,5.4799,-0.8170,-0.0467,4.0138,-0.3605,-0.7698,7.5130,-0.8382,-0.1900,5.4781,-0.7804
-0.0311,0.0343,3.5499,-0.3304,-0.0843,4.8852,-0.7348,-0.2535,6.6353,-0.3465,-0.0882,4.9786,-0.3345,-0.0864,4.9198,-0.3553,-0.0911,5.0579,-0.3565,-0.0917,5.0903,-0.8136,-0.2764,6.9145,-0.7924,-0.2708,6.8485,-0.8700,-0.2943,7.1321,-0.9077,-0.3008,7.2016,-0.3371,-0.0877,4.9390,-0.3392,-0.0868,4.9358,-0.3468,-0.0882,4.9774,-0.3487,-0.0878,4.9699,-0.3555,-0.0912,5.0554,-0.3567,-0.0917,5.0943,-0.3562,-0.0915,5.0934,-0.3552,-0.0910,5.0591,-0.7678,-0.5441,7.9039,-0.8541,-1.0766,9.8609,-0.8300,-0.8340,8.8063,-0.7796,-0.2674,6.8059,-0.7915,-0.2702,6.8529,-0.8154,-0.2779,6.9311,-0.8331,-0.2810,6.9690,-0.8641,-0.2897,7.0735,-0.8725,-0.2961,7.1539,-0.8689,-0.2939,7.1369,-0.8891,-0.2933,7.1168,-0.9004,-0.2966,7.1544,-0.9102,-0.3026,7.2237,-0.9101,-0.3023,7.2172,-0.3344,-0.0862,4.9218,-0.8285,-0.8344,8.8089,-0.7924,-0.2708,6.8485
3.0175,-0.0222,0.0607,4.2640,-0.3028,0.0724,5.9773,-0.6820,0.0834,4.2972,-0.3191,0.0748,4.2645,-0.3044,0.0733,4.2748,-0.3247,0.0778,4.2522,-0.3313,0.0793,6.3061,-0.7342,0.0806,6.2093,-0.7204,0.0822,6.5346,-0.7682,0.0789,6.7363,-0.7919,0.0718,4.2666,-0.3042,0.0737,4.2794,-0.3093,0.0737,4.3035,-0.3202,0.0746,4.3392,-0.3256,0.0733,4.2786,-0.3239,0.0776,4.2497,-0.3320,0.0795,4.2468,-0.3327,0.0796,4.2729,-0.3252,0.0779,7.2275,-0.6977,-0.1696,8.1436,-0.7419,-0.4164,9.5700,-0.7540,-0.7100,6.1522,-0.7106,0.0830,6.2005,-0.7237,0.0832,6.3076,-0.7340,0.0812,6.4023,-0.7483,0.0783,6.5344,-0.7667,0.0764,6.5363,-0.7679,0.0798,6.5239,-0.7736,0.0800,6.6836,-0.7872,0.0705,6.7310,-0.7928,0.0698,6.7380,-0.7916,0.0726,6.7381,-0.7916,0.0725,4.2620,-0.3058,0.0734,8.1339,-0.7401,-0.4160,6.2093,-0.7204,0.0822
0.0594,2.8539,-0.0468,-0.0441,3.9708,-0.3494,-0.1951,5.4300,-0.7479,-0.0499,4.0806,-0.3801,-0.0453,3.9903,-0.3554,-0.0567,4.1830,-0.4091,-0.0647,4.2977,-0.4290,-0.1867,5.4773,-0.7852,-0.1898,5.4739,-0.7782,-0.1801,5.4999,-0.8110,-0.1713,5.4785,-0.8133,-0.0451,3.9870,-0.3564,-0.0463,4.0129,-0.3625,-0.0499,4.0826,-0.3803,-0.0495,4.0867,-0.3799,-0.0558,4.1690,-0.4060,-0.0656,4.3106,-0.4313,-0.0665,4.3231,-0.4332,-0.0573,4.1921,-0.4107,-0.4822,6.6352,-0.7786,-0.7703,7.5160,-0.8376,-1.1051,8.9036,-0.8662,-0.1909,5.4609,-0.7715,-0.1925,5.5067,-0.7849,-0.1864,5.4748,-0.7868,-0.1837,5.4828,-0.7912,-0.1793,5.4883,-0.8028,-0.1797,5.4968,-0.8131,-0.1843,5.5483,-0.8182,-0.1743,5.4906,-0.8059,-0.1723,5.4868,-0.8091,-0.1709,5.4755,-0.8153,-0.1709,5.4758,-0.8147,-0.0464,4.0104,-0.3588,-0.7695,7.5077,-0.8355,-0.1898,5.4739,-0.7782
-0.0315,0.0336,3.5494,-0.3308,-0.0849,4.8842,-0.7351,-0.2539,6.6335,-0.3469,-0.0888,4.9775,-0.3349,-0.0870,4.9187,-0.3556,-0.0917,5.0568,-0.3569,-0.0923,5.0891,-0.8139,-0.2768,6.9126,-0.7928,-0.2712,6.8466,-0.8703,-0.2947,7.1300,-0.9080,-0.3012,7.1995,-0.3375,-0.0883,4.9379,-0.3396,-0.0874,4.9347,-0.3472,-0.0888,4.9763,-0.3491,-0.0884,4.9688,-0.3558,-0.0918,5.0543,-0.3570,-0.0924,5.0931,-0.3566,-0.0921,5.0922,-0.3555,-0.0916,5.0579,-0.7683,-0.5443,7.9015,-0.8311,-0.8355,8.8169,-0.8622,-1.1705,10.2591,-0.7800,-0.2678,6.8040,-0.7918,-0.2706,6.8510,-0.8158,-0.2783,6.9291,-0.8334,-0.2814,6.9670,-0.8645,-0.2901,7.0715,-0.8728,-0.2965,7.1519,-0.8692,-0.2943,7.1348,-0.8894,-0.2937,7.1148,-0.9007,-0.2970,7.1524,-0.9105,-0.3030,7.2217,-0.9104,-0.3027,7.2152,-0.3348,-0.0868,4.9207,-0.8291,-0.8343,8.8062,-0.7928,-0.2712,6.8465
3.0161,-0.0289,0.0799,4.2670,-0.3102,0.0921,5.9862,-0.6903,0.1036,4.3004,-0.3267,0.0946,4.2675,-0.3118,0.0930,4.2780,-0.3325,0.0976,4.2553,-0.3392,0.0990,8.2428,-0.8224,-0.4366,8.1289,-0.8083,-0.4309,8.5106,-0.8566,-0.4488,8.7491,-0.8802,-0.4633,4.2696,-0.3117,0.0935,4.2825,-0.3168,0.0934,4.3067,-0.3278,0.0943,4.3425,-0.3333,0.0930,4.2818,-0.3317,0.0974,4.2527,-0.3400,0.0992,4.2499,-0.3407,0.0992,4.2760,-0.3330,0.0976,6.0176,-0.6948,0.1028,6.0511,-0.7016,0.1019,6.0553,-0.7014,0.1012,8.0616,-0.7980,-0.4279,8.1186,-0.8130,-0.4290,8.2442,-0.8219,-0.4365,8.3563,-0.8368,-0.4426,8.5115,-0.8553,-0.4501,8.5122,-0.8560,-0.4486,8.4984,-0.8639,-0.4466,8.6884,-0.8766,-0.4616,8.7440,-0.8820,-0.4644,8.7507,-0.8795,-0.4632,8.7508,-0.8796,-0.4630,4.2650,-0.3132,0.0931,6.0432,-0.6999,0.1019,8.1289,-0.8083,-0.4309
0.0720,2.8646,-0.0746,-0.0301,3.9831,-0.3816,-0.1794,5.4444,-0.7860,-0.0360,4.0933,-0.4127,-0.0313,4.0027,-0.3878,-0.0428,4.1960,-0.4420,-0.0508,4.3109,-0.4619,-0.7894,7.3423,-0.9522,-0.7914,7.3404,-0.9435,-0.7855,7.3655,-0.9847,-0.7789,7.3341,-0.9874,-0.0312,3.9994,-0.3889,-0.0324,4.0254,-0.3950,-0.0360,4.0953,-0.4129,-0.0355,4.0994,-0.4125,-0.0419,4.1819,-0.4388,-0.0517,4.3238,-0.4643,-0.0526,4.3364,-0.4661,-0.0434,4.2050,-0.4435,-0.1794,5.4525,-0.7890,-0.1796,5.4680,-0.7926,-0.1790,5.4624,-0.7905,-0.7913,7.3260,-0.9356,-0.7952,7.3803,-0.9509,-0.7889,7.3395,-0.9544,-0.7879,7.3466,-0.9594,-0.7850,7.3504,-0.9740,-0.7848,7.3619,-0.9877,-0.7913,7.4251,-0.9925,-0.7827,7.3491,-0.9769,-0.7809,7.3437,-0.9811,-0.7782,7.3306,-0.9903,-0.7782,7.3309,-0.9894,-0.0325,4.0229,-0.3912,-0.1792,5.4613,-0.7907,-0.7914,7.3405,-0.9435
-0.0475,0.0384,3.5846,-0.3516,-0.0801,4.9302,-0.7625,-0.2491,6.6937,-0.3679,-0.0840,5.0244,-0.3558,-0.0821,4.9650,-0.3767,-0.0868,5.1043,-0.3779,-0.0874,5.1369,-0.9801,-0.8996,8.9523,-0.9538,-0.8930,8.8729,-1.0488,-0.9220,9.2135,-1.0974,-0.9271,9.2978,-0.3584,-0.0835,4.9844,-0.3605,-0.0825,4.9812,-0.3683,-0.0839,5.0231,-0.3703,-0.0836,5.0156,-0.3769,-0.0870,5.1018,-0.3781,-0.0874,5.1410,-0.3776,-0.0872,5.1400,-0.3766,-0.0867,5.1055,-0.7679,-0.2506,6.7125,-0.7733,-0.2515,6.7265,-0.7727,-0.2507,6.7152,-0.9382,-0.8887,8.8222,-0.9519,-0.8937,8.8769,-0.9822,-0.9014,8.9724,-1.0046,-0.9046,9.0178,-1.0428,-0.9151,9.1431,-1.0515,-0.9244,9.2400,-1.0466,-0.9241,9.2176,-1.0752,-0.9178,9.1961,-1.0892,-0.9215,9.2414,-1.1002,-0.9295,9.3247,-1.1001,-0.9291,9.3165,-0.3557,-0.0820,4.9671,-0.7715,-0.2508,6.7174,-0.9538,-0.8930,8.8729
3.0261,-0.0382,0.0858,4.2805,-0.3213,0.0988,6.0044,-0.7037,0.1112,4.3139,-0.3380,0.1012,4.2810,-0.3229,0.0997,4.2915,-0.3439,0.1042,4.2688,-0.3509,0.1057,8.9043,-0.8644,-0.6081,8.7845,-0.8503,-0.6010,9.1855,-0.8988,-0.6238,9.4366,-0.9222,-0.6409,4.2831,-0.3228,0.1001,4.2960,-0.3280,0.1001,4.3203,-0.3391,0.1010,4.3562,-0.3446,0.0997,4.2954,-0.3431,0.1040,4.2662,-0.3516,0.1058,4.2634,-0.3524,0.1059,4.2895,-0.3444,0.1043,6.0359,-0.7082,0.1103,6.0695,-0.7150,0.1094,6.0737,-0.7148,0.1087,8.0854,-0.8130,-0.4209,10.6623,-0.9353,-1.1270,8.9056,-0.8638,-0.6081,9.0237,-0.8790,-0.6154,9.1867,-0.8975,-0.6248,9.1871,-0.8980,-0.6239,9.1728,-0.9068,-0.6212,9.3732,-0.9191,-0.6381,9.4316,-0.9243,-0.6416,9.4381,-0.9214,-0.6409,9.4383,-0.9215,-0.6406,4.2785,-0.3244,0.0998,6.0615,-0.7133,0.1095,8.7845,-0.8503,-0.6010
0.0788,2.8710,-0.0833,-0.0233,3.9922,-0.3922,-0.1725,5.4570,-0.7989,-0.0291,4.1027,-0.4235,-0.0245,4.0119,-0.3983,-0.0359,4.2057,-0.4528,-0.0440,4.3209,-0.4729,-0.9907,7.9758,-1.0080,-0.9922,7.9745,-0.9987,-0.9877,7.9993,-1.0428,-0.9818,7.9645,-1.0456,-0.0243,4.0086,-0.3995,-0.0255,4.0346,-0.4056,-0.0291,4.1047,-0.4236,-0.0286,4.1088,-0.4232,-0.0350,4.1915,-0.4497,-0.0449,4.3338,-0.4752,-0.0457,4.3464,-0.4770,-0.0365,4.2147,-0.4544,-0.1724,5.4651,-0.8019,-0.1726,5.4807,-0.8056,-0.1721,5.4750,-0.8034,-0.7856,7.3432,-0.9500,-1.6156,9.8710,-1.1271,-0.9900,7.9729,-1.0105,-0.9897,7.9797,-1.0156,-0.9873,7.9830,-1.0312,-0.9869,7.9956,-1.0461,-0.9940,8.0628,-1.0508,-0.9858,7.9806,-1.0341,-0.9841,7.9745,-1.0387,-0.9809,7.9609,-1.0489,-0.9810,7.9612,-1.0479,-0.0256,4.0321,-0.4018,-0.1723,5.4740,-0.8037,-0.9922,7.9745,-0.9987
-0.0559,0.0448,3.5923,-0.3618,-0.0736,4.9409,-0.7750,-0.2426,6.7082,-0.3782,-0.0775,5.0353,-0.3660,-0.0757,4.9758,-0.3870,-0.0803,5.1155,-0.3882,-0.0808,5.1482,-1.0378,-1.1024,9.6242,-1.0098,-1.0956,9.5404,-1.1107,-1.1264,9.8999,-1.1629,-1.1310,9.9891,-0.3686,-0.0770,4.9952,-0.3707,-0.0761,4.9920,-0.3786,-0.0775,5.0341,-0.3806,-0.0771,5.0265,-0.3872,-0.0805,5.1130,-0.3884,-0.0809,5.1522,-0.3879,-0.0806,5.1513,-0.3869,-0.0802,5.1166,-0.7804,-0.2442,6.7271,-0.7859,-0.2451,6.7411,-0.7852,-0.2442,6.7297,-0.9523,-0.8835,8.8412,-1.1309,-1.7193,11.4844,-1.0399,-1.1044,9.6455,-1.0640,-1.1076,9.6934,-1.1046,-1.1186,9.8256,-1.1134,-1.1289,9.9280,-1.1080,-1.1292,9.9038,-1.1396,-1.1210,9.8817,-1.1545,-1.1249,9.9296,-1.1658,-1.1336,10.0176,-1.1657,-1.1331,10.0089,-0.3659,-0.0755,4.9779,-0.7841,-0.2444,6.7320,-1.0098,-1.0956,9.5404
3.0243,-0.0339,0.0966,4.2831,-0.3167,0.1092,6.0132,-0.6986,0.1210,4.3167,-0.3334,0.1116,4.2836,-0.3183,0.1101,4.2942,-0.3393,0.1146,4.2714,-0.3462,0.1161,9.9384,-0.8967,-0.8874,8.8024,-0.8418,-0.5957,10.2411,-0.9314,-0.9089,10.5121,-0.9549,-0.9299,4.2858,-0.3182,0.1106,4.2988,-0.3234,0.1105,4.3231,-0.3345,0.1114,4.3591,-0.3400,0.1101,4.2981,-0.3385,0.1145,4.2688,-0.3469,0.1163,4.2659,-0.3477,0.1163,4.2922,-0.3398,0.1147,6.0448,-0.7032,0.1202,6.0785,-0.7101,0.1193,6.0827,-0.7098,0.1186,8.1011,-0.8054,-0.4144,8.7917,-0.8470,-0.5935,11.5781,-0.9076,-1.2280,10.0673,-0.9116,-0.8967,10.2428,-0.9302,-0.9092,10.2426,-0.9305,-0.9093,10.2275,-0.9403,-0.9056,10.4443,-0.9523,-0.9254,10.5072,-0.9575,-0.9301,10.5136,-0.9539,-0.9303,10.5138,-0.9540,-0.9298,4.2811,-0.3198,0.1102,6.0705,-0.7083,0.1193,8.8024,-0.8418,-0.5957
0.0892,2.8662,-0.0988,-0.0121,3.9853,-0.4092,-0.1602,5.4472,-0.8178,-0.0179,4.0956,-0.4406,-0.0133,4.0049,-0.4154,-0.0247,4.1984,-0.4700,-0.0327,4.3134,-0.4901,-1.3057,8.9452,-1.0946,-0.9774,7.9599,-1.0205,-1.3041,8.9689,-1.1329,-1.2994,8.9290,-1.1359,-0.0131,4.0016,-0.4166,-0.0143,4.0276,-0.4227,-0.0178,4.0976,-0.4407,-0.0173,4.1017,-0.4403,-0.0238,4.1843,-0.4669,-0.0336,4.3264,-0.4924,-0.0345,4.3390,-0.4942,-0.0253,4.2075,-0.4716,-0.1601,5.4553,-0.8209,-0.1603,5.4709,-0.8245,-0.1597,5.4652,-0.8224,-0.7714,7.3298,-0.9711,-0.9816,8.0021,-1.0281,-1.6904,10.5343,-1.1325,-1.3055,8.9485,-1.1028,-1.3039,8.9509,-1.1200,-1.3031,8.9650,-1.1366,-1.3112,9.0383,-1.1412,-1.3037,8.9466,-1.1228,-1.3022,8.9397,-1.1279,-1.2984,8.9251,-1.1396,-1.2985,8.9255,-1.1385,-0.0144,4.0251,-0.4189,-0.1599,5.4642,-0.8226,-0.9774,7.9599,-1.0205
-0.0695,0.0420,3.6248,-0.3794,-0.0759,4.9810,-0.7982,-0.2441,6.7583,-0.3959,-0.0798,5.0759,-0.3836,-0.0779,5.0161,-0.4047,-0.0826,5.1565,-0.4059,-0.0831,5.1894,-1.1386,-1.4372,10.7350,-1.0405,-1.0989,9.6072,-1.2182,-1.4638,11.0344,-1.2764,-1.4677,11.1318,-0.3862,-0.0793,5.0356,-0.3884,-0.0783,5.0324,-0.3963,-0.0797,5.0747,-0.3985,-0.0794,5.0671,-0.4049,-0.0828,5.1540,-0.4061,-0.0832,5.1935,-0.4056,-0.0829,5.1925,-0.4046,-0.0826,5.1577,-0.8037,-0.2456,6.7773,-0.8092,-0.2466,6.7914,-0.8086,-0.2457,6.7800,-0.9811,-0.8864,8.9039,-1.0382,-1.1000,9.6111,-1.1799,-1.8236,12.4431,-1.1675,-1.4427,10.8102,-1.2120,-1.4547,10.9538,-1.2211,-1.4666,11.0650,-1.2149,-1.4680,11.0379,-1.2512,-1.4567,11.0151,-1.2676,-1.4609,11.0672,-1.2794,-1.4706,11.1628,-1.2794,-1.4700,11.1531,-0.3835,-0.0778,5.0182,-0.8074,-0.2459,6.7823,-1.0404,-1.0989,9.6072
3.0323,-0.0357,0.1034,4.2963,-0.3195,0.1161,6.0334,-0.7028,0.1282,4.3300,-0.3363,0.1187,4.2968,-0.3211,0.1171,4.3074,-0.3423,0.1217,4.2845,-0.3492,0.1231,9.9744,-0.9004,-0.8848,8.8339,-0.8456,-0.5918,11.3096,-0.9759,-1.1958,11.6007,-0.9993,-1.2208,4.2989,-0.3210,0.1176,4.3120,-0.3263,0.1175,4.3364,-0.3374,0.1184,4.3726,-0.3430,0.1171,4.3113,-0.3415,0.1215,4.2819,-0.3500,0.1233,4.2790,-0.3507,0.1233,4.3054,-0.3428,0.1217,6.0652,-0.7074,0.1273,6.0990,-0.7143,0.1265,6.1033,-0.7140,0.1257,8.1297,-0.8093,-0.4097,8.8230,-0.8508,-0.5896,9.9756,-0.8997,-0.8851,11.1237,-0.9561,-1.1800,11.3119,-0.9748,-1.1954,11.3110,-0.9748,-1.1966,11.2952,-0.9858,-1.1920,11.5285,-0.9974,-1.2146,11.5959,-1.0024,-1.2205,11.6020,-0.9982,-1.2216,11.6023,-0.9983,-1.2209,4.2943,-0.3226,0.1172,6.0909,-0.7125,0.1265,8.8339,-0.8456,-0.5918
0.0997,2.8621,-0.1084,-0.0013,3.9809,-0.4197,-0.1491,5.4425,-0.8296,-0.0071,4.0913,-0.4513,-0.0025,4.0006,-0.4260,-0.0139,4.1941,-0.4808,-0.0219,4.3091,-0.5009,-1.2945,8.9395,-1.1076,-0.9662,7.9545,-1.0332,-1.6249,9.9472,-1.2125,-1.6214,9.9020,-1.2156,-0.0024,3.9973,-0.4272,-0.0036,4.0233,-0.4333,-0.0071,4.0933,-0.4514,-0.0065,4.0974,-0.4510,-0.0130,4.1800,-0.4777,-0.0228,4.3221,-0.5032,-0.0237,4.3346,-0.5051,-0.0145,4.2032,-0.4823,-0.1490,5.4506,-0.8327,-0.1492,5.4663,-0.8364,-0.1487,5.4606,-0.8342,-0.7603,7.3246,-0.9836,-0.9704,7.9967,-1.0408,-1.2938,8.9364,-1.1104,-1.6256,9.9258,-1.1796,-1.6248,9.9273,-1.1983,-1.6238,9.9430,-1.2166,-1.6328,10.0225,-1.2211,-1.6261,9.9211,-1.2010,-1.6247,9.9133,-1.2065,-1.6202,9.8979,-1.2198,-1.6203,9.8982,-1.2186,-0.0037,4.0207,-0.4295,-0.1488,5.4595,-0.8345,-0.9662,7.9545,-1.0332
-0.0829,0.0433,3.6436,-0.3958,-0.0740,5.0038,-0.8187,-0.2413,6.7863,-0.4124,-0.0779,5.0990,-0.4000,-0.0760,5.0390,-0.4212,-0.0807,5.1798,-0.4224,-0.0812,5.2128,-1.1672,-1.4351,10.7753,-1.0667,-1.0966,9.6440,-1.3216,-1.7942,12.1366,-1.3857,-1.7974,12.2417,-0.4026,-0.0774,5.0586,-0.4048,-0.0764,5.0553,-0.4128,-0.0778,5.0978,-0.4151,-0.0775,5.0902,-0.4214,-0.0809,5.1773,-0.4225,-0.0813,5.2169,-0.4221,-0.0810,5.2159,-0.4211,-0.0806,5.1810,-0.8243,-0.2429,6.8054,-0.8299,-0.2438,6.8195,-0.8293,-0.2429,6.8080,-1.0059,-0.8840,8.9385,-1.0644,-1.0976,9.6479,-1.1693,-1.4373,10.7985,-1.2670,-1.7710,11.8952,-1.3154,-1.7839,12.0497,-1.3246,-1.7974,12.1696,-1.3177,-1.7997,12.1396,-1.3585,-1.7854,12.1162,-1.3764,-1.7898,12.1723,-1.3888,-1.8006,12.2752,-1.3887,-1.8000,12.2647,-0.3999,-0.0758,5.0411,-0.8281,-0.2431,6.8103,-1.0667,-1.0966,9.6440
3.0379,-0.0388,0.1174,4.3083,-0.3236,0.1304,6.0543,-0.7082,0.1425,4.3422,-0.3406,0.1329,4.3088,-0.3253,0.1313,4.3196,-0.3466,0.1359,4.2965,-0.3537,0.1373,10.0144,-0.9039,-0.8768,8.8683,-0.8496,-0.5820,13.1517,-1.0493,-1.6948,13.4773,-1.0726,-1.7267,4.3110,-0.3252,0.1319,4.3241,-0.3305,0.1317,4.3486,-0.3418,0.1327,4.3850,-0.3473,0.1314,4.3234,-0.3459,0.1357,4.2939,-0.3545,0.1375,4.2910,-0.3552,0.1375,4.3175,-0.3472,0.1360,6.0862,-0.7128,0.1417,6.1202,-0.7198,0.1409,6.1245,-0.7195,0.1401,8.1607,-0.8137,-0.3987,8.8574,-0.8549,-0.5797,10.0156,-0.9031,-0.8771,11.1693,-0.9589,-1.1738,13.1548,-1.0483,-1.6932,13.1529,-1.0478,-1.6962,13.1357,-1.0608,-1.6898,13.3976,-1.0717,-1.7175,13.4727,-1.0766,-1.7254,13.4785,-1.0711,-1.7281,13.4789,-1.0712,-1.7271,4.3063,-0.3268,0.1314,6.1121,-0.7180,0.1409,8.8683,-0.8496,-0.5820
0.1138,2.8628,-0.1288,0.0136,3.9818,-0.4429,-0.1331,5.4435,-0.8563,0.0079,4.0923,-0.4747,0.0124,4.0015,-0.4493,0.0011,4.1952,-0.5044,-0.0069,4.3103,-0.5245,-1.2769,8.9410,-1.1401,-0.9491,7.9559,-1.0640,-2.1888,11.6708,-1.3622,-2.1873,11.6164,-1.3656,0.0126,3.9982,-0.4505,0.0114,4.0242,-0.4566,0.0079,4.0943,-0.4748,0.0085,4.0985,-0.4744,0.0020,4.1811,-0.5012,-0.0078,4.3233,-0.5269,-0.0087,4.3358,-0.5287,0.0005,4.2043,-0.5059,-0.1330,5.4516,-0.8594,-0.1331,5.4673,-0.8631,-0.1326,5.4616,-0.8610,-0.7434,7.3258,-1.0134,-0.9533,7.9980,-1.0717,-1.2761,8.9379,-1.1430,-1.6075,9.9274,-1.2137,-2.1889,11.6478,-1.3457,-2.1873,11.6663,-1.3671,-2.1981,11.7566,-1.3714,-2.1926,11.6383,-1.3482,-2.1915,11.6289,-1.3547,-2.1858,11.6119,-1.3705,-2.1859,11.6122,-1.3692,0.0113,4.0217,-0.4527,-0.1328,5.4606,-0.8612,-0.9491,7.9559,-1.0640
-0.1009,0.0456,3.6773,-0.4186,-0.0711,5.0463,-0.8482,-0.2378,6.8403,-0.4355,-0.0751,5.1422,-0.4229,-0.0732,5.0817,-0.4443,-0.0779,5.2235,-0.4454,-0.0783,5.2567,-1.2081,-1.4355,10.8557,-1.1043,-1.0959,9.7169,-1.4936,-2.3768,14.0773,-1.5678,-2.3786,14.1962,-0.4255,-0.0746,5.1015,-0.4278,-0.0736,5.0982,-0.4359,-0.0750,5.1409,-0.4383,-0.0747,5.1333,-0.4445,-0.0781,5.2210,-0.4456,-0.0784,5.2608,-0.4451,-0.0781,5.2598,-0.4442,-0.0778,5.2247,-0.8539,-0.2394,6.8595,-0.8596,-0.2403,6.8737,-0.8590,-0.2394,6.8622,-1.0414,-0.8826,9.0068,-1.1020,-1.0969,9.7208,-1.2102,-1.4378,10.8791,-1.3112,-1.7725,11.9830,-1.4872,-2.3642,13.9795,-1.4968,-2.3804,14.1146,-1.4886,-2.3845,14.0797,-1.5374,-2.3649,14.0549,-1.5578,-2.3698,14.1182,-1.5711,-2.3823,14.2341,-1.5711,-2.3816,14.2221,-0.4228,-0.0730,5.0839,-0.8577,-0.2396,6.8645,-1.1043,-1.0959,9.7169
3.0335,-0.0418,0.1232,4.3034,-0.3265,0.1361,6.0487,-0.7109,0.1483,4.3373,-0.3436,0.1387,4.3039,-0.3282,0.1371,4.3147,-0.3496,0.1416,4.2917,-0.3567,0.1431,10.0067,-0.9058,-0.8710,8.8613,-0.8518,-0.5762,15.8265,-1.0680,-2.2476,13.4681,-1.0739,-1.7208,4.3061,-0.3281,0.1376,4.3192,-0.3334,0.1375,4.3437,-0.3447,0.1384,4.3801,-0.3503,0.1371,4.3186,-0.3488,0.1415,4.2890,-0.3575,0.1432,4.2861,-0.3583,0.1433,4.3127,-0.3502,0.1417,6.0806,-0.7155,0.1475,6.1146,-0.7225,0.1467,6.1188,-0.7223,0.1459,8.1540,-0.8159,-0.3929,8.8504,-0.8570,-0.5740,10.0080,-0.9051,-0.8713,11.1611,-0.9606,-1.1680,13.1456,-1.0496,-1.6874,16.8607,-1.0724,-2.4647,15.8088,-1.0809,-2.2415,13.3884,-1.0730,-1.7117,13.4635,-1.0779,-1.7196,13.4693,-1.0724,-1.7223,13.4696,-1.0726,-1.7213,4.3014,-0.3297,0.1372,6.1065,-0.7207,0.1467,8.8613,-0.8518,-0.5762
0.1140,2.8737,-0.1387,0.0143,3.9944,-0.4548,-0.1316,5.4583,-0.8709,0.0086,4.1052,-0.4867,0.0131,4.0142,-0.4612,0.0018,4.2083,-0.5165,-0.0063,4.3236,-0.5367,-1.2748,8.9615,-1.1602,-0.9472,7.9748,-1.0826,-2.8183,14.2835,-1.4453,-2.1846,11.6412,-1.3903,0.0133,4.0109,-0.4625,0.0121,4.0370,-0.4686,0.0086,4.1072,-0.4868,0.0092,4.1113,-0.4864,0.0027,4.1941,-0.5133,-0.0072,4.3366,-0.5390,-0.0081,4.3492,-0.5408,0.0011,4.2174,-0.5180,-0.1315,5.4665,-0.8740,-0.1317,5.4822,-0.8778,-0.1311,5.4765,-0.8756,-0.7416,7.3437,-1.0310,-0.9514,8.0170,-1.0902,-1.2740,8.9584,-1.1631,-1.6052,9.9495,-1.2354,-2.1863,11.6727,-1.3701,-3.0593,15.2722,-1.4724,-2.8297,14.3843,-1.4549,-2.1899,11.6632,-1.3727,-2.1888,11.6537,-1.3793,-2.1830,11.6367,-1.3953,-2.1832,11.6371,-1.3939,0.0120,4.0344,-0.4647,-0.1313,5.4754,-0.8758,-0.9472,7.9748,-1.0826
-0.1013,0.0476,3.6893,-0.4201,-0.0696,5.0634,-0.8511,-0.2371,6.8641,-0.4371,-0.0736,5.1597,-0.4244,-0.0717,5.0990,-0.4459,-0.0764,5.2413,-0.4470,-0.0768,5.2746,-1.2116,-1.4400,10.8944,-1.1077,-1.0989,9.7514,-1.5650,-3.0112,16.8971,-1.5721,-2.3871,14.2473,-0.4271,-0.0731,5.1188,-0.4293,-0.0721,5.1155,-0.4375,-0.0735,5.1584,-0.4399,-0.0732,5.1507,-0.4461,-0.0766,5.2388,-0.4472,-0.0769,5.2788,-0.4467,-0.0766,5.2778,-0.4458,-0.0763,5.2425,-0.8568,-0.2387,6.8834,-0.8626,-0.2396,6.8977,-0.8620,-0.2388,6.8861,-1.0447,-0.8847,9.0386,-1.1054,-1.0999,9.7553,-1.2138,-1.4422,10.9179,-1.3149,-1.7784,12.0259,-1.4912,-2.3726,14.0298,-1.5952,-3.2555,18.0045,-1.5589,-3.0215,16.8984,-1.5416,-2.3733,14.1055,-1.5620,-2.3782,14.1690,-1.5755,-2.3908,14.2853,-1.5754,-2.3901,14.2733,-0.4243,-0.0715,5.1011,-0.8607,-0.2389,6.8884,-1.1077,-1.0989,9.7514
3.0417,-0.0491,0.1216,4.3121,-0.3351,0.1352,6.0581,-0.7211,0.1483,4.3461,-0.3522,0.1377,4.3126,-0.3368,0.1362,4.3235,-0.3584,0.1407,4.3005,-0.3656,0.1421,10.0181,-0.9201,-0.8690,8.8721,-0.8649,-0.5748,15.8405,-1.0880,-2.2430,13.4810,-1.0913,-1.7173,4.3148,-0.3366,0.1367,4.3280,-0.3420,0.1366,4.3525,-0.3533,0.1375,4.3889,-0.3589,0.1362,4.3274,-0.3576,0.1406,4.2978,-0.3664,0.1423,4.2950,-0.3672,0.1423,4.3215,-0.3589,0.1408,6.0900,-0.7257,0.1474,6.1241,-0.7327,0.1466,6.1283,-0.7324,0.1458,8.1645,-0.8283,-0.3919,8.8612,-0.8702,-0.5726,10.0194,-0.9194,-0.8694,11.1730,-0.9761,-1.1654,13.1586,-1.0671,-1.6839,15.8415,-1.0862,-2.2451,22.4300,-1.1490,-3.6087,13.4013,-1.0905,-1.7081,13.4764,-1.0953,-1.7160,13.4822,-1.0898,-1.7187,13.4826,-1.0900,-1.7177,4.3101,-0.3383,0.1362,6.1160,-0.7309,0.1466,8.8721,-0.8649,-0.5748
0.1143,2.8804,-0.1364,0.0142,4.0044,-0.4530,-0.1325,5.4726,-0.8698,0.0084,4.1155,-0.4850,0.0130,4.0242,-0.4595,0.0016,4.2189,-0.5149,-0.0065,4.3345,-0.5351,-1.2797,8.9860,-1.1586,-0.9509,7.9965,-1.0811,-2.8286,14.3237,-1.4425,-2.1927,11.6736,-1.3881,0.0131,4.0209,-0.4607,0.0120,4.0471,-0.4668,0.0084,4.1175,-0.4851,0.0090,4.1217,-0.4847,0.0025,4.2047,-0.5117,-0.0074,4.3476,-0.5375,-0.0083,4.3602,-0.5393,0.0010,4.2280,-0.5164,-0.1324,5.4808,-0.8729,-0.1325,5.4966,-0.8767,-0.1320,5.4909,-0.8745,-0.7446,7.3636,-1.0296,-0.9551,8.0388,-1.0887,-1.2789,8.9830,-1.1615,-1.6113,9.9770,-1.2336,-2.1944,11.7052,-1.3679,-2.8267,14.3186,-1.4481,-4.3996,20.8234,-1.5922,-2.1981,11.6957,-1.3706,-2.1969,11.6862,-1.3771,-2.1912,11.6691,-1.3931,-2.1913,11.6695,-1.3918,0.0118,4.0445,-0.4629,-0.1322,5.4898,-0.8747,-0.9509,7.9965,-1.0811
-0.1012,0.0522,3.6791,-0.4193,-0.0652,5.0511,-0.8492,-0.2330,6.8490,-0.4362,-0.0692,5.1473,-0.4236,-0.0673,5.0866,-0.4451,-0.0720,5.2289,-0.4462,-0.0723,5.2621,-1.2073,-1.4354,10.8726,-1.1041,-1.0944,9.7315,-1.5576,-3.0064,16.8656,-1.5658,-2.3822,14.2199,-0.4262,-0.0687,5.1064,-0.4285,-0.0677,5.1031,-0.4367,-0.0691,5.1460,-0.4390,-0.0688,5.1384,-0.4453,-0.0722,5.2263,-0.4464,-0.0724,5.2663,-0.4459,-0.0721,5.2653,-0.4450,-0.0719,5.2300,-0.8549,-0.2345,6.8683,-0.8607,-0.2354,6.8826,-0.8600,-0.2346,6.8710,-1.0415,-0.8803,9.0199,-1.1018,-1.0955,9.7354,-1.2095,-1.4377,10.8961,-1.3099,-1.7738,12.0022,-1.4850,-2.3678,14.0027,-1.5610,-3.0108,16.9089,-1.7133,-4.5565,23.6544,-1.5353,-2.3685,14.0783,-1.5557,-2.3734,14.1417,-1.5691,-2.3859,14.2579,-1.5691,-2.3852,14.2458,-0.4235,-0.0671,5.0888,-0.8588,-0.2348,6.8733,-1.1041,-1.0944,9.7315
3.0503,-0.0391,0.1259,4.3287,-0.3252,0.1388,6.0857,-0.7115,0.1509,4.3629,-0.3424,0.1414,4.3292,-0.3269,0.1398,4.3401,-0.3484,0.1444,4.3169,-0.3555,0.1458,10.0703,-0.9059,-0.8760,8.9171,-0.8521,-0.5790,13.2270,-1.0503,-1.7001,15.6314,-1.1525,-2.3154,4.3315,-0.3268,0.1403,4.3446,-0.3321,0.1402,4.3693,-0.3435,0.1411,4.4059,-0.3491,0.1398,4.3440,-0.3476,0.1442,4.3142,-0.3563,0.1460,4.3113,-0.3571,0.1460,4.3381,-0.3490,0.1445,6.1178,-0.7162,0.1501,6.1521,-0.7232,0.1493,6.1564,-0.7230,0.1485,8.2052,-0.8163,-0.3944,8.9062,-0.8573,-0.5768,10.0716,-0.9052,-0.8763,11.2323,-0.9606,-1.1752,13.2301,-1.0493,-1.6985,13.2282,-1.0488,-1.7015,13.2109,-1.0619,-1.6951,15.5432,-1.1529,-2.3029,15.6271,-1.1575,-2.3131,15.6325,-1.1506,-2.3176,15.6329,-1.1508,-2.3162,4.3267,-0.3284,0.1398,6.1439,-0.7214,0.1493,8.9171,-0.8521,-0.5790
0.1297,2.8525,-0.1405,0.0298,3.9701,-0.4553,-0.1166,5.4300,-0.8696,0.0241,4.0805,-0.4872,0.0286,3.9898,-0.4617,0.0174,4.1833,-0.5171,0.0094,4.2982,-0.5372,-1.2599,8.9228,-1.1535,-0.9322,7.9390,-1.0774,-2.1715,11.6490,-1.3755,-2.8386,13.5502,-1.5059,0.0287,3.9865,-0.4630,0.0276,4.0125,-0.4691,0.0242,4.0826,-0.4874,0.0248,4.0867,-0.4870,0.0182,4.1692,-0.5139,0.0085,4.3112,-0.5396,0.0076,4.3238,-0.5414,0.0168,4.1924,-0.5186,-0.1164,5.4382,-0.8728,-0.1166,5.4539,-0.8765,-0.1160,5.4482,-0.8743,-0.7266,7.3099,-1.0267,-0.9364,7.9812,-1.0850,-1.2592,8.9197,-1.1563,-1.5904,9.9079,-1.2271,-2.1716,11.6260,-1.3589,-2.1700,11.6445,-1.3805,-2.1808,11.7347,-1.3848,-2.8446,13.5753,-1.4855,-2.8438,13.5641,-1.4929,-2.8366,13.5452,-1.5117,-2.8368,13.5456,-1.5101,0.0274,4.0099,-0.4652,-0.1162,5.4471,-0.8746,-0.9322,7.9390,-1.0774
-0.1212,0.0458,3.7061,-0.4435,-0.0698,5.0807,-0.8794,-0.2350,6.8821,-0.4605,-0.0738,5.1770,-0.4478,-0.0719,5.1164,-0.4693,-0.0766,5.2587,-0.4704,-0.0770,5.2920,-1.2520,-1.4328,10.9151,-1.1446,-1.0932,9.7713,-1.5477,-2.3742,14.1508,-1.7753,-3.0343,16.3901,-0.4504,-0.0733,5.1362,-0.4528,-0.0723,5.1329,-0.4610,-0.0737,5.1758,-0.4635,-0.0734,5.1681,-0.4695,-0.0768,5.2562,-0.4705,-0.0771,5.2961,-0.4701,-0.0768,5.2951,-0.4692,-0.0765,5.2599,-0.8852,-0.2366,6.9014,-0.8910,-0.2375,6.9157,-0.8904,-0.2366,6.9041,-1.0794,-0.8799,9.0580,-1.1423,-1.0942,9.7752,-1.2542,-1.4351,10.9386,-1.3589,-1.7698,12.0474,-1.5414,-2.3615,14.0526,-1.5509,-2.3778,14.1883,-1.5427,-2.3818,14.1532,-1.7413,-3.0187,16.2312,-1.7645,-3.0240,16.3025,-1.7789,-3.0386,16.4328,-1.7789,-3.0378,16.4191,-0.4477,-0.0717,5.1185,-0.8891,-0.2368,6.9064,-1.1446,-1.0932,9.7713
3.0511,-0.0392,0.1308,4.3317,-0.3255,0.1437,6.0915,-0.7120,0.1558,4.3658,-0.3427,0.1463,4.3322,-0.3272,0.1447,4.3430,-0.3488,0.1493,4.3198,-0.3559,0.1507,10.0823,-0.9051,-0.8736,8.9273,-0.8516,-0.5758,13.2439,-1.0485,-1.6996,16.9409,-1.1990,-2.6785,4.3344,-0.3271,0.1453,4.3476,-0.3324,0.1451,4.3723,-0.3438,0.1461,4.4089,-0.3495,0.1448,4.3469,-0.3480,0.1492,4.3171,-0.3566,0.1509,4.3142,-0.3574,0.1509,4.3410,-0.3493,0.1494,6.1237,-0.7167,0.1550,6.1580,-0.7237,0.1541,6.1623,-0.7235,0.1534,8.2143,-0.8161,-0.3908,8.9163,-0.8569,-0.5736,10.0836,-0.9044,-0.8739,11.2462,-0.9595,-1.1735,13.2471,-1.0475,-1.6980,13.2452,-1.0470,-1.7010,13.2278,-1.0601,-1.6946,15.5637,-1.1504,-2.3038,16.9367,-1.2047,-2.6754,16.9419,-1.1970,-2.6811,16.9424,-1.1972,-2.6795,4.3296,-0.3287,0.1448,6.1498,-0.7219,0.1541,8.9273,-0.8516,-0.5758
0.1344,2.8522,-0.1478,0.0348,3.9696,-0.4635,-0.1111,5.4291,-0.8789,0.0292,4.0800,-0.4955,0.0336,3.9892,-0.4700,0.0224,4.1828,-0.5254,0.0144,4.2977,-0.5456,-1.2535,8.9211,-1.1649,-0.9261,7.9376,-1.0882,-2.1643,11.6466,-1.3887,-3.2493,14.7715,-1.5991,0.0338,3.9859,-0.4713,0.0327,4.0120,-0.4773,0.0292,4.0820,-0.4956,0.0299,4.0862,-0.4952,0.0233,4.1687,-0.5222,0.0136,4.3107,-0.5479,0.0127,4.3232,-0.5497,0.0218,4.1919,-0.5269,-0.1109,5.4373,-0.8821,-0.1111,5.4530,-0.8859,-0.1105,5.4473,-0.8837,-0.7206,7.3085,-1.0372,-0.9302,7.9797,-1.0959,-1.2527,8.9180,-1.1678,-1.5837,9.9060,-1.2391,-2.1644,11.6236,-1.3720,-2.1628,11.6421,-1.3936,-2.1736,11.7323,-1.3979,-2.8368,13.5725,-1.4997,-3.2552,14.7862,-1.5849,-3.2472,14.7662,-1.6054,-3.2474,14.7666,-1.6038,0.0325,4.0094,-0.4734,-0.1107,5.4462,-0.8839,-0.9261,7.9376,-1.0882
-0.1273,0.0459,3.7188,-0.4514,-0.0695,5.0967,-0.8896,-0.2344,6.9023,-0.4684,-0.0735,5.1933,-0.4557,-0.0716,5.1324,-0.4772,-0.0763,5.2751,-0.4783,-0.0767,5.3085,-1.2665,-1.4336,10.9451,-1.1578,-1.0936,9.7985,-1.5655,-2.3761,14.1887,-1.8875,-3.4480,17.7540,-0.4583,-0.0730,5.1523,-0.4607,-0.0720,5.1490,-0.4689,-0.0734,5.1920,-0.4714,-0.0731,5.1844,-0.4774,-0.0765,5.2726,-0.4784,-0.0768,5.3126,-0.4780,-0.0765,5.3116,-0.4771,-0.0762,5.2763,-0.8955,-0.2360,6.9217,-0.9013,-0.2369,6.9360,-0.9007,-0.2361,6.9244,-1.0919,-0.8801,9.0835,-1.1555,-1.0946,9.8024,-1.2687,-1.4359,10.9687,-1.3746,-1.7711,12.0802,-1.5591,-2.3634,14.0903,-1.5687,-2.3798,14.2263,-1.5604,-2.3837,14.1910,-1.7615,-3.0213,16.2742,-1.8761,-3.4368,17.6604,-1.8912,-3.4526,17.7998,-1.8912,-3.4518,17.7850,-0.4556,-0.0714,5.1346,-0.8994,-0.2362,6.9267,-1.1578,-1.0936,9.7985
3.0437,-0.0392,0.1371,4.3236,-0.3250,0.1499,6.0825,-0.7107,0.1618,4.3577,-0.3422,0.1525,4.3241,-0.3266,0.1509,4.3349,-0.3482,0.1555,4.3117,-0.3553,0.1569,10.0705,-0.9015,-0.8681,8.9164,-0.8487,-0.5702,13.2300,-1.0431,-1.6946,18.2102,-1.2402,-3.0357,4.3263,-0.3265,0.1514,4.3395,-0.3319,0.1513,4.3642,-0.3433,0.1522,4.4008,-0.3489,0.1509,4.3389,-0.3474,0.1553,4.3091,-0.3561,0.1571,4.3061,-0.3569,0.1571,4.3329,-0.3488,0.1555,6.1146,-0.7154,0.1610,6.1489,-0.7224,0.1601,6.1532,-0.7222,0.1594,8.2038,-0.8136,-0.3851,8.9054,-0.8539,-0.5680,10.0718,-0.9008,-0.8684,11.2336,-0.9552,-1.1681,13.2332,-1.0421,-1.6930,13.2313,-1.0416,-1.6960,13.2139,-1.0547,-1.6896,15.5482,-1.1437,-2.2990,16.9203,-1.1971,-2.6708,19.2530,-1.2438,-3.2551,18.2116,-1.2381,-3.0369,4.3215,-0.3281,0.1509,6.1408,-0.7206,0.1601,8.9164,-0.8487,-0.5702
0.1345,2.8595,-0.1577,0.0356,3.9772,-0.4751,-0.1094,5.4372,-0.8929,0.0299,4.0878,-0.5073,0.0344,3.9969,-0.4817,0.0231,4.1907,-0.5372,0.0151,4.3057,-0.5574,-1.2497,8.9306,-1.1843,-0.9228,7.9467,-1.1061,-2.1588,11.6573,-1.4125,-3.6602,16.0082,-1.7068,0.0345,3.9936,-0.4830,0.0334,4.0197,-0.4891,0.0300,4.0898,-0.5074,0.0306,4.0940,-0.5070,0.0240,4.1765,-0.5340,0.0143,4.3186,-0.5598,0.0134,4.3312,-0.5616,0.0225,4.1997,-0.5387,-0.1092,5.4453,-0.8961,-0.1094,5.4611,-0.8999,-0.1088,5.4554,-0.8977,-0.7178,7.3174,-1.0541,-0.9270,7.9888,-1.1137,-1.2489,8.9276,-1.1873,-1.5793,9.9159,-1.2601,-2.1589,11.6343,-1.3957,-2.1573,11.6528,-1.4175,-2.1681,11.7430,-1.4217,-2.8300,13.5839,-1.5265,-3.2476,14.7980,-1.6135,-3.9027,16.9928,-1.7343,-3.6581,16.0031,-1.7120,0.0333,4.0171,-0.4851,-0.1090,5.4543,-0.8980,-0.9228,7.9467,-1.1061
-0.1277,0.0461,3.7310,-0.4529,-0.0697,5.1133,-0.8925,-0.2352,6.9248,-0.4700,-0.0737,5.2102,-0.4572,-0.0718,5.1492,-0.4788,-0.0766,5.2924,-0.4798,-0.0770,5.3258,-1.2706,-1.4383,10.9808,-1.1616,-1.0972,9.8305,-1.5706,-2.3838,14.2350,-1.9844,-3.8701,19.1310,-0.4598,-0.0732,5.1691,-0.4622,-0.0723,5.1658,-0.4704,-0.0737,5.2090,-0.4730,-0.0733,5.2013,-0.4790,-0.0768,5.2898,-0.4800,-0.0771,5.3299,-0.4795,-0.0768,5.3290,-0.4787,-0.0765,5.2935,-0.8984,-0.2368,6.9442,-0.9043,-0.2377,6.9586,-0.9037,-0.2368,6.9470,-1.0955,-0.8829,9.1132,-1.1593,-1.0982,9.8344,-1.2728,-1.4406,11.0044,-1.3791,-1.7768,12.1196,-1.5642,-2.3711,14.1363,-1.5738,-2.3875,14.2727,-1.5655,-2.3915,14.2373,-1.7673,-3.0311,16.3273,-1.8822,-3.4480,17.7181,-2.0164,-4.1136,20.2474,-1.9883,-3.8742,19.1640,-0.4571,-0.0716,5.1513,-0.9024,-0.2370,6.9493,-1.1616,-1.0972,9.8305
3.0438,-0.0392,0.1371,4.3237,-0.3250,0.1499,6.0826,-0.7107,0.1619,4.3578,-0.3422,0.1525,4.3242,-0.3267,0.1509,4.3351,-0.3482,0.1555,4.3118,-0.3553,0.1569,10.0707,-0.9016,-0.8679,8.9165,-0.8488,-0.5700,13.2302,-1.0432,-1.6942,18.2104,-1.2404,-3.0352,4.3264,-0.3265,0.1515,4.3396,-0.3319,0.1513,4.3643,-0.3433,0.1523,4.4009,-0.3489,0.1510,4.3390,-0.3474,0.1554,4.3092,-0.3561,0.1571,4.3062,-0.3569,0.1571,4.3330,-0.3488,0.1556,6.1147,-0.7154,0.1611,6.1490,-0.7224,0.1603,6.1533,-0.7222,0.1595,8.2039,-0.8136,-0.3849,8.9055,-0.8540,-0.5678,10.0720,-0.9009,-0.8682,11.2338,-0.9554,-1.1679,13.2333,-1.0423,-1.6926,13.2315,-1.0418,-1.6956,13.2141,-1.0548,-1.6892,15.5484,-1.1439,-2.2986,16.9204,-1.1974,-2.6704,18.2113,-1.2381,-3.0382,19.4979,-1.2872,-3.3985,4.3216,-0.3281,0.1510,6.1409,-0.7206,0.1603,8.9165,-0.8488,-0.5700
0.1345,2.8592,-0.1574,0.0356,3.9769,-0.4748,-0.1094,5.4368,-0.8925,0.0299,4.0874,-0.5069,0.0344,3.9966,-0.4813,0.0231,4.1903,-0.5369,0.0151,4.3053,-0.5571,-1.2498,8.9303,-1.1839,-0.9229,7.9463,-1.1057,-2.1590,11.6569,-1.4119,-3.6605,16.0078,-1.7062,0.0345,3.9933,-0.4827,0.0334,4.0194,-0.4887,0.0300,4.0895,-0.5071,0.0306,4.0936,-0.5066,0.0240,4.1762,-0.5337,0.0142,4.3183,-0.5594,0.0134,4.3309,-0.5612,0.0225,4.1994,-0.5384,-0.1093,5.4450,-0.8958,-0.1094,5.4607,-0.8996,-0.1089,5.4550,-0.8973,-0.7179,7.3170,-1.0537,-0.9271,7.9885,-1.1133,-1.2490,8.9272,-1.1868,-1.5794,9.9156,-1.2596,-2.1591,11.6339,-1.3952,-2.1575,11.6524,-1.4170,-2.1682,11.7426,-1.4212,-2.8303,13.5835,-1.5259,-3.2479,14.7977,-1.6129,-3.6581,16.0023,-1.7131,-4.0771,17.2273,-1.7893,0.0332,4.0167,-0.4848,-0.1091,5.4539,-0.8976,-0.9229,7.9463,-1.1057
-0.1277,0.0460,3.7296,-0.4527,-0.0697,5.1114,-0.8922,-0.2351,6.9222,-0.4698,-0.0737,5.2082,-0.4570,-0.0718,5.1472,-0.4786,-0.0766,5.2903,-0.4797,-0.0770,5.3238,-1.2701,-1.4378,10.9766,-1.1612,-1.0967,9.8267,-1.5700,-2.3829,14.2295,-1.9836,-3.8686,19.1237,-0.4596,-0.0732,5.1672,-0.4620,-0.0722,5.1638,-0.4702,-0.0736,5.2070,-0.4728,-0.0733,5.1993,-0.4788,-0.0768,5.2878,-0.4798,-0.0770,5.3279,-0.4793,-0.0767,5.3269,-0.4785,-0.0765,5.2915,-0.8980,-0.2367,6.9416,-0.9039,-0.2376,6.9560,-0.9033,-0.2367,6.9443,-1.0951,-0.8826,9.1097,-1.1588,-1.0977,9.8306,-1.2723,-1.4401,11.0003,-1.3786,-1.7762,12.1150,-1.5636,-2.3702,14.1309,-1.5732,-2.3866,14.2673,-1.5649,-2.3906,14.2319,-1.7666,-3.0300,16.3211,-1.8815,-3.4467,17.7113,-1.9875,-3.8736,19.1726,-2.0782,-4.2826,20.4733,-0.4569,-0.0716,5.1494,-0.9020,-0.2369,6.9467,-1.1612,-1.0967,9.8267
2.9977,-0.0216,0.0365,4.2300,-0.2991,0.0455,4.4073,-0.3326,0.0679,4.2627,-0.3151,0.0477,6.2330,-0.3194,-0.3678,4.2407,-0.3206,0.0505,4.2184,-0.3271,0.0519,4.6837,-0.3804,0.0660,4.6025,-0.3673,0.0670,4.8761,-0.4118,0.0649,5.0449,-0.4357,0.0607,6.2349,-0.3190,-0.3680,4.2452,-0.3055,0.0467,4.2690,-0.3162,0.0474,4.3043,-0.3215,0.0461,4.2444,-0.3198,0.0503,4.2158,-0.3278,0.0520,4.2130,-0.3285,0.0521,4.2387,-0.3211,0.0505,4.4329,-0.3365,0.0673,4.4604,-0.3422,0.0667,4.4637,-0.3423,0.0664,4.5547,-0.3585,0.0675,4.5947,-0.3689,0.0674,4.6852,-0.3803,0.0663,4.7642,-0.3936,0.0647,4.8753,-0.4110,0.0635,4.8778,-0.4117,0.0653,4.8667,-0.4146,0.0654,4.9996,-0.4306,0.0600,5.0395,-0.4361,0.0596,5.0466,-0.4355,0.0612,5.0467,-0.4355,0.0611,7.8327,-0.3353,-0.6991,4.4539,-0.3409,0.0668,4.6025,-0.3673,0.0670
0.0265,2.8765,-0.0281,-0.0797,3.9957,-0.3279,-0.0710,4.0502,-0.3455,-0.0858,4.1057,-0.3583,-0.5544,6.0165,-0.3804,-0.0926,4.2083,-0.3870,-0.1007,4.3232,-0.4067,-0.0677,4.0934,-0.3700,-0.0691,4.0893,-0.3658,-0.0652,4.1142,-0.3858,-0.0606,4.0996,-0.3855,-0.5540,6.0126,-0.3819,-0.0820,4.0379,-0.3409,-0.0858,4.1077,-0.3584,-0.0855,4.1117,-0.3580,-0.0917,4.1942,-0.3838,-0.1016,4.3362,-0.4090,-0.1024,4.3488,-0.4108,-0.0932,4.2174,-0.3885,-0.0711,4.0572,-0.3475,-0.0714,4.0707,-0.3504,-0.0710,4.0663,-0.3489,-0.0695,4.0777,-0.3611,-0.0707,4.1167,-0.3721,-0.0676,4.0911,-0.3707,-0.0664,4.0993,-0.3736,-0.0644,4.1054,-0.3805,-0.0650,4.1114,-0.3867,-0.0680,4.1538,-0.3926,-0.0620,4.1098,-0.3820,-0.0610,4.1071,-0.3835,-0.0604,4.0968,-0.3864,-0.0604,4.0971,-0.3861,-0.9352,7.6430,-0.4200,-0.0711,4.0652,-0.3490,-0.0691,4.0894,-0.3658
-0.0117,0.0278,3.5087,-0.3034,-0.0918,4.8307,-0.3396,-0.0782,5.0043,-0.3192,-0.0958,4.9231,-0.3509,-0.5769,6.9340,-0.3280,-0.0987,5.0016,-0.3292,-0.0994,5.0336,-0.4014,-0.0953,5.2349,-0.3852,-0.0910,5.1808,-0.4459,-0.1085,5.4136,-0.4732,-0.1137,5.4695,-0.3535,-0.5788,6.9580,-0.3121,-0.0942,4.8807,-0.3195,-0.0957,4.9218,-0.3213,-0.0954,4.9144,-0.3281,-0.0988,4.9991,-0.3294,-0.0995,5.0376,-0.3290,-0.0993,5.0366,-0.3279,-0.0986,5.0027,-0.3433,-0.0794,5.0193,-0.3471,-0.0802,5.0307,-0.3462,-0.0796,5.0213,-0.3753,-0.0885,5.1455,-0.3848,-0.0906,5.1855,-0.4031,-0.0964,5.2484,-0.4160,-0.0988,5.2793,-0.4401,-0.1053,5.3652,-0.4482,-0.1098,5.4315,-0.4454,-0.1081,5.4189,-0.4576,-0.1084,5.3995,-0.4665,-0.1109,5.4303,-0.4756,-0.1150,5.4876,-0.4755,-0.1148,5.4824,-0.3852,-0.9641,8.5881,-0.3457,-0.0797,5.0233,-0.3852,-0.0910,5.1808
3.0154,-0.0222,0.0606,4.2611,-0.3026,0.0724,5.9731,-0.6815,0.0833,4.2942,-0.3189,0.0748,4.2615,-0.3041,0.0732,4.2719,-0.3244,0.0778,4.2493,-0.3311,0.0793,6.3018,-0.7337,0.0805,6.2050,-0.7199,0.0822,6.5300,-0.7676,0.0789,6.7317,-0.7914,0.0718,4.2636,-0.3040,0.0737,4.2765,-0.3091,0.0737,4.3005,-0.3199,0.0746,4.3362,-0.3254,0.0732,4.2757,-0.3237,0.0776,4.2467,-0.3318,0.0794,4.2439,-0.3325,0.0795,4.2699,-0.3250,0.0779,7.2225,-0.6972,-0.1695,8.1380,-0.7414,-0.4161,8.1433,-0.7412,-0.4168,6.1480,-0.7101,0.0830,6.1962,-0.7232,0.0831,6.3032,-0.7335,0.0811,6.3979,-0.7477,0.0783,6.5299,-0.7662,0.0764,6.5318,-0.7673,0.0797,6.5194,-0.7731,0.0799,6.6790,-0.7867,0.0704,6.7264,-0.7923,0.0697,6.7334,-0.7911,0.0726,6.7335,-0.7911,0.0724,4.2590,-0.3055,0.0734,8.1283,-0.7396,-0.4157,6.2050,-0.7199,0.0822
0.0583,2.8552,-0.0468,-0.0451,3.9723,-0.3494,-0.1961,5.4317,-0.7482,-0.0510,4.0821,-0.3802,-0.0463,3.9918,-0.3554,-0.0577,4.1846,-0.4092,-0.0658,4.2992,-0.4291,-0.1876,5.4789,-0.7854,-0.1908,5.4756,-0.7784,-0.1811,5.5015,-0.8112,-0.1723,5.4801,-0.8135,-0.0462,3.9885,-0.3565,-0.0474,4.0144,-0.3626,-0.0510,4.0841,-0.3804,-0.0505,4.0882,-0.3799,-0.0568,4.1705,-0.4061,-0.0667,4.3121,-0.4314,-0.0675,4.3247,-0.4332,-0.0583,4.1936,-0.4107,-0.4831,6.6369,-0.7789,-0.7712,7.5179,-0.8380,-0.7707,7.5105,-0.8355,-0.1919,5.4625,-0.7717,-0.1935,5.5084,-0.7851,-0.1874,5.4765,-0.7870,-0.1847,5.4844,-0.7914,-0.1803,5.4899,-0.8030,-0.1807,5.4984,-0.8133,-0.1853,5.5499,-0.8184,-0.1753,5.4922,-0.8061,-0.1733,5.4884,-0.8092,-0.1719,5.4771,-0.8155,-0.1719,5.4774,-0.8149,-0.0475,4.0119,-0.3589,-0.7704,7.5096,-0.8360,-0.1908,5.4756,-0.7784
-0.0300,0.0336,3.5481,-0.3290,-0.0850,4.8828,-0.7330,-0.2542,6.6320,-0.3451,-0.0890,4.9761,-0.3332,-0.0871,4.9173,-0.3539,-0.0918,5.0554,-0.3551,-0.0924,5.0877,-0.8118,-0.2771,6.9111,-0.7906,-0.2714,6.8451,-0.8681,-0.2949,7.1285,-0.9058,-0.3015,7.1980,-0.3357,-0.0884,4.9365,-0.3378,-0.0875,4.9333,-0.3454,-0.0889,4.9749,-0.3473,-0.0886,4.9674,-0.3541,-0.0920,5.0529,-0.3553,-0.0925,5.0917,-0.3548,-0.0922,5.0908,-0.3538,-0.0917,5.0565,-0.7660,-0.5446,7.9000,-0.8286,-0.8359,8.8153,-0.8281,-0.8343,8.8019,-0.7778,-0.2681,6.8025,-0.7897,-0.2708,6.8495,-0.8136,-0.2786,6.9276,-0.8313,-0.2816,6.9655,-0.8623,-0.2904,7.0699,-0.8706,-0.2967,7.1504,-0.8670,-0.2946,7.1333,-0.8872,-0.2940,7.1132,-0.8985,-0.2972,7.1508,-0.9083,-0.3033,7.2201,-0.9082,-0.3029,7.2136,-0.3331,-0.0869,4.9194,-0.8266,-0.8347,8.8046,-0.7906,-0.2714,6.8450
2.9605,-0.0314,0.0841,4.1895,-0.3079,0.0963,5.8786,-0.6814,0.1079,4.2223,-0.3242,0.0987,4.1900,-0.3095,0.0972,4.2003,-0.3299,0.1017,4.1780,-0.3366,0.1031,8.7197,-0.8368,-0.5980,8.6023,-0.8230,-0.5911,8.9953,-0.8706,-0.6135,9.2412,-0.8936,-0.6302,4.1921,-0.3094,0.0977,4.2047,-0.3145,0.0976,4.2285,-0.3253,0.0985,4.2637,-0.3307,0.0972,4.2040,-0.3291,0.1015,4.1755,-0.3373,0.1033,4.1727,-0.3380,0.1033,4.1983,-0.3304,0.1017,5.9094,-0.6859,0.1070,5.9423,-0.6926,0.1062,5.9464,-0.6923,0.1055,7.9174,-0.7870,-0.4144,8.5918,-0.8281,-0.5890,8.7209,-0.8363,-0.5981,8.8367,-0.8511,-0.6052,8.9964,-0.8693,-0.6144,8.9967,-0.8698,-0.6136,8.9828,-0.8783,-0.6109,9.1791,-0.8905,-0.6274,9.2363,-0.8957,-0.6309,9.2427,-0.8928,-0.6303,9.2429,-0.8929,-0.6300,4.1875,-0.3109,0.0973,5.9345,-0.6909,0.1062,9.1246,-0.8230,-0.5911
0.0771,2.8084,-0.0815,-0.0228,3.9051,-0.3836,-0.1688,5.3379,-0.7815,-0.0285,4.0132,-0.4142,-0.0239,3.9244,-0.3897,-0.0351,4.1139,-0.4430,-0.0430,4.2266,-0.4625,-0.9691,7.8018,-0.9860,-0.9706,7.8005,-0.9769,-0.9661,7.8247,-1.0201,-0.9603,7.7907,-1.0228,-0.0238,3.9211,-0.3908,-0.0250,3.9466,-0.3968,-0.0285,4.0151,-0.4143,-0.0280,4.0192,-0.4139,-0.0342,4.1001,-0.4399,-0.0439,4.2393,-0.4648,-0.0448,4.2516,-0.4666,-0.0357,4.1228,-0.4444,-0.1687,5.3459,-0.7844,-0.1689,5.3611,-0.7880,-0.1684,5.3556,-0.7859,-0.7685,7.1830,-0.9293,-0.9747,7.8418,-0.9844,-0.9684,7.7989,-0.9884,-0.9681,7.8056,-0.9935,-0.9657,7.8089,-1.0087,-0.9653,7.8211,-1.0232,-0.9723,7.8869,-1.0279,-0.9642,7.8064,-1.0116,-0.9626,7.8005,-1.0160,-0.9595,7.7872,-1.0260,-0.9596,7.7875,-1.0250,-0.0251,3.9441,-0.3930,-0.1685,5.3545,-0.7861,-0.9706,8.3078,-0.9769
-0.0548,0.0398,3.5258,-0.3548,-0.0761,4.8479,-0.7603,-0.2414,6.5807,-0.3709,-0.0799,4.9405,-0.3590,-0.0781,4.8822,-0.3796,-0.0827,5.0190,-0.3807,-0.0832,5.0511,-1.0191,-1.0835,9.4398,-0.9916,-1.0768,9.3576,-1.0905,-1.1070,9.7100,-1.1417,-1.1116,9.7976,-0.3615,-0.0794,4.9012,-0.3636,-0.0785,4.8980,-0.3713,-0.0798,4.9393,-0.3733,-0.0795,4.9319,-0.3798,-0.0828,5.0166,-0.3809,-0.0832,5.0551,-0.3805,-0.0830,5.0541,-0.3795,-0.0826,5.0202,-0.7656,-0.2429,6.5992,-0.7710,-0.2438,6.6129,-0.7703,-0.2429,6.6017,-0.9349,-0.8691,8.6721,-0.9894,-1.0778,9.3614,-1.0211,-1.0855,9.4606,-1.0447,-1.0886,9.5076,-1.0845,-1.0994,9.6372,-1.0932,-1.1095,9.7376,-1.0879,-1.1098,9.7138,-1.1188,-1.1018,9.6923,-1.1334,-1.1056,9.7392,-1.1445,-1.1141,9.8254,-1.1444,-1.1136,9.8169,-0.3589,-0.0779,4.8842,-0.7692,-0.2431,6.6040,-0.9916,-1.0768,9.8943
